account,is_mule,layer,ring_id,victim_account
910000000001,False,none,-1,
910000000002,False,none,-1,
910000000003,False,none,-1,
910000000004,False,none,-1,
910000000005,False,none,-1,
910000000006,False,none,-1,
910000000007,False,none,-1,
910000000008,False,none,-1,
910000000009,False,none,-1,
910000000010,False,none,-1,
910000000011,False,none,-1,
910000000012,False,none,-1,
910000000013,False,none,-1,
910000000014,False,none,-1,
910000000015,False,none,-1,
910000000016,False,none,-1,
910000000017,False,none,-1,
910000000018,False,none,-1,
910000000019,False,none,-1,
910000000020,False,none,-1,
910000000021,False,none,-1,
910000000022,False,none,-1,
910000000023,False,none,-1,
910000000024,False,none,-1,
910000000025,False,none,-1,
910000000026,False,none,-1,
910000000027,False,none,-1,
910000000028,False,none,-1,
910000000029,False,none,-1,
910000000030,False,none,-1,
910000000031,False,none,-1,
910000000032,False,none,-1,
910000000033,False,none,-1,
910000000034,False,none,-1,
910000000035,True,L3,30,910000002311
910000000036,False,none,-1,
910000000037,False,none,-1,
910000000038,False,none,-1,
910000000039,False,none,-1,
910000000040,False,none,-1,
910000000041,False,none,-1,
910000000042,False,none,-1,
910000000043,False,none,-1,
910000000044,False,none,-1,
910000000045,False,none,-1,
910000000046,False,none,-1,
910000000047,False,none,-1,
910000000048,False,none,-1,
910000000049,False,none,-1,
910000000050,False,none,-1,
910000000051,False,none,-1,
910000000052,False,none,-1,
910000000053,True,L3,35,910000016466
910000000054,False,none,-1,
910000000055,False,none,-1,
910000000056,False,none,-1,
910000000057,False,none,-1,
910000000058,False,none,-1,
910000000059,False,none,-1,
910000000060,False,none,-1,
910000000061,False,none,-1,
910000000062,False,none,-1,
910000000063,False,none,-1,
910000000064,False,none,-1,
910000000065,False,none,-1,
910000000066,False,none,-1,
910000000067,False,none,-1,
910000000068,False,none,-1,
910000000069,False,none,-1,
910000000070,False,none,-1,
910000000071,False,none,-1,
910000000072,False,none,-1,
910000000073,False,none,-1,
910000000074,False,none,-1,
910000000075,False,none,-1,
910000000076,True,L2,30,910000002311
910000000077,False,none,-1,
910000000078,False,none,-1,
910000000079,False,none,-1,
910000000080,False,none,-1,
910000000081,False,none,-1,
910000000082,False,none,-1,
910000000083,False,none,-1,
910000000084,False,none,-1,
910000000085,False,none,-1,
910000000086,False,none,-1,
910000000087,False,none,-1,
910000000088,False,none,-1,
910000000089,False,none,-1,
910000000090,False,none,-1,
910000000091,False,none,-1,
910000000092,True,L3,92,910000021432
910000000093,False,none,-1,
910000000094,False,none,-1,
910000000095,False,none,-1,
910000000096,False,none,-1,
910000000097,False,none,-1,
910000000098,False,none,-1,
910000000099,False,none,-1,
910000000100,True,L2,26,910000012293
910000000101,False,none,-1,
910000000102,False,none,-1,
910000000103,False,none,-1,
910000000104,False,none,-1,
910000000105,False,none,-1,
910000000106,False,none,-1,
910000000107,False,none,-1,
910000000108,False,none,-1,
910000000109,False,none,-1,
910000000110,False,none,-1,
910000000111,False,none,-1,
910000000112,False,none,-1,
910000000113,False,none,-1,
910000000114,False,none,-1,
910000000115,False,none,-1,
910000000116,False,none,-1,
910000000117,False,none,-1,
910000000118,False,none,-1,
910000000119,False,none,-1,
910000000120,True,L2,95,910000000158
910000000121,False,none,-1,
910000000122,False,none,-1,
910000000123,False,none,-1,
910000000124,False,none,-1,
910000000125,False,none,-1,
910000000126,False,none,-1,
910000000127,False,none,-1,
910000000128,True,L1,74,910000002855
910000000129,False,none,-1,
910000000130,False,none,-1,
910000000131,False,none,-1,
910000000132,False,none,-1,
910000000133,False,none,-1,
910000000134,False,none,-1,
910000000135,True,L2,89,910000024063
910000000136,False,none,-1,
910000000137,False,none,-1,
910000000138,False,none,-1,
910000000139,False,none,-1,
910000000140,False,none,-1,
910000000141,False,none,-1,
910000000142,False,none,-1,
910000000143,False,none,-1,
910000000144,False,none,-1,
910000000145,False,none,-1,
910000000146,False,none,-1,
910000000147,True,L3,90,910000002815
910000000148,True,L2,48,910000019036
910000000149,False,none,-1,
910000000150,False,none,-1,
910000000151,False,none,-1,
910000000152,False,none,-1,
910000000153,False,none,-1,
910000000154,False,none,-1,
910000000155,False,none,-1,
910000000156,False,none,-1,
910000000157,False,none,-1,
910000000158,False,none,-1,
910000000159,False,none,-1,
910000000160,False,none,-1,
910000000161,False,none,-1,
910000000162,False,none,-1,
910000000163,False,none,-1,
910000000164,False,none,-1,
910000000165,False,none,-1,
910000000166,False,none,-1,
910000000167,False,none,-1,
910000000168,True,L3,95,910000000158
910000000169,False,none,-1,
910000000170,False,none,-1,
910000000171,False,none,-1,
910000000172,False,none,-1,
910000000173,False,none,-1,
910000000174,False,none,-1,
910000000175,False,none,-1,
910000000176,False,none,-1,
910000000177,False,none,-1,
910000000178,False,none,-1,
910000000179,False,none,-1,
910000000180,False,none,-1,
910000000181,True,L2,98,910000006246
910000000182,False,none,-1,
910000000183,False,none,-1,
910000000184,False,none,-1,
910000000185,False,none,-1,
910000000186,False,none,-1,
910000000187,False,none,-1,
910000000188,False,none,-1,
910000000189,False,none,-1,
910000000190,False,none,-1,
910000000191,False,none,-1,
910000000192,False,none,-1,
910000000193,False,none,-1,
910000000194,False,none,-1,
910000000195,True,L2,37,910000010112
910000000196,False,none,-1,
910000000197,False,none,-1,
910000000198,False,none,-1,
910000000199,False,none,-1,
910000000200,True,L3,46,910000001459
910000000201,False,none,-1,
910000000202,False,none,-1,
910000000203,False,none,-1,
910000000204,False,none,-1,
910000000205,False,none,-1,
910000000206,False,none,-1,
910000000207,False,none,-1,
910000000208,False,none,-1,
910000000209,False,none,-1,
910000000210,False,none,-1,
910000000211,True,L3,84,910000003083
910000000212,False,none,-1,
910000000213,False,none,-1,
910000000214,False,none,-1,
910000000215,False,none,-1,
910000000216,False,none,-1,
910000000217,False,none,-1,
910000000218,True,L2,86,910000022980
910000000219,False,none,-1,
910000000220,False,none,-1,
910000000221,False,none,-1,
910000000222,True,L1,70,910000003386
910000000223,False,none,-1,
910000000224,False,none,-1,
910000000225,False,none,-1,
910000000226,False,none,-1,
910000000227,False,none,-1,
910000000228,False,none,-1,
910000000229,False,none,-1,
910000000230,False,none,-1,
910000000231,True,L2,38,910000011933
910000000232,False,none,-1,
910000000233,False,none,-1,
910000000234,False,none,-1,
910000000235,False,none,-1,
910000000236,False,none,-1,
910000000237,False,none,-1,
910000000238,False,none,-1,
910000000239,False,none,-1,
910000000240,False,none,-1,
910000000241,False,none,-1,
910000000242,False,none,-1,
910000000243,False,none,-1,
910000000244,False,none,-1,
910000000245,False,none,-1,
910000000246,False,none,-1,
910000000247,False,none,-1,
910000000248,True,L3,96,910000022031
910000000249,False,none,-1,
910000000250,False,none,-1,
910000000251,True,L3,28,910000002949
910000000252,False,none,-1,
910000000253,False,none,-1,
910000000254,False,none,-1,
910000000255,False,none,-1,
910000000256,False,none,-1,
910000000257,False,none,-1,
910000000258,False,none,-1,
910000000259,False,none,-1,
910000000260,True,L1,24,910000015900
910000000261,False,none,-1,
910000000262,False,none,-1,
910000000263,False,none,-1,
910000000264,False,none,-1,
910000000265,False,none,-1,
910000000266,False,none,-1,
910000000267,False,none,-1,
910000000268,False,none,-1,
910000000269,False,none,-1,
910000000270,False,none,-1,
910000000271,False,none,-1,
910000000272,False,none,-1,
910000000273,False,none,-1,
910000000274,False,none,-1,
910000000275,False,none,-1,
910000000276,False,none,-1,
910000000277,False,none,-1,
910000000278,False,none,-1,
910000000279,False,none,-1,
910000000280,False,none,-1,
910000000281,True,L1,41,910000005164
910000000282,False,none,-1,
910000000283,False,none,-1,
910000000284,True,L2,20,910000005298
910000000285,False,none,-1,
910000000286,False,none,-1,
910000000287,False,none,-1,
910000000288,False,none,-1,
910000000289,False,none,-1,
910000000290,False,none,-1,
910000000291,False,none,-1,
910000000292,False,none,-1,
910000000293,False,none,-1,
910000000294,False,none,-1,
910000000295,False,none,-1,
910000000296,False,none,-1,
910000000297,False,none,-1,
910000000298,False,none,-1,
910000000299,False,none,-1,
910000000300,False,none,-1,
910000000301,False,none,-1,
910000000302,False,none,-1,
910000000303,False,none,-1,
910000000304,False,none,-1,
910000000305,False,none,-1,
910000000306,False,none,-1,
910000000307,False,none,-1,
910000000308,False,none,-1,
910000000309,False,none,-1,
910000000310,False,none,-1,
910000000311,False,none,-1,
910000000312,False,none,-1,
910000000313,True,L3,55,910000001567
910000000314,False,none,-1,
910000000315,False,none,-1,
910000000316,False,none,-1,
910000000317,False,none,-1,
910000000318,False,none,-1,
910000000319,False,none,-1,
910000000320,False,none,-1,
910000000321,False,none,-1,
910000000322,False,none,-1,
910000000323,False,none,-1,
910000000324,True,L1,13,910000002736
910000000325,False,none,-1,
910000000326,False,none,-1,
910000000327,False,none,-1,
910000000328,False,none,-1,
910000000329,False,none,-1,
910000000330,False,none,-1,
910000000331,False,none,-1,
910000000332,False,none,-1,
910000000333,False,none,-1,
910000000334,False,none,-1,
910000000335,False,none,-1,
910000000336,False,none,-1,
910000000337,False,none,-1,
910000000338,False,none,-1,
910000000339,False,none,-1,
910000000340,False,none,-1,
910000000341,False,none,-1,
910000000342,False,none,-1,
910000000343,False,none,-1,
910000000344,False,none,-1,
910000000345,False,none,-1,
910000000346,False,none,-1,
910000000347,True,L2,28,910000002949
910000000348,False,none,-1,
910000000349,False,none,-1,
910000000350,False,none,-1,
910000000351,False,none,-1,
910000000352,False,none,-1,
910000000353,False,none,-1,
910000000354,False,none,-1,
910000000355,False,none,-1,
910000000356,False,none,-1,
910000000357,False,none,-1,
910000000358,False,none,-1,
910000000359,False,none,-1,
910000000360,False,none,-1,
910000000361,False,none,-1,
910000000362,False,none,-1,
910000000363,False,none,-1,
910000000364,False,none,-1,
910000000365,False,none,-1,
910000000366,False,none,-1,
910000000367,False,none,-1,
910000000368,False,none,-1,
910000000369,False,none,-1,
910000000370,False,none,-1,
910000000371,False,none,-1,
910000000372,False,none,-1,
910000000373,False,none,-1,
910000000374,False,none,-1,
910000000375,False,none,-1,
910000000376,False,none,-1,
910000000377,False,none,-1,
910000000378,False,none,-1,
910000000379,False,none,-1,
910000000380,False,none,-1,
910000000381,False,none,-1,
910000000382,False,none,-1,
910000000383,False,none,-1,
910000000384,False,none,-1,
910000000385,False,none,-1,
910000000386,False,none,-1,
910000000387,False,none,-1,
910000000388,False,none,-1,
910000000389,False,none,-1,
910000000390,False,none,-1,
910000000391,False,none,-1,
910000000392,False,none,-1,
910000000393,False,none,-1,
910000000394,False,none,-1,
910000000395,False,none,-1,
910000000396,False,none,-1,
910000000397,False,none,-1,
910000000398,True,L3,15,910000017309
910000000399,False,none,-1,
910000000400,False,none,-1,
910000000401,False,none,-1,
910000000402,False,none,-1,
910000000403,False,none,-1,
910000000404,False,none,-1,
910000000405,False,none,-1,
910000000406,False,none,-1,
910000000407,False,none,-1,
910000000408,False,none,-1,
910000000409,False,none,-1,
910000000410,False,none,-1,
910000000411,False,none,-1,
910000000412,False,none,-1,
910000000413,False,none,-1,
910000000414,False,none,-1,
910000000415,False,none,-1,
910000000416,False,none,-1,
910000000417,False,none,-1,
910000000418,False,none,-1,
910000000419,False,none,-1,
910000000420,False,none,-1,
910000000421,False,none,-1,
910000000422,False,none,-1,
910000000423,False,none,-1,
910000000424,True,L3,1,910000024661
910000000425,False,none,-1,
910000000426,False,none,-1,
910000000427,False,none,-1,
910000000428,False,none,-1,
910000000429,True,L2,40,910000020852
910000000430,False,none,-1,
910000000431,False,none,-1,
910000000432,False,none,-1,
910000000433,False,none,-1,
910000000434,False,none,-1,
910000000435,False,none,-1,
910000000436,False,none,-1,
910000000437,False,none,-1,
910000000438,False,none,-1,
910000000439,True,L3,64,910000005320
910000000440,False,none,-1,
910000000441,False,none,-1,
910000000442,False,none,-1,
910000000443,False,none,-1,
910000000444,False,none,-1,
910000000445,False,none,-1,
910000000446,False,none,-1,
910000000447,False,none,-1,
910000000448,True,L2,93,910000005922
910000000449,False,none,-1,
910000000450,False,none,-1,
910000000451,False,none,-1,
910000000452,False,none,-1,
910000000453,False,none,-1,
910000000454,False,none,-1,
910000000455,False,none,-1,
910000000456,False,none,-1,
910000000457,False,none,-1,
910000000458,False,none,-1,
910000000459,False,none,-1,
910000000460,False,none,-1,
910000000461,False,none,-1,
910000000462,False,none,-1,
910000000463,False,none,-1,
910000000464,False,none,-1,
910000000465,False,none,-1,
910000000466,False,none,-1,
910000000467,False,none,-1,
910000000468,False,none,-1,
910000000469,False,none,-1,
910000000470,True,L3,98,910000006246
910000000471,False,none,-1,
910000000472,False,none,-1,
910000000473,False,none,-1,
910000000474,False,none,-1,
910000000475,False,none,-1,
910000000476,False,none,-1,
910000000477,False,none,-1,
910000000478,False,none,-1,
910000000479,False,none,-1,
910000000480,False,none,-1,
910000000481,False,none,-1,
910000000482,False,none,-1,
910000000483,False,none,-1,
910000000484,False,none,-1,
910000000485,False,none,-1,
910000000486,False,none,-1,
910000000487,False,none,-1,
910000000488,False,none,-1,
910000000489,False,none,-1,
910000000490,False,none,-1,
910000000491,False,none,-1,
910000000492,False,none,-1,
910000000493,False,none,-1,
910000000494,False,none,-1,
910000000495,False,none,-1,
910000000496,False,none,-1,
910000000497,False,none,-1,
910000000498,False,none,-1,
910000000499,False,none,-1,
910000000500,False,none,-1,
910000000501,False,none,-1,
910000000502,True,L3,38,910000011933
910000000503,False,none,-1,
910000000504,True,L1,76,910000011433
910000000505,False,none,-1,
910000000506,False,none,-1,
910000000507,False,none,-1,
910000000508,False,none,-1,
910000000509,False,none,-1,
910000000510,False,none,-1,
910000000511,False,none,-1,
910000000512,False,none,-1,
910000000513,True,L2,47,910000014570
910000000514,False,none,-1,
910000000515,False,none,-1,
910000000516,False,none,-1,
910000000517,True,L1,16,910000008831
910000000518,False,none,-1,
910000000519,False,none,-1,
910000000520,False,none,-1,
910000000521,True,L2,63,910000019535
910000000522,False,none,-1,
910000000523,False,none,-1,
910000000524,False,none,-1,
910000000525,False,none,-1,
910000000526,False,none,-1,
910000000527,False,none,-1,
910000000528,False,none,-1,
910000000529,False,none,-1,
910000000530,False,none,-1,
910000000531,False,none,-1,
910000000532,False,none,-1,
910000000533,False,none,-1,
910000000534,False,none,-1,
910000000535,False,none,-1,
910000000536,False,none,-1,
910000000537,True,L3,10,910000002246
910000000538,False,none,-1,
910000000539,True,L1,68,910000023712
910000000540,False,none,-1,
910000000541,False,none,-1,
910000000542,False,none,-1,
910000000543,False,none,-1,
910000000544,False,none,-1,
910000000545,False,none,-1,
910000000546,False,none,-1,
910000000547,False,none,-1,
910000000548,False,none,-1,
910000000549,False,none,-1,
910000000550,False,none,-1,
910000000551,True,L3,62,910000013403
910000000552,False,none,-1,
910000000553,False,none,-1,
910000000554,False,none,-1,
910000000555,False,none,-1,
910000000556,False,none,-1,
910000000557,False,none,-1,
910000000558,False,none,-1,
910000000559,False,none,-1,
910000000560,False,none,-1,
910000000561,False,none,-1,
910000000562,False,none,-1,
910000000563,False,none,-1,
910000000564,False,none,-1,
910000000565,False,none,-1,
910000000566,False,none,-1,
910000000567,False,none,-1,
910000000568,False,none,-1,
910000000569,False,none,-1,
910000000570,False,none,-1,
910000000571,False,none,-1,
910000000572,False,none,-1,
910000000573,False,none,-1,
910000000574,False,none,-1,
910000000575,False,none,-1,
910000000576,False,none,-1,
910000000577,False,none,-1,
910000000578,False,none,-1,
910000000579,False,none,-1,
910000000580,False,none,-1,
910000000581,False,none,-1,
910000000582,False,none,-1,
910000000583,False,none,-1,
910000000584,False,none,-1,
910000000585,False,none,-1,
910000000586,False,none,-1,
910000000587,False,none,-1,
910000000588,False,none,-1,
910000000589,False,none,-1,
910000000590,False,none,-1,
910000000591,False,none,-1,
910000000592,False,none,-1,
910000000593,False,none,-1,
910000000594,False,none,-1,
910000000595,False,none,-1,
910000000596,False,none,-1,
910000000597,False,none,-1,
910000000598,False,none,-1,
910000000599,False,none,-1,
910000000600,False,none,-1,
910000000601,False,none,-1,
910000000602,False,none,-1,
910000000603,False,none,-1,
910000000604,False,none,-1,
910000000605,False,none,-1,
910000000606,False,none,-1,
910000000607,False,none,-1,
910000000608,False,none,-1,
910000000609,False,none,-1,
910000000610,False,none,-1,
910000000611,False,none,-1,
910000000612,False,none,-1,
910000000613,False,none,-1,
910000000614,False,none,-1,
910000000615,False,none,-1,
910000000616,False,none,-1,
910000000617,False,none,-1,
910000000618,False,none,-1,
910000000619,False,none,-1,
910000000620,False,none,-1,
910000000621,False,none,-1,
910000000622,False,none,-1,
910000000623,False,none,-1,
910000000624,False,none,-1,
910000000625,False,none,-1,
910000000626,False,none,-1,
910000000627,True,L2,22,910000010458
910000000628,False,none,-1,
910000000629,False,none,-1,
910000000630,False,none,-1,
910000000631,False,none,-1,
910000000632,False,none,-1,
910000000633,False,none,-1,
910000000634,False,none,-1,
910000000635,False,none,-1,
910000000636,False,none,-1,
910000000637,False,none,-1,
910000000638,False,none,-1,
910000000639,False,none,-1,
910000000640,False,none,-1,
910000000641,True,L1,42,910000012324
910000000642,False,none,-1,
910000000643,False,none,-1,
910000000644,False,none,-1,
910000000645,False,none,-1,
910000000646,False,none,-1,
910000000647,False,none,-1,
910000000648,False,none,-1,
910000000649,False,none,-1,
910000000650,True,L1,86,910000022980
910000000651,False,none,-1,
910000000652,False,none,-1,
910000000653,False,none,-1,
910000000654,False,none,-1,
910000000655,False,none,-1,
910000000656,False,none,-1,
910000000657,False,none,-1,
910000000658,False,none,-1,
910000000659,False,none,-1,
910000000660,False,none,-1,
910000000661,False,none,-1,
910000000662,False,none,-1,
910000000663,False,none,-1,
910000000664,False,none,-1,
910000000665,False,none,-1,
910000000666,False,none,-1,
910000000667,False,none,-1,
910000000668,False,none,-1,
910000000669,False,none,-1,
910000000670,False,none,-1,
910000000671,False,none,-1,
910000000672,False,none,-1,
910000000673,False,none,-1,
910000000674,False,none,-1,
910000000675,False,none,-1,
910000000676,False,none,-1,
910000000677,False,none,-1,
910000000678,False,none,-1,
910000000679,False,none,-1,
910000000680,False,none,-1,
910000000681,False,none,-1,
910000000682,True,L2,66,910000009406
910000000683,False,none,-1,
910000000684,False,none,-1,
910000000685,False,none,-1,
910000000686,False,none,-1,
910000000687,False,none,-1,
910000000688,False,none,-1,
910000000689,False,none,-1,
910000000690,False,none,-1,
910000000691,False,none,-1,
910000000692,False,none,-1,
910000000693,False,none,-1,
910000000694,False,none,-1,
910000000695,False,none,-1,
910000000696,False,none,-1,
910000000697,False,none,-1,
910000000698,False,none,-1,
910000000699,False,none,-1,
910000000700,False,none,-1,
910000000701,False,none,-1,
910000000702,False,none,-1,
910000000703,False,none,-1,
910000000704,False,none,-1,
910000000705,False,none,-1,
910000000706,False,none,-1,
910000000707,False,none,-1,
910000000708,False,none,-1,
910000000709,False,none,-1,
910000000710,False,none,-1,
910000000711,False,none,-1,
910000000712,False,none,-1,
910000000713,False,none,-1,
910000000714,False,none,-1,
910000000715,False,none,-1,
910000000716,False,none,-1,
910000000717,False,none,-1,
910000000718,False,none,-1,
910000000719,True,L3,28,910000002949
910000000720,False,none,-1,
910000000721,False,none,-1,
910000000722,False,none,-1,
910000000723,False,none,-1,
910000000724,False,none,-1,
910000000725,False,none,-1,
910000000726,False,none,-1,
910000000727,False,none,-1,
910000000728,False,none,-1,
910000000729,False,none,-1,
910000000730,False,none,-1,
910000000731,False,none,-1,
910000000732,False,none,-1,
910000000733,False,none,-1,
910000000734,True,L2,3,910000005391
910000000735,False,none,-1,
910000000736,False,none,-1,
910000000737,False,none,-1,
910000000738,False,none,-1,
910000000739,False,none,-1,
910000000740,False,none,-1,
910000000741,False,none,-1,
910000000742,False,none,-1,
910000000743,False,none,-1,
910000000744,False,none,-1,
910000000745,False,none,-1,
910000000746,False,none,-1,
910000000747,False,none,-1,
910000000748,False,none,-1,
910000000749,True,L3,94,910000014634
910000000750,False,none,-1,
910000000751,False,none,-1,
910000000752,False,none,-1,
910000000753,True,L3,45,910000024669
910000000754,False,none,-1,
910000000755,False,none,-1,
910000000756,False,none,-1,
910000000757,False,none,-1,
910000000758,False,none,-1,
910000000759,False,none,-1,
910000000760,False,none,-1,
910000000761,False,none,-1,
910000000762,False,none,-1,
910000000763,False,none,-1,
910000000764,False,none,-1,
910000000765,False,none,-1,
910000000766,False,none,-1,
910000000767,False,none,-1,
910000000768,False,none,-1,
910000000769,False,none,-1,
910000000770,False,none,-1,
910000000771,False,none,-1,
910000000772,False,none,-1,
910000000773,False,none,-1,
910000000774,False,none,-1,
910000000775,False,none,-1,
910000000776,True,L3,98,910000006246
910000000777,False,none,-1,
910000000778,False,none,-1,
910000000779,False,none,-1,
910000000780,False,none,-1,
910000000781,False,none,-1,
910000000782,False,none,-1,
910000000783,False,none,-1,
910000000784,False,none,-1,
910000000785,False,none,-1,
910000000786,False,none,-1,
910000000787,False,none,-1,
910000000788,False,none,-1,
910000000789,False,none,-1,
910000000790,False,none,-1,
910000000791,False,none,-1,
910000000792,False,none,-1,
910000000793,False,none,-1,
910000000794,False,none,-1,
910000000795,False,none,-1,
910000000796,False,none,-1,
910000000797,False,none,-1,
910000000798,False,none,-1,
910000000799,False,none,-1,
910000000800,False,none,-1,
910000000801,False,none,-1,
910000000802,False,none,-1,
910000000803,False,none,-1,
910000000804,False,none,-1,
910000000805,False,none,-1,
910000000806,False,none,-1,
910000000807,False,none,-1,
910000000808,False,none,-1,
910000000809,False,none,-1,
910000000810,False,none,-1,
910000000811,False,none,-1,
910000000812,False,none,-1,
910000000813,False,none,-1,
910000000814,False,none,-1,
910000000815,False,none,-1,
910000000816,False,none,-1,
910000000817,False,none,-1,
910000000818,False,none,-1,
910000000819,False,none,-1,
910000000820,True,L3,91,910000015936
910000000821,False,none,-1,
910000000822,False,none,-1,
910000000823,False,none,-1,
910000000824,False,none,-1,
910000000825,False,none,-1,
910000000826,False,none,-1,
910000000827,False,none,-1,
910000000828,False,none,-1,
910000000829,True,L3,77,910000004550
910000000830,False,none,-1,
910000000831,False,none,-1,
910000000832,False,none,-1,
910000000833,False,none,-1,
910000000834,False,none,-1,
910000000835,False,none,-1,
910000000836,False,none,-1,
910000000837,False,none,-1,
910000000838,False,none,-1,
910000000839,False,none,-1,
910000000840,False,none,-1,
910000000841,False,none,-1,
910000000842,False,none,-1,
910000000843,False,none,-1,
910000000844,False,none,-1,
910000000845,False,none,-1,
910000000846,False,none,-1,
910000000847,False,none,-1,
910000000848,False,none,-1,
910000000849,False,none,-1,
910000000850,False,none,-1,
910000000851,False,none,-1,
910000000852,False,none,-1,
910000000853,True,L2,18,910000003772
910000000854,False,none,-1,
910000000855,False,none,-1,
910000000856,False,none,-1,
910000000857,False,none,-1,
910000000858,False,none,-1,
910000000859,False,none,-1,
910000000860,False,none,-1,
910000000861,False,none,-1,
910000000862,False,none,-1,
910000000863,False,none,-1,
910000000864,False,none,-1,
910000000865,False,none,-1,
910000000866,False,none,-1,
910000000867,True,L2,5,910000013728
910000000868,False,none,-1,
910000000869,False,none,-1,
910000000870,False,none,-1,
910000000871,False,none,-1,
910000000872,False,none,-1,
910000000873,False,none,-1,
910000000874,True,L3,71,910000012327
910000000875,False,none,-1,
910000000876,False,none,-1,
910000000877,False,none,-1,
910000000878,False,none,-1,
910000000879,False,none,-1,
910000000880,False,none,-1,
910000000881,False,none,-1,
910000000882,False,none,-1,
910000000883,False,none,-1,
910000000884,False,none,-1,
910000000885,False,none,-1,
910000000886,False,none,-1,
910000000887,False,none,-1,
910000000888,False,none,-1,
910000000889,False,none,-1,
910000000890,False,none,-1,
910000000891,False,none,-1,
910000000892,False,none,-1,
910000000893,False,none,-1,
910000000894,False,none,-1,
910000000895,False,none,-1,
910000000896,False,none,-1,
910000000897,False,none,-1,
910000000898,False,none,-1,
910000000899,False,none,-1,
910000000900,False,none,-1,
910000000901,False,none,-1,
910000000902,False,none,-1,
910000000903,False,none,-1,
910000000904,False,none,-1,
910000000905,False,none,-1,
910000000906,False,none,-1,
910000000907,False,none,-1,
910000000908,False,none,-1,
910000000909,False,none,-1,
910000000910,False,none,-1,
910000000911,False,none,-1,
910000000912,False,none,-1,
910000000913,False,none,-1,
910000000914,False,none,-1,
910000000915,False,none,-1,
910000000916,False,none,-1,
910000000917,False,none,-1,
910000000918,False,none,-1,
910000000919,False,none,-1,
910000000920,False,none,-1,
910000000921,False,none,-1,
910000000922,False,none,-1,
910000000923,False,none,-1,
910000000924,False,none,-1,
910000000925,False,none,-1,
910000000926,False,none,-1,
910000000927,False,none,-1,
910000000928,False,none,-1,
910000000929,True,L1,77,910000004550
910000000930,False,none,-1,
910000000931,False,none,-1,
910000000932,False,none,-1,
910000000933,False,none,-1,
910000000934,False,none,-1,
910000000935,False,none,-1,
910000000936,False,none,-1,
910000000937,False,none,-1,
910000000938,False,none,-1,
910000000939,False,none,-1,
910000000940,False,none,-1,
910000000941,False,none,-1,
910000000942,False,none,-1,
910000000943,False,none,-1,
910000000944,True,L3,92,910000021432
910000000945,False,none,-1,
910000000946,False,none,-1,
910000000947,False,none,-1,
910000000948,False,none,-1,
910000000949,False,none,-1,
910000000950,False,none,-1,
910000000951,False,none,-1,
910000000952,False,none,-1,
910000000953,False,none,-1,
910000000954,False,none,-1,
910000000955,False,none,-1,
910000000956,False,none,-1,
910000000957,False,none,-1,
910000000958,False,none,-1,
910000000959,False,none,-1,
910000000960,True,L2,12,910000020672
910000000961,False,none,-1,
910000000962,False,none,-1,
910000000963,False,none,-1,
910000000964,True,L3,21,910000024175
910000000965,True,L2,75,910000008084
910000000966,False,none,-1,
910000000967,False,none,-1,
910000000968,False,none,-1,
910000000969,False,none,-1,
910000000970,False,none,-1,
910000000971,True,L3,83,910000004010
910000000972,False,none,-1,
910000000973,False,none,-1,
910000000974,False,none,-1,
910000000975,False,none,-1,
910000000976,False,none,-1,
910000000977,False,none,-1,
910000000978,False,none,-1,
910000000979,False,none,-1,
910000000980,False,none,-1,
910000000981,False,none,-1,
910000000982,False,none,-1,
910000000983,False,none,-1,
910000000984,False,none,-1,
910000000985,False,none,-1,
910000000986,False,none,-1,
910000000987,False,none,-1,
910000000988,False,none,-1,
910000000989,False,none,-1,
910000000990,False,none,-1,
910000000991,False,none,-1,
910000000992,False,none,-1,
910000000993,False,none,-1,
910000000994,False,none,-1,
910000000995,False,none,-1,
910000000996,False,none,-1,
910000000997,True,L2,59,910000017341
910000000998,False,none,-1,
910000000999,False,none,-1,
910000001000,False,none,-1,
910000001001,False,none,-1,
910000001002,False,none,-1,
910000001003,False,none,-1,
910000001004,False,none,-1,
910000001005,False,none,-1,
910000001006,False,none,-1,
910000001007,False,none,-1,
910000001008,False,none,-1,
910000001009,False,none,-1,
910000001010,True,L3,84,910000003083
910000001011,False,none,-1,
910000001012,False,none,-1,
910000001013,False,none,-1,
910000001014,False,none,-1,
910000001015,False,none,-1,
910000001016,False,none,-1,
910000001017,False,none,-1,
910000001018,False,none,-1,
910000001019,False,none,-1,
910000001020,False,none,-1,
910000001021,False,none,-1,
910000001022,False,none,-1,
910000001023,False,none,-1,
910000001024,False,none,-1,
910000001025,False,none,-1,
910000001026,False,none,-1,
910000001027,False,none,-1,
910000001028,False,none,-1,
910000001029,False,none,-1,
910000001030,False,none,-1,
910000001031,False,none,-1,
910000001032,False,none,-1,
910000001033,False,none,-1,
910000001034,False,none,-1,
910000001035,False,none,-1,
910000001036,False,none,-1,
910000001037,False,none,-1,
910000001038,False,none,-1,
910000001039,False,none,-1,
910000001040,False,none,-1,
910000001041,False,none,-1,
910000001042,False,none,-1,
910000001043,False,none,-1,
910000001044,False,none,-1,
910000001045,False,none,-1,
910000001046,False,none,-1,
910000001047,False,none,-1,
910000001048,False,none,-1,
910000001049,False,none,-1,
910000001050,False,none,-1,
910000001051,False,none,-1,
910000001052,False,none,-1,
910000001053,True,L3,46,910000001459
910000001054,False,none,-1,
910000001055,False,none,-1,
910000001056,False,none,-1,
910000001057,True,L2,17,910000009375
910000001058,False,none,-1,
910000001059,False,none,-1,
910000001060,False,none,-1,
910000001061,False,none,-1,
910000001062,False,none,-1,
910000001063,False,none,-1,
910000001064,True,L2,92,910000021432
910000001065,False,none,-1,
910000001066,False,none,-1,
910000001067,False,none,-1,
910000001068,False,none,-1,
910000001069,False,none,-1,
910000001070,False,none,-1,
910000001071,False,none,-1,
910000001072,False,none,-1,
910000001073,False,none,-1,
910000001074,False,none,-1,
910000001075,False,none,-1,
910000001076,False,none,-1,
910000001077,False,none,-1,
910000001078,False,none,-1,
910000001079,False,none,-1,
910000001080,False,none,-1,
910000001081,False,none,-1,
910000001082,False,none,-1,
910000001083,False,none,-1,
910000001084,False,none,-1,
910000001085,False,none,-1,
910000001086,False,none,-1,
910000001087,False,none,-1,
910000001088,True,L1,72,910000017637
910000001089,False,none,-1,
910000001090,False,none,-1,
910000001091,False,none,-1,
910000001092,False,none,-1,
910000001093,False,none,-1,
910000001094,False,none,-1,
910000001095,False,none,-1,
910000001096,False,none,-1,
910000001097,False,none,-1,
910000001098,False,none,-1,
910000001099,False,none,-1,
910000001100,False,none,-1,
910000001101,False,none,-1,
910000001102,False,none,-1,
910000001103,False,none,-1,
910000001104,True,L1,22,910000010458
910000001105,False,none,-1,
910000001106,False,none,-1,
910000001107,False,none,-1,
910000001108,False,none,-1,
910000001109,True,L3,70,910000003386
910000001110,False,none,-1,
910000001111,False,none,-1,
910000001112,False,none,-1,
910000001113,False,none,-1,
910000001114,True,L2,62,910000013403
910000001115,True,L2,39,910000001087
910000001116,False,none,-1,
910000001117,False,none,-1,
910000001118,False,none,-1,
910000001119,False,none,-1,
910000001120,False,none,-1,
910000001121,False,none,-1,
910000001122,False,none,-1,
910000001123,True,L1,49,910000014166
910000001124,False,none,-1,
910000001125,False,none,-1,
910000001126,False,none,-1,
910000001127,False,none,-1,
910000001128,False,none,-1,
910000001129,False,none,-1,
910000001130,False,none,-1,
910000001131,False,none,-1,
910000001132,False,none,-1,
910000001133,False,none,-1,
910000001134,False,none,-1,
910000001135,False,none,-1,
910000001136,False,none,-1,
910000001137,False,none,-1,
910000001138,False,none,-1,
910000001139,False,none,-1,
910000001140,False,none,-1,
910000001141,False,none,-1,
910000001142,False,none,-1,
910000001143,False,none,-1,
910000001144,False,none,-1,
910000001145,False,none,-1,
910000001146,False,none,-1,
910000001147,False,none,-1,
910000001148,True,L2,30,910000002311
910000001149,False,none,-1,
910000001150,False,none,-1,
910000001151,False,none,-1,
910000001152,False,none,-1,
910000001153,False,none,-1,
910000001154,False,none,-1,
910000001155,False,none,-1,
910000001156,False,none,-1,
910000001157,False,none,-1,
910000001158,False,none,-1,
910000001159,False,none,-1,
910000001160,False,none,-1,
910000001161,False,none,-1,
910000001162,False,none,-1,
910000001163,False,none,-1,
910000001164,False,none,-1,
910000001165,False,none,-1,
910000001166,False,none,-1,
910000001167,False,none,-1,
910000001168,False,none,-1,
910000001169,False,none,-1,
910000001170,False,none,-1,
910000001171,False,none,-1,
910000001172,False,none,-1,
910000001173,False,none,-1,
910000001174,False,none,-1,
910000001175,False,none,-1,
910000001176,False,none,-1,
910000001177,False,none,-1,
910000001178,False,none,-1,
910000001179,False,none,-1,
910000001180,False,none,-1,
910000001181,False,none,-1,
910000001182,False,none,-1,
910000001183,False,none,-1,
910000001184,False,none,-1,
910000001185,False,none,-1,
910000001186,False,none,-1,
910000001187,False,none,-1,
910000001188,False,none,-1,
910000001189,False,none,-1,
910000001190,False,none,-1,
910000001191,True,L2,47,910000014570
910000001192,False,none,-1,
910000001193,False,none,-1,
910000001194,False,none,-1,
910000001195,False,none,-1,
910000001196,False,none,-1,
910000001197,False,none,-1,
910000001198,False,none,-1,
910000001199,False,none,-1,
910000001200,False,none,-1,
910000001201,False,none,-1,
910000001202,True,L3,15,910000017309
910000001203,True,L1,48,910000019036
910000001204,False,none,-1,
910000001205,False,none,-1,
910000001206,False,none,-1,
910000001207,False,none,-1,
910000001208,False,none,-1,
910000001209,False,none,-1,
910000001210,False,none,-1,
910000001211,False,none,-1,
910000001212,False,none,-1,
910000001213,False,none,-1,
910000001214,False,none,-1,
910000001215,False,none,-1,
910000001216,False,none,-1,
910000001217,False,none,-1,
910000001218,False,none,-1,
910000001219,False,none,-1,
910000001220,False,none,-1,
910000001221,False,none,-1,
910000001222,False,none,-1,
910000001223,False,none,-1,
910000001224,False,none,-1,
910000001225,False,none,-1,
910000001226,False,none,-1,
910000001227,False,none,-1,
910000001228,True,L3,52,910000023417
910000001229,False,none,-1,
910000001230,False,none,-1,
910000001231,False,none,-1,
910000001232,False,none,-1,
910000001233,False,none,-1,
910000001234,False,none,-1,
910000001235,False,none,-1,
910000001236,False,none,-1,
910000001237,False,none,-1,
910000001238,False,none,-1,
910000001239,False,none,-1,
910000001240,False,none,-1,
910000001241,False,none,-1,
910000001242,False,none,-1,
910000001243,False,none,-1,
910000001244,False,none,-1,
910000001245,False,none,-1,
910000001246,False,none,-1,
910000001247,True,L3,39,910000001087
910000001248,False,none,-1,
910000001249,False,none,-1,
910000001250,False,none,-1,
910000001251,False,none,-1,
910000001252,False,none,-1,
910000001253,False,none,-1,
910000001254,False,none,-1,
910000001255,False,none,-1,
910000001256,False,none,-1,
910000001257,False,none,-1,
910000001258,False,none,-1,
910000001259,False,none,-1,
910000001260,False,none,-1,
910000001261,False,none,-1,
910000001262,False,none,-1,
910000001263,False,none,-1,
910000001264,False,none,-1,
910000001265,False,none,-1,
910000001266,False,none,-1,
910000001267,False,none,-1,
910000001268,False,none,-1,
910000001269,False,none,-1,
910000001270,False,none,-1,
910000001271,False,none,-1,
910000001272,False,none,-1,
910000001273,False,none,-1,
910000001274,False,none,-1,
910000001275,False,none,-1,
910000001276,False,none,-1,
910000001277,False,none,-1,
910000001278,False,none,-1,
910000001279,False,none,-1,
910000001280,False,none,-1,
910000001281,False,none,-1,
910000001282,False,none,-1,
910000001283,False,none,-1,
910000001284,False,none,-1,
910000001285,False,none,-1,
910000001286,False,none,-1,
910000001287,False,none,-1,
910000001288,False,none,-1,
910000001289,True,L3,54,910000005950
910000001290,False,none,-1,
910000001291,False,none,-1,
910000001292,False,none,-1,
910000001293,False,none,-1,
910000001294,False,none,-1,
910000001295,False,none,-1,
910000001296,False,none,-1,
910000001297,False,none,-1,
910000001298,False,none,-1,
910000001299,False,none,-1,
910000001300,False,none,-1,
910000001301,False,none,-1,
910000001302,False,none,-1,
910000001303,False,none,-1,
910000001304,False,none,-1,
910000001305,False,none,-1,
910000001306,False,none,-1,
910000001307,False,none,-1,
910000001308,False,none,-1,
910000001309,False,none,-1,
910000001310,False,none,-1,
910000001311,False,none,-1,
910000001312,False,none,-1,
910000001313,False,none,-1,
910000001314,False,none,-1,
910000001315,False,none,-1,
910000001316,False,none,-1,
910000001317,False,none,-1,
910000001318,False,none,-1,
910000001319,False,none,-1,
910000001320,False,none,-1,
910000001321,False,none,-1,
910000001322,False,none,-1,
910000001323,False,none,-1,
910000001324,False,none,-1,
910000001325,False,none,-1,
910000001326,False,none,-1,
910000001327,False,none,-1,
910000001328,False,none,-1,
910000001329,False,none,-1,
910000001330,False,none,-1,
910000001331,False,none,-1,
910000001332,False,none,-1,
910000001333,False,none,-1,
910000001334,False,none,-1,
910000001335,False,none,-1,
910000001336,False,none,-1,
910000001337,True,L3,53,910000006860
910000001338,False,none,-1,
910000001339,False,none,-1,
910000001340,False,none,-1,
910000001341,False,none,-1,
910000001342,False,none,-1,
910000001343,False,none,-1,
910000001344,False,none,-1,
910000001345,False,none,-1,
910000001346,False,none,-1,
910000001347,True,L2,9,910000016343
910000001348,True,L1,48,910000019036
910000001349,False,none,-1,
910000001350,False,none,-1,
910000001351,False,none,-1,
910000001352,False,none,-1,
910000001353,False,none,-1,
910000001354,False,none,-1,
910000001355,False,none,-1,
910000001356,False,none,-1,
910000001357,False,none,-1,
910000001358,False,none,-1,
910000001359,False,none,-1,
910000001360,False,none,-1,
910000001361,False,none,-1,
910000001362,False,none,-1,
910000001363,False,none,-1,
910000001364,False,none,-1,
910000001365,False,none,-1,
910000001366,False,none,-1,
910000001367,False,none,-1,
910000001368,False,none,-1,
910000001369,False,none,-1,
910000001370,False,none,-1,
910000001371,False,none,-1,
910000001372,False,none,-1,
910000001373,False,none,-1,
910000001374,False,none,-1,
910000001375,False,none,-1,
910000001376,False,none,-1,
910000001377,False,none,-1,
910000001378,False,none,-1,
910000001379,False,none,-1,
910000001380,False,none,-1,
910000001381,False,none,-1,
910000001382,False,none,-1,
910000001383,False,none,-1,
910000001384,False,none,-1,
910000001385,False,none,-1,
910000001386,False,none,-1,
910000001387,False,none,-1,
910000001388,False,none,-1,
910000001389,False,none,-1,
910000001390,False,none,-1,
910000001391,False,none,-1,
910000001392,False,none,-1,
910000001393,False,none,-1,
910000001394,False,none,-1,
910000001395,False,none,-1,
910000001396,False,none,-1,
910000001397,False,none,-1,
910000001398,False,none,-1,
910000001399,False,none,-1,
910000001400,False,none,-1,
910000001401,False,none,-1,
910000001402,False,none,-1,
910000001403,False,none,-1,
910000001404,False,none,-1,
910000001405,False,none,-1,
910000001406,False,none,-1,
910000001407,False,none,-1,
910000001408,False,none,-1,
910000001409,False,none,-1,
910000001410,False,none,-1,
910000001411,False,none,-1,
910000001412,False,none,-1,
910000001413,False,none,-1,
910000001414,False,none,-1,
910000001415,False,none,-1,
910000001416,False,none,-1,
910000001417,False,none,-1,
910000001418,False,none,-1,
910000001419,False,none,-1,
910000001420,False,none,-1,
910000001421,False,none,-1,
910000001422,False,none,-1,
910000001423,False,none,-1,
910000001424,False,none,-1,
910000001425,False,none,-1,
910000001426,False,none,-1,
910000001427,False,none,-1,
910000001428,True,L3,8,910000006300
910000001429,False,none,-1,
910000001430,False,none,-1,
910000001431,False,none,-1,
910000001432,False,none,-1,
910000001433,False,none,-1,
910000001434,False,none,-1,
910000001435,False,none,-1,
910000001436,False,none,-1,
910000001437,False,none,-1,
910000001438,False,none,-1,
910000001439,False,none,-1,
910000001440,False,none,-1,
910000001441,False,none,-1,
910000001442,False,none,-1,
910000001443,False,none,-1,
910000001444,False,none,-1,
910000001445,False,none,-1,
910000001446,False,none,-1,
910000001447,False,none,-1,
910000001448,False,none,-1,
910000001449,False,none,-1,
910000001450,False,none,-1,
910000001451,False,none,-1,
910000001452,False,none,-1,
910000001453,False,none,-1,
910000001454,False,none,-1,
910000001455,False,none,-1,
910000001456,False,none,-1,
910000001457,True,L2,36,910000007400
910000001458,True,L2,16,910000008831
910000001459,False,none,-1,
910000001460,False,none,-1,
910000001461,False,none,-1,
910000001462,False,none,-1,
910000001463,False,none,-1,
910000001464,False,none,-1,
910000001465,False,none,-1,
910000001466,False,none,-1,
910000001467,False,none,-1,
910000001468,False,none,-1,
910000001469,False,none,-1,
910000001470,False,none,-1,
910000001471,False,none,-1,
910000001472,False,none,-1,
910000001473,False,none,-1,
910000001474,False,none,-1,
910000001475,False,none,-1,
910000001476,True,L3,10,910000002246
910000001477,False,none,-1,
910000001478,False,none,-1,
910000001479,False,none,-1,
910000001480,False,none,-1,
910000001481,False,none,-1,
910000001482,False,none,-1,
910000001483,False,none,-1,
910000001484,True,L2,35,910000016466
910000001485,False,none,-1,
910000001486,False,none,-1,
910000001487,False,none,-1,
910000001488,False,none,-1,
910000001489,False,none,-1,
910000001490,False,none,-1,
910000001491,False,none,-1,
910000001492,False,none,-1,
910000001493,False,none,-1,
910000001494,True,L2,95,910000000158
910000001495,False,none,-1,
910000001496,False,none,-1,
910000001497,False,none,-1,
910000001498,False,none,-1,
910000001499,False,none,-1,
910000001500,False,none,-1,
910000001501,False,none,-1,
910000001502,False,none,-1,
910000001503,False,none,-1,
910000001504,False,none,-1,
910000001505,False,none,-1,
910000001506,False,none,-1,
910000001507,False,none,-1,
910000001508,False,none,-1,
910000001509,False,none,-1,
910000001510,False,none,-1,
910000001511,False,none,-1,
910000001512,False,none,-1,
910000001513,True,L3,99,910000017824
910000001514,False,none,-1,
910000001515,False,none,-1,
910000001516,False,none,-1,
910000001517,False,none,-1,
910000001518,False,none,-1,
910000001519,False,none,-1,
910000001520,False,none,-1,
910000001521,False,none,-1,
910000001522,False,none,-1,
910000001523,False,none,-1,
910000001524,False,none,-1,
910000001525,False,none,-1,
910000001526,False,none,-1,
910000001527,False,none,-1,
910000001528,False,none,-1,
910000001529,False,none,-1,
910000001530,False,none,-1,
910000001531,True,L2,74,910000002855
910000001532,False,none,-1,
910000001533,False,none,-1,
910000001534,False,none,-1,
910000001535,False,none,-1,
910000001536,False,none,-1,
910000001537,False,none,-1,
910000001538,False,none,-1,
910000001539,False,none,-1,
910000001540,False,none,-1,
910000001541,False,none,-1,
910000001542,False,none,-1,
910000001543,False,none,-1,
910000001544,False,none,-1,
910000001545,False,none,-1,
910000001546,False,none,-1,
910000001547,False,none,-1,
910000001548,False,none,-1,
910000001549,False,none,-1,
910000001550,False,none,-1,
910000001551,False,none,-1,
910000001552,False,none,-1,
910000001553,False,none,-1,
910000001554,False,none,-1,
910000001555,False,none,-1,
910000001556,False,none,-1,
910000001557,False,none,-1,
910000001558,False,none,-1,
910000001559,False,none,-1,
910000001560,False,none,-1,
910000001561,False,none,-1,
910000001562,False,none,-1,
910000001563,False,none,-1,
910000001564,False,none,-1,
910000001565,False,none,-1,
910000001566,False,none,-1,
910000001567,False,none,-1,
910000001568,False,none,-1,
910000001569,False,none,-1,
910000001570,False,none,-1,
910000001571,False,none,-1,
910000001572,False,none,-1,
910000001573,False,none,-1,
910000001574,False,none,-1,
910000001575,False,none,-1,
910000001576,False,none,-1,
910000001577,False,none,-1,
910000001578,False,none,-1,
910000001579,False,none,-1,
910000001580,False,none,-1,
910000001581,False,none,-1,
910000001582,False,none,-1,
910000001583,False,none,-1,
910000001584,False,none,-1,
910000001585,False,none,-1,
910000001586,False,none,-1,
910000001587,False,none,-1,
910000001588,False,none,-1,
910000001589,False,none,-1,
910000001590,False,none,-1,
910000001591,False,none,-1,
910000001592,False,none,-1,
910000001593,False,none,-1,
910000001594,False,none,-1,
910000001595,False,none,-1,
910000001596,False,none,-1,
910000001597,False,none,-1,
910000001598,False,none,-1,
910000001599,False,none,-1,
910000001600,False,none,-1,
910000001601,False,none,-1,
910000001602,False,none,-1,
910000001603,False,none,-1,
910000001604,True,L3,76,910000011433
910000001605,False,none,-1,
910000001606,False,none,-1,
910000001607,False,none,-1,
910000001608,False,none,-1,
910000001609,False,none,-1,
910000001610,False,none,-1,
910000001611,False,none,-1,
910000001612,False,none,-1,
910000001613,False,none,-1,
910000001614,False,none,-1,
910000001615,False,none,-1,
910000001616,False,none,-1,
910000001617,False,none,-1,
910000001618,False,none,-1,
910000001619,False,none,-1,
910000001620,False,none,-1,
910000001621,False,none,-1,
910000001622,False,none,-1,
910000001623,False,none,-1,
910000001624,False,none,-1,
910000001625,False,none,-1,
910000001626,False,none,-1,
910000001627,False,none,-1,
910000001628,False,none,-1,
910000001629,False,none,-1,
910000001630,False,none,-1,
910000001631,False,none,-1,
910000001632,False,none,-1,
910000001633,False,none,-1,
910000001634,False,none,-1,
910000001635,False,none,-1,
910000001636,False,none,-1,
910000001637,False,none,-1,
910000001638,False,none,-1,
910000001639,False,none,-1,
910000001640,False,none,-1,
910000001641,False,none,-1,
910000001642,False,none,-1,
910000001643,False,none,-1,
910000001644,False,none,-1,
910000001645,True,L2,77,910000004550
910000001646,False,none,-1,
910000001647,False,none,-1,
910000001648,False,none,-1,
910000001649,False,none,-1,
910000001650,False,none,-1,
910000001651,False,none,-1,
910000001652,False,none,-1,
910000001653,False,none,-1,
910000001654,False,none,-1,
910000001655,False,none,-1,
910000001656,False,none,-1,
910000001657,False,none,-1,
910000001658,False,none,-1,
910000001659,False,none,-1,
910000001660,False,none,-1,
910000001661,False,none,-1,
910000001662,False,none,-1,
910000001663,False,none,-1,
910000001664,False,none,-1,
910000001665,False,none,-1,
910000001666,False,none,-1,
910000001667,False,none,-1,
910000001668,False,none,-1,
910000001669,True,L3,72,910000017637
910000001670,False,none,-1,
910000001671,False,none,-1,
910000001672,False,none,-1,
910000001673,False,none,-1,
910000001674,False,none,-1,
910000001675,False,none,-1,
910000001676,True,L3,80,910000022510
910000001677,False,none,-1,
910000001678,False,none,-1,
910000001679,False,none,-1,
910000001680,False,none,-1,
910000001681,False,none,-1,
910000001682,False,none,-1,
910000001683,False,none,-1,
910000001684,False,none,-1,
910000001685,True,L3,20,910000005298
910000001686,False,none,-1,
910000001687,False,none,-1,
910000001688,False,none,-1,
910000001689,False,none,-1,
910000001690,False,none,-1,
910000001691,False,none,-1,
910000001692,False,none,-1,
910000001693,False,none,-1,
910000001694,False,none,-1,
910000001695,False,none,-1,
910000001696,False,none,-1,
910000001697,False,none,-1,
910000001698,False,none,-1,
910000001699,False,none,-1,
910000001700,False,none,-1,
910000001701,False,none,-1,
910000001702,False,none,-1,
910000001703,False,none,-1,
910000001704,False,none,-1,
910000001705,False,none,-1,
910000001706,False,none,-1,
910000001707,False,none,-1,
910000001708,False,none,-1,
910000001709,False,none,-1,
910000001710,False,none,-1,
910000001711,False,none,-1,
910000001712,False,none,-1,
910000001713,False,none,-1,
910000001714,False,none,-1,
910000001715,False,none,-1,
910000001716,False,none,-1,
910000001717,False,none,-1,
910000001718,False,none,-1,
910000001719,False,none,-1,
910000001720,False,none,-1,
910000001721,False,none,-1,
910000001722,False,none,-1,
910000001723,False,none,-1,
910000001724,False,none,-1,
910000001725,False,none,-1,
910000001726,False,none,-1,
910000001727,False,none,-1,
910000001728,False,none,-1,
910000001729,False,none,-1,
910000001730,True,L3,53,910000006860
910000001731,False,none,-1,
910000001732,False,none,-1,
910000001733,False,none,-1,
910000001734,False,none,-1,
910000001735,False,none,-1,
910000001736,False,none,-1,
910000001737,False,none,-1,
910000001738,False,none,-1,
910000001739,False,none,-1,
910000001740,False,none,-1,
910000001741,False,none,-1,
910000001742,False,none,-1,
910000001743,False,none,-1,
910000001744,True,L1,32,910000012163
910000001745,False,none,-1,
910000001746,False,none,-1,
910000001747,False,none,-1,
910000001748,True,L1,13,910000002736
910000001749,False,none,-1,
910000001750,False,none,-1,
910000001751,False,none,-1,
910000001752,False,none,-1,
910000001753,False,none,-1,
910000001754,False,none,-1,
910000001755,False,none,-1,
910000001756,False,none,-1,
910000001757,False,none,-1,
910000001758,False,none,-1,
910000001759,False,none,-1,
910000001760,False,none,-1,
910000001761,False,none,-1,
910000001762,False,none,-1,
910000001763,False,none,-1,
910000001764,False,none,-1,
910000001765,False,none,-1,
910000001766,False,none,-1,
910000001767,False,none,-1,
910000001768,False,none,-1,
910000001769,False,none,-1,
910000001770,False,none,-1,
910000001771,False,none,-1,
910000001772,False,none,-1,
910000001773,False,none,-1,
910000001774,False,none,-1,
910000001775,False,none,-1,
910000001776,False,none,-1,
910000001777,False,none,-1,
910000001778,False,none,-1,
910000001779,False,none,-1,
910000001780,False,none,-1,
910000001781,False,none,-1,
910000001782,False,none,-1,
910000001783,False,none,-1,
910000001784,False,none,-1,
910000001785,False,none,-1,
910000001786,False,none,-1,
910000001787,False,none,-1,
910000001788,False,none,-1,
910000001789,False,none,-1,
910000001790,False,none,-1,
910000001791,False,none,-1,
910000001792,False,none,-1,
910000001793,False,none,-1,
910000001794,False,none,-1,
910000001795,False,none,-1,
910000001796,False,none,-1,
910000001797,False,none,-1,
910000001798,False,none,-1,
910000001799,False,none,-1,
910000001800,False,none,-1,
910000001801,False,none,-1,
910000001802,False,none,-1,
910000001803,False,none,-1,
910000001804,False,none,-1,
910000001805,False,none,-1,
910000001806,True,L2,2,910000017935
910000001807,False,none,-1,
910000001808,False,none,-1,
910000001809,False,none,-1,
910000001810,False,none,-1,
910000001811,False,none,-1,
910000001812,False,none,-1,
910000001813,False,none,-1,
910000001814,False,none,-1,
910000001815,False,none,-1,
910000001816,False,none,-1,
910000001817,False,none,-1,
910000001818,False,none,-1,
910000001819,True,L3,12,910000020672
910000001820,False,none,-1,
910000001821,False,none,-1,
910000001822,False,none,-1,
910000001823,True,L1,94,910000014634
910000001824,False,none,-1,
910000001825,False,none,-1,
910000001826,False,none,-1,
910000001827,False,none,-1,
910000001828,False,none,-1,
910000001829,False,none,-1,
910000001830,False,none,-1,
910000001831,False,none,-1,
910000001832,False,none,-1,
910000001833,False,none,-1,
910000001834,False,none,-1,
910000001835,True,L1,26,910000012293
910000001836,False,none,-1,
910000001837,False,none,-1,
910000001838,False,none,-1,
910000001839,False,none,-1,
910000001840,False,none,-1,
910000001841,False,none,-1,
910000001842,False,none,-1,
910000001843,False,none,-1,
910000001844,False,none,-1,
910000001845,False,none,-1,
910000001846,False,none,-1,
910000001847,False,none,-1,
910000001848,False,none,-1,
910000001849,False,none,-1,
910000001850,False,none,-1,
910000001851,False,none,-1,
910000001852,False,none,-1,
910000001853,False,none,-1,
910000001854,False,none,-1,
910000001855,False,none,-1,
910000001856,False,none,-1,
910000001857,False,none,-1,
910000001858,False,none,-1,
910000001859,False,none,-1,
910000001860,False,none,-1,
910000001861,False,none,-1,
910000001862,False,none,-1,
910000001863,False,none,-1,
910000001864,False,none,-1,
910000001865,False,none,-1,
910000001866,False,none,-1,
910000001867,False,none,-1,
910000001868,False,none,-1,
910000001869,False,none,-1,
910000001870,False,none,-1,
910000001871,False,none,-1,
910000001872,False,none,-1,
910000001873,False,none,-1,
910000001874,False,none,-1,
910000001875,False,none,-1,
910000001876,False,none,-1,
910000001877,False,none,-1,
910000001878,False,none,-1,
910000001879,False,none,-1,
910000001880,False,none,-1,
910000001881,False,none,-1,
910000001882,False,none,-1,
910000001883,False,none,-1,
910000001884,False,none,-1,
910000001885,False,none,-1,
910000001886,False,none,-1,
910000001887,False,none,-1,
910000001888,False,none,-1,
910000001889,False,none,-1,
910000001890,True,L3,9,910000016343
910000001891,False,none,-1,
910000001892,False,none,-1,
910000001893,False,none,-1,
910000001894,False,none,-1,
910000001895,False,none,-1,
910000001896,False,none,-1,
910000001897,False,none,-1,
910000001898,False,none,-1,
910000001899,False,none,-1,
910000001900,False,none,-1,
910000001901,False,none,-1,
910000001902,False,none,-1,
910000001903,False,none,-1,
910000001904,False,none,-1,
910000001905,False,none,-1,
910000001906,False,none,-1,
910000001907,False,none,-1,
910000001908,False,none,-1,
910000001909,False,none,-1,
910000001910,False,none,-1,
910000001911,False,none,-1,
910000001912,True,L3,57,910000022134
910000001913,False,none,-1,
910000001914,False,none,-1,
910000001915,False,none,-1,
910000001916,True,L3,7,910000021465
910000001917,False,none,-1,
910000001918,False,none,-1,
910000001919,False,none,-1,
910000001920,False,none,-1,
910000001921,False,none,-1,
910000001922,True,L2,79,910000008111
910000001923,False,none,-1,
910000001924,False,none,-1,
910000001925,False,none,-1,
910000001926,False,none,-1,
910000001927,False,none,-1,
910000001928,False,none,-1,
910000001929,False,none,-1,
910000001930,False,none,-1,
910000001931,False,none,-1,
910000001932,False,none,-1,
910000001933,False,none,-1,
910000001934,False,none,-1,
910000001935,False,none,-1,
910000001936,False,none,-1,
910000001937,False,none,-1,
910000001938,False,none,-1,
910000001939,False,none,-1,
910000001940,False,none,-1,
910000001941,True,L3,24,910000015900
910000001942,False,none,-1,
910000001943,False,none,-1,
910000001944,False,none,-1,
910000001945,False,none,-1,
910000001946,False,none,-1,
910000001947,False,none,-1,
910000001948,False,none,-1,
910000001949,False,none,-1,
910000001950,False,none,-1,
910000001951,False,none,-1,
910000001952,False,none,-1,
910000001953,False,none,-1,
910000001954,False,none,-1,
910000001955,False,none,-1,
910000001956,False,none,-1,
910000001957,False,none,-1,
910000001958,False,none,-1,
910000001959,False,none,-1,
910000001960,False,none,-1,
910000001961,False,none,-1,
910000001962,False,none,-1,
910000001963,False,none,-1,
910000001964,False,none,-1,
910000001965,False,none,-1,
910000001966,False,none,-1,
910000001967,False,none,-1,
910000001968,False,none,-1,
910000001969,True,L3,94,910000014634
910000001970,False,none,-1,
910000001971,False,none,-1,
910000001972,False,none,-1,
910000001973,True,L3,29,910000015788
910000001974,False,none,-1,
910000001975,False,none,-1,
910000001976,False,none,-1,
910000001977,False,none,-1,
910000001978,False,none,-1,
910000001979,False,none,-1,
910000001980,False,none,-1,
910000001981,False,none,-1,
910000001982,False,none,-1,
910000001983,False,none,-1,
910000001984,False,none,-1,
910000001985,False,none,-1,
910000001986,False,none,-1,
910000001987,False,none,-1,
910000001988,False,none,-1,
910000001989,False,none,-1,
910000001990,False,none,-1,
910000001991,False,none,-1,
910000001992,False,none,-1,
910000001993,False,none,-1,
910000001994,False,none,-1,
910000001995,False,none,-1,
910000001996,False,none,-1,
910000001997,False,none,-1,
910000001998,False,none,-1,
910000001999,False,none,-1,
910000002000,False,none,-1,
910000002001,False,none,-1,
910000002002,False,none,-1,
910000002003,False,none,-1,
910000002004,False,none,-1,
910000002005,True,L1,61,910000009892
910000002006,False,none,-1,
910000002007,False,none,-1,
910000002008,False,none,-1,
910000002009,False,none,-1,
910000002010,True,L1,24,910000015900
910000002011,False,none,-1,
910000002012,False,none,-1,
910000002013,False,none,-1,
910000002014,False,none,-1,
910000002015,False,none,-1,
910000002016,False,none,-1,
910000002017,False,none,-1,
910000002018,False,none,-1,
910000002019,False,none,-1,
910000002020,False,none,-1,
910000002021,False,none,-1,
910000002022,False,none,-1,
910000002023,False,none,-1,
910000002024,False,none,-1,
910000002025,False,none,-1,
910000002026,False,none,-1,
910000002027,False,none,-1,
910000002028,False,none,-1,
910000002029,False,none,-1,
910000002030,False,none,-1,
910000002031,False,none,-1,
910000002032,False,none,-1,
910000002033,False,none,-1,
910000002034,False,none,-1,
910000002035,False,none,-1,
910000002036,False,none,-1,
910000002037,False,none,-1,
910000002038,False,none,-1,
910000002039,False,none,-1,
910000002040,False,none,-1,
910000002041,False,none,-1,
910000002042,False,none,-1,
910000002043,False,none,-1,
910000002044,False,none,-1,
910000002045,False,none,-1,
910000002046,False,none,-1,
910000002047,False,none,-1,
910000002048,False,none,-1,
910000002049,False,none,-1,
910000002050,False,none,-1,
910000002051,False,none,-1,
910000002052,False,none,-1,
910000002053,False,none,-1,
910000002054,False,none,-1,
910000002055,False,none,-1,
910000002056,True,L1,70,910000003386
910000002057,False,none,-1,
910000002058,False,none,-1,
910000002059,False,none,-1,
910000002060,False,none,-1,
910000002061,False,none,-1,
910000002062,False,none,-1,
910000002063,False,none,-1,
910000002064,False,none,-1,
910000002065,False,none,-1,
910000002066,False,none,-1,
910000002067,False,none,-1,
910000002068,False,none,-1,
910000002069,False,none,-1,
910000002070,False,none,-1,
910000002071,False,none,-1,
910000002072,False,none,-1,
910000002073,False,none,-1,
910000002074,False,none,-1,
910000002075,False,none,-1,
910000002076,False,none,-1,
910000002077,False,none,-1,
910000002078,False,none,-1,
910000002079,False,none,-1,
910000002080,False,none,-1,
910000002081,False,none,-1,
910000002082,False,none,-1,
910000002083,False,none,-1,
910000002084,False,none,-1,
910000002085,True,L3,23,910000006128
910000002086,False,none,-1,
910000002087,False,none,-1,
910000002088,False,none,-1,
910000002089,False,none,-1,
910000002090,False,none,-1,
910000002091,False,none,-1,
910000002092,False,none,-1,
910000002093,False,none,-1,
910000002094,False,none,-1,
910000002095,False,none,-1,
910000002096,False,none,-1,
910000002097,False,none,-1,
910000002098,False,none,-1,
910000002099,False,none,-1,
910000002100,False,none,-1,
910000002101,False,none,-1,
910000002102,False,none,-1,
910000002103,False,none,-1,
910000002104,False,none,-1,
910000002105,False,none,-1,
910000002106,False,none,-1,
910000002107,False,none,-1,
910000002108,False,none,-1,
910000002109,False,none,-1,
910000002110,False,none,-1,
910000002111,False,none,-1,
910000002112,True,L2,77,910000004550
910000002113,False,none,-1,
910000002114,False,none,-1,
910000002115,False,none,-1,
910000002116,False,none,-1,
910000002117,False,none,-1,
910000002118,False,none,-1,
910000002119,False,none,-1,
910000002120,True,L3,40,910000020852
910000002121,False,none,-1,
910000002122,False,none,-1,
910000002123,False,none,-1,
910000002124,False,none,-1,
910000002125,False,none,-1,
910000002126,False,none,-1,
910000002127,False,none,-1,
910000002128,False,none,-1,
910000002129,False,none,-1,
910000002130,False,none,-1,
910000002131,False,none,-1,
910000002132,False,none,-1,
910000002133,False,none,-1,
910000002134,False,none,-1,
910000002135,False,none,-1,
910000002136,False,none,-1,
910000002137,True,L3,25,910000004408
910000002138,False,none,-1,
910000002139,False,none,-1,
910000002140,False,none,-1,
910000002141,False,none,-1,
910000002142,False,none,-1,
910000002143,False,none,-1,
910000002144,False,none,-1,
910000002145,False,none,-1,
910000002146,False,none,-1,
910000002147,False,none,-1,
910000002148,False,none,-1,
910000002149,False,none,-1,
910000002150,False,none,-1,
910000002151,False,none,-1,
910000002152,False,none,-1,
910000002153,False,none,-1,
910000002154,True,L2,62,910000013403
910000002155,False,none,-1,
910000002156,False,none,-1,
910000002157,False,none,-1,
910000002158,False,none,-1,
910000002159,False,none,-1,
910000002160,False,none,-1,
910000002161,False,none,-1,
910000002162,False,none,-1,
910000002163,False,none,-1,
910000002164,False,none,-1,
910000002165,False,none,-1,
910000002166,False,none,-1,
910000002167,True,L3,85,910000000362
910000002168,False,none,-1,
910000002169,True,L3,16,910000008831
910000002170,False,none,-1,
910000002171,False,none,-1,
910000002172,False,none,-1,
910000002173,False,none,-1,
910000002174,False,none,-1,
910000002175,False,none,-1,
910000002176,False,none,-1,
910000002177,False,none,-1,
910000002178,False,none,-1,
910000002179,False,none,-1,
910000002180,False,none,-1,
910000002181,False,none,-1,
910000002182,False,none,-1,
910000002183,False,none,-1,
910000002184,False,none,-1,
910000002185,False,none,-1,
910000002186,False,none,-1,
910000002187,False,none,-1,
910000002188,False,none,-1,
910000002189,False,none,-1,
910000002190,False,none,-1,
910000002191,False,none,-1,
910000002192,False,none,-1,
910000002193,False,none,-1,
910000002194,False,none,-1,
910000002195,False,none,-1,
910000002196,True,L2,45,910000024669
910000002197,False,none,-1,
910000002198,False,none,-1,
910000002199,False,none,-1,
910000002200,False,none,-1,
910000002201,False,none,-1,
910000002202,False,none,-1,
910000002203,False,none,-1,
910000002204,False,none,-1,
910000002205,False,none,-1,
910000002206,False,none,-1,
910000002207,False,none,-1,
910000002208,False,none,-1,
910000002209,False,none,-1,
910000002210,True,L3,30,910000002311
910000002211,False,none,-1,
910000002212,False,none,-1,
910000002213,False,none,-1,
910000002214,False,none,-1,
910000002215,True,L1,63,910000019535
910000002216,False,none,-1,
910000002217,False,none,-1,
910000002218,False,none,-1,
910000002219,False,none,-1,
910000002220,False,none,-1,
910000002221,False,none,-1,
910000002222,False,none,-1,
910000002223,False,none,-1,
910000002224,False,none,-1,
910000002225,False,none,-1,
910000002226,False,none,-1,
910000002227,False,none,-1,
910000002228,True,L2,1,910000024661
910000002229,False,none,-1,
910000002230,False,none,-1,
910000002231,False,none,-1,
910000002232,False,none,-1,
910000002233,False,none,-1,
910000002234,False,none,-1,
910000002235,False,none,-1,
910000002236,False,none,-1,
910000002237,False,none,-1,
910000002238,False,none,-1,
910000002239,False,none,-1,
910000002240,False,none,-1,
910000002241,False,none,-1,
910000002242,False,none,-1,
910000002243,False,none,-1,
910000002244,False,none,-1,
910000002245,False,none,-1,
910000002246,False,none,-1,
910000002247,False,none,-1,
910000002248,False,none,-1,
910000002249,False,none,-1,
910000002250,False,none,-1,
910000002251,True,L2,16,910000008831
910000002252,False,none,-1,
910000002253,False,none,-1,
910000002254,False,none,-1,
910000002255,True,L2,59,910000017341
910000002256,False,none,-1,
910000002257,False,none,-1,
910000002258,False,none,-1,
910000002259,False,none,-1,
910000002260,False,none,-1,
910000002261,False,none,-1,
910000002262,False,none,-1,
910000002263,False,none,-1,
910000002264,False,none,-1,
910000002265,False,none,-1,
910000002266,False,none,-1,
910000002267,True,L2,84,910000003083
910000002268,False,none,-1,
910000002269,False,none,-1,
910000002270,False,none,-1,
910000002271,False,none,-1,
910000002272,False,none,-1,
910000002273,False,none,-1,
910000002274,False,none,-1,
910000002275,False,none,-1,
910000002276,False,none,-1,
910000002277,False,none,-1,
910000002278,False,none,-1,
910000002279,False,none,-1,
910000002280,False,none,-1,
910000002281,False,none,-1,
910000002282,True,L3,13,910000002736
910000002283,False,none,-1,
910000002284,False,none,-1,
910000002285,False,none,-1,
910000002286,False,none,-1,
910000002287,False,none,-1,
910000002288,False,none,-1,
910000002289,False,none,-1,
910000002290,False,none,-1,
910000002291,False,none,-1,
910000002292,False,none,-1,
910000002293,False,none,-1,
910000002294,False,none,-1,
910000002295,False,none,-1,
910000002296,False,none,-1,
910000002297,False,none,-1,
910000002298,False,none,-1,
910000002299,False,none,-1,
910000002300,True,L3,88,910000000548
910000002301,True,L3,68,910000023712
910000002302,False,none,-1,
910000002303,False,none,-1,
910000002304,False,none,-1,
910000002305,False,none,-1,
910000002306,False,none,-1,
910000002307,False,none,-1,
910000002308,False,none,-1,
910000002309,False,none,-1,
910000002310,False,none,-1,
910000002311,False,none,-1,
910000002312,False,none,-1,
910000002313,False,none,-1,
910000002314,False,none,-1,
910000002315,False,none,-1,
910000002316,False,none,-1,
910000002317,False,none,-1,
910000002318,False,none,-1,
910000002319,False,none,-1,
910000002320,False,none,-1,
910000002321,False,none,-1,
910000002322,False,none,-1,
910000002323,False,none,-1,
910000002324,False,none,-1,
910000002325,False,none,-1,
910000002326,True,L2,20,910000005298
910000002327,False,none,-1,
910000002328,False,none,-1,
910000002329,False,none,-1,
910000002330,False,none,-1,
910000002331,False,none,-1,
910000002332,False,none,-1,
910000002333,False,none,-1,
910000002334,False,none,-1,
910000002335,False,none,-1,
910000002336,False,none,-1,
910000002337,False,none,-1,
910000002338,False,none,-1,
910000002339,False,none,-1,
910000002340,False,none,-1,
910000002341,False,none,-1,
910000002342,False,none,-1,
910000002343,True,L2,75,910000008084
910000002344,False,none,-1,
910000002345,False,none,-1,
910000002346,False,none,-1,
910000002347,True,L2,20,910000005298
910000002348,False,none,-1,
910000002349,False,none,-1,
910000002350,False,none,-1,
910000002351,False,none,-1,
910000002352,False,none,-1,
910000002353,False,none,-1,
910000002354,False,none,-1,
910000002355,False,none,-1,
910000002356,False,none,-1,
910000002357,False,none,-1,
910000002358,False,none,-1,
910000002359,False,none,-1,
910000002360,True,L1,58,910000016011
910000002361,False,none,-1,
910000002362,True,L3,79,910000008111
910000002363,True,L2,71,910000012327
910000002364,False,none,-1,
910000002365,False,none,-1,
910000002366,False,none,-1,
910000002367,False,none,-1,
910000002368,False,none,-1,
910000002369,False,none,-1,
910000002370,False,none,-1,
910000002371,False,none,-1,
910000002372,False,none,-1,
910000002373,False,none,-1,
910000002374,False,none,-1,
910000002375,False,none,-1,
910000002376,False,none,-1,
910000002377,False,none,-1,
910000002378,False,none,-1,
910000002379,False,none,-1,
910000002380,False,none,-1,
910000002381,False,none,-1,
910000002382,False,none,-1,
910000002383,False,none,-1,
910000002384,False,none,-1,
910000002385,False,none,-1,
910000002386,False,none,-1,
910000002387,False,none,-1,
910000002388,False,none,-1,
910000002389,True,L2,32,910000012163
910000002390,False,none,-1,
910000002391,False,none,-1,
910000002392,False,none,-1,
910000002393,False,none,-1,
910000002394,False,none,-1,
910000002395,False,none,-1,
910000002396,False,none,-1,
910000002397,False,none,-1,
910000002398,False,none,-1,
910000002399,False,none,-1,
910000002400,False,none,-1,
910000002401,False,none,-1,
910000002402,False,none,-1,
910000002403,False,none,-1,
910000002404,False,none,-1,
910000002405,False,none,-1,
910000002406,False,none,-1,
910000002407,False,none,-1,
910000002408,False,none,-1,
910000002409,True,L3,66,910000009406
910000002410,False,none,-1,
910000002411,False,none,-1,
910000002412,False,none,-1,
910000002413,False,none,-1,
910000002414,False,none,-1,
910000002415,False,none,-1,
910000002416,False,none,-1,
910000002417,False,none,-1,
910000002418,False,none,-1,
910000002419,False,none,-1,
910000002420,False,none,-1,
910000002421,False,none,-1,
910000002422,False,none,-1,
910000002423,False,none,-1,
910000002424,False,none,-1,
910000002425,False,none,-1,
910000002426,False,none,-1,
910000002427,False,none,-1,
910000002428,False,none,-1,
910000002429,False,none,-1,
910000002430,False,none,-1,
910000002431,False,none,-1,
910000002432,False,none,-1,
910000002433,False,none,-1,
910000002434,False,none,-1,
910000002435,True,L1,78,910000024868
910000002436,True,L1,84,910000003083
910000002437,False,none,-1,
910000002438,False,none,-1,
910000002439,False,none,-1,
910000002440,False,none,-1,
910000002441,False,none,-1,
910000002442,False,none,-1,
910000002443,False,none,-1,
910000002444,False,none,-1,
910000002445,False,none,-1,
910000002446,False,none,-1,
910000002447,False,none,-1,
910000002448,False,none,-1,
910000002449,False,none,-1,
910000002450,True,L2,87,910000024461
910000002451,False,none,-1,
910000002452,False,none,-1,
910000002453,False,none,-1,
910000002454,False,none,-1,
910000002455,False,none,-1,
910000002456,False,none,-1,
910000002457,False,none,-1,
910000002458,False,none,-1,
910000002459,False,none,-1,
910000002460,False,none,-1,
910000002461,False,none,-1,
910000002462,False,none,-1,
910000002463,False,none,-1,
910000002464,False,none,-1,
910000002465,False,none,-1,
910000002466,False,none,-1,
910000002467,False,none,-1,
910000002468,False,none,-1,
910000002469,False,none,-1,
910000002470,False,none,-1,
910000002471,False,none,-1,
910000002472,False,none,-1,
910000002473,False,none,-1,
910000002474,False,none,-1,
910000002475,False,none,-1,
910000002476,False,none,-1,
910000002477,True,L1,59,910000017341
910000002478,False,none,-1,
910000002479,False,none,-1,
910000002480,False,none,-1,
910000002481,False,none,-1,
910000002482,False,none,-1,
910000002483,False,none,-1,
910000002484,False,none,-1,
910000002485,False,none,-1,
910000002486,False,none,-1,
910000002487,False,none,-1,
910000002488,False,none,-1,
910000002489,False,none,-1,
910000002490,False,none,-1,
910000002491,False,none,-1,
910000002492,False,none,-1,
910000002493,False,none,-1,
910000002494,False,none,-1,
910000002495,False,none,-1,
910000002496,False,none,-1,
910000002497,False,none,-1,
910000002498,True,L3,58,910000016011
910000002499,False,none,-1,
910000002500,False,none,-1,
910000002501,False,none,-1,
910000002502,True,L3,90,910000002815
910000002503,False,none,-1,
910000002504,False,none,-1,
910000002505,False,none,-1,
910000002506,False,none,-1,
910000002507,False,none,-1,
910000002508,False,none,-1,
910000002509,True,L2,68,910000023712
910000002510,False,none,-1,
910000002511,False,none,-1,
910000002512,False,none,-1,
910000002513,False,none,-1,
910000002514,False,none,-1,
910000002515,False,none,-1,
910000002516,False,none,-1,
910000002517,True,L3,32,910000012163
910000002518,False,none,-1,
910000002519,True,L3,0,910000024789
910000002520,False,none,-1,
910000002521,False,none,-1,
910000002522,False,none,-1,
910000002523,False,none,-1,
910000002524,False,none,-1,
910000002525,False,none,-1,
910000002526,False,none,-1,
910000002527,False,none,-1,
910000002528,False,none,-1,
910000002529,False,none,-1,
910000002530,False,none,-1,
910000002531,False,none,-1,
910000002532,False,none,-1,
910000002533,False,none,-1,
910000002534,True,L3,48,910000019036
910000002535,False,none,-1,
910000002536,False,none,-1,
910000002537,False,none,-1,
910000002538,False,none,-1,
910000002539,False,none,-1,
910000002540,False,none,-1,
910000002541,False,none,-1,
910000002542,False,none,-1,
910000002543,False,none,-1,
910000002544,False,none,-1,
910000002545,False,none,-1,
910000002546,False,none,-1,
910000002547,False,none,-1,
910000002548,False,none,-1,
910000002549,False,none,-1,
910000002550,False,none,-1,
910000002551,False,none,-1,
910000002552,False,none,-1,
910000002553,False,none,-1,
910000002554,False,none,-1,
910000002555,False,none,-1,
910000002556,False,none,-1,
910000002557,False,none,-1,
910000002558,False,none,-1,
910000002559,False,none,-1,
910000002560,True,L2,19,910000002009
910000002561,False,none,-1,
910000002562,False,none,-1,
910000002563,False,none,-1,
910000002564,False,none,-1,
910000002565,False,none,-1,
910000002566,False,none,-1,
910000002567,False,none,-1,
910000002568,False,none,-1,
910000002569,False,none,-1,
910000002570,False,none,-1,
910000002571,False,none,-1,
910000002572,False,none,-1,
910000002573,False,none,-1,
910000002574,False,none,-1,
910000002575,False,none,-1,
910000002576,False,none,-1,
910000002577,False,none,-1,
910000002578,False,none,-1,
910000002579,False,none,-1,
910000002580,True,L2,46,910000001459
910000002581,False,none,-1,
910000002582,False,none,-1,
910000002583,False,none,-1,
910000002584,False,none,-1,
910000002585,False,none,-1,
910000002586,False,none,-1,
910000002587,False,none,-1,
910000002588,True,L2,35,910000016466
910000002589,False,none,-1,
910000002590,False,none,-1,
910000002591,False,none,-1,
910000002592,False,none,-1,
910000002593,True,L2,63,910000019535
910000002594,False,none,-1,
910000002595,False,none,-1,
910000002596,False,none,-1,
910000002597,False,none,-1,
910000002598,False,none,-1,
910000002599,False,none,-1,
910000002600,False,none,-1,
910000002601,False,none,-1,
910000002602,False,none,-1,
910000002603,False,none,-1,
910000002604,False,none,-1,
910000002605,False,none,-1,
910000002606,False,none,-1,
910000002607,False,none,-1,
910000002608,False,none,-1,
910000002609,False,none,-1,
910000002610,False,none,-1,
910000002611,False,none,-1,
910000002612,False,none,-1,
910000002613,False,none,-1,
910000002614,False,none,-1,
910000002615,False,none,-1,
910000002616,False,none,-1,
910000002617,False,none,-1,
910000002618,False,none,-1,
910000002619,False,none,-1,
910000002620,True,L2,45,910000024669
910000002621,False,none,-1,
910000002622,False,none,-1,
910000002623,False,none,-1,
910000002624,False,none,-1,
910000002625,False,none,-1,
910000002626,False,none,-1,
910000002627,False,none,-1,
910000002628,False,none,-1,
910000002629,False,none,-1,
910000002630,False,none,-1,
910000002631,False,none,-1,
910000002632,False,none,-1,
910000002633,False,none,-1,
910000002634,False,none,-1,
910000002635,False,none,-1,
910000002636,True,L3,62,910000013403
910000002637,False,none,-1,
910000002638,False,none,-1,
910000002639,False,none,-1,
910000002640,False,none,-1,
910000002641,False,none,-1,
910000002642,True,L3,89,910000024063
910000002643,False,none,-1,
910000002644,False,none,-1,
910000002645,False,none,-1,
910000002646,False,none,-1,
910000002647,False,none,-1,
910000002648,False,none,-1,
910000002649,False,none,-1,
910000002650,False,none,-1,
910000002651,False,none,-1,
910000002652,False,none,-1,
910000002653,False,none,-1,
910000002654,False,none,-1,
910000002655,False,none,-1,
910000002656,False,none,-1,
910000002657,False,none,-1,
910000002658,False,none,-1,
910000002659,False,none,-1,
910000002660,False,none,-1,
910000002661,False,none,-1,
910000002662,False,none,-1,
910000002663,True,L2,98,910000006246
910000002664,False,none,-1,
910000002665,False,none,-1,
910000002666,False,none,-1,
910000002667,False,none,-1,
910000002668,False,none,-1,
910000002669,False,none,-1,
910000002670,False,none,-1,
910000002671,False,none,-1,
910000002672,False,none,-1,
910000002673,False,none,-1,
910000002674,False,none,-1,
910000002675,False,none,-1,
910000002676,False,none,-1,
910000002677,False,none,-1,
910000002678,False,none,-1,
910000002679,False,none,-1,
910000002680,False,none,-1,
910000002681,False,none,-1,
910000002682,False,none,-1,
910000002683,False,none,-1,
910000002684,False,none,-1,
910000002685,False,none,-1,
910000002686,False,none,-1,
910000002687,False,none,-1,
910000002688,False,none,-1,
910000002689,False,none,-1,
910000002690,False,none,-1,
910000002691,False,none,-1,
910000002692,False,none,-1,
910000002693,False,none,-1,
910000002694,False,none,-1,
910000002695,False,none,-1,
910000002696,False,none,-1,
910000002697,False,none,-1,
910000002698,False,none,-1,
910000002699,False,none,-1,
910000002700,False,none,-1,
910000002701,False,none,-1,
910000002702,False,none,-1,
910000002703,False,none,-1,
910000002704,False,none,-1,
910000002705,False,none,-1,
910000002706,False,none,-1,
910000002707,False,none,-1,
910000002708,False,none,-1,
910000002709,False,none,-1,
910000002710,False,none,-1,
910000002711,False,none,-1,
910000002712,False,none,-1,
910000002713,False,none,-1,
910000002714,False,none,-1,
910000002715,True,L3,76,910000011433
910000002716,False,none,-1,
910000002717,False,none,-1,
910000002718,False,none,-1,
910000002719,False,none,-1,
910000002720,False,none,-1,
910000002721,False,none,-1,
910000002722,False,none,-1,
910000002723,False,none,-1,
910000002724,False,none,-1,
910000002725,False,none,-1,
910000002726,False,none,-1,
910000002727,False,none,-1,
910000002728,True,L3,89,910000024063
910000002729,False,none,-1,
910000002730,False,none,-1,
910000002731,False,none,-1,
910000002732,False,none,-1,
910000002733,False,none,-1,
910000002734,False,none,-1,
910000002735,False,none,-1,
910000002736,False,none,-1,
910000002737,False,none,-1,
910000002738,False,none,-1,
910000002739,False,none,-1,
910000002740,False,none,-1,
910000002741,False,none,-1,
910000002742,False,none,-1,
910000002743,False,none,-1,
910000002744,False,none,-1,
910000002745,True,L1,97,910000017134
910000002746,False,none,-1,
910000002747,False,none,-1,
910000002748,False,none,-1,
910000002749,True,L2,19,910000002009
910000002750,False,none,-1,
910000002751,False,none,-1,
910000002752,True,L1,56,910000008837
910000002753,False,none,-1,
910000002754,False,none,-1,
910000002755,False,none,-1,
910000002756,False,none,-1,
910000002757,False,none,-1,
910000002758,False,none,-1,
910000002759,False,none,-1,
910000002760,False,none,-1,
910000002761,False,none,-1,
910000002762,False,none,-1,
910000002763,False,none,-1,
910000002764,False,none,-1,
910000002765,False,none,-1,
910000002766,False,none,-1,
910000002767,True,L1,88,910000000548
910000002768,True,L2,35,910000016466
910000002769,False,none,-1,
910000002770,False,none,-1,
910000002771,False,none,-1,
910000002772,False,none,-1,
910000002773,False,none,-1,
910000002774,False,none,-1,
910000002775,False,none,-1,
910000002776,False,none,-1,
910000002777,False,none,-1,
910000002778,False,none,-1,
910000002779,False,none,-1,
910000002780,False,none,-1,
910000002781,False,none,-1,
910000002782,False,none,-1,
910000002783,False,none,-1,
910000002784,False,none,-1,
910000002785,False,none,-1,
910000002786,False,none,-1,
910000002787,False,none,-1,
910000002788,False,none,-1,
910000002789,False,none,-1,
910000002790,False,none,-1,
910000002791,True,L2,2,910000017935
910000002792,False,none,-1,
910000002793,False,none,-1,
910000002794,False,none,-1,
910000002795,False,none,-1,
910000002796,False,none,-1,
910000002797,False,none,-1,
910000002798,True,L2,91,910000015936
910000002799,False,none,-1,
910000002800,False,none,-1,
910000002801,False,none,-1,
910000002802,False,none,-1,
910000002803,False,none,-1,
910000002804,False,none,-1,
910000002805,False,none,-1,
910000002806,False,none,-1,
910000002807,False,none,-1,
910000002808,False,none,-1,
910000002809,False,none,-1,
910000002810,False,none,-1,
910000002811,False,none,-1,
910000002812,False,none,-1,
910000002813,False,none,-1,
910000002814,False,none,-1,
910000002815,False,none,-1,
910000002816,False,none,-1,
910000002817,False,none,-1,
910000002818,False,none,-1,
910000002819,False,none,-1,
910000002820,False,none,-1,
910000002821,False,none,-1,
910000002822,False,none,-1,
910000002823,False,none,-1,
910000002824,False,none,-1,
910000002825,False,none,-1,
910000002826,False,none,-1,
910000002827,False,none,-1,
910000002828,False,none,-1,
910000002829,False,none,-1,
910000002830,False,none,-1,
910000002831,False,none,-1,
910000002832,False,none,-1,
910000002833,False,none,-1,
910000002834,False,none,-1,
910000002835,False,none,-1,
910000002836,False,none,-1,
910000002837,False,none,-1,
910000002838,False,none,-1,
910000002839,False,none,-1,
910000002840,False,none,-1,
910000002841,False,none,-1,
910000002842,False,none,-1,
910000002843,True,L2,11,910000010364
910000002844,False,none,-1,
910000002845,False,none,-1,
910000002846,False,none,-1,
910000002847,False,none,-1,
910000002848,False,none,-1,
910000002849,False,none,-1,
910000002850,False,none,-1,
910000002851,False,none,-1,
910000002852,True,L1,15,910000017309
910000002853,False,none,-1,
910000002854,False,none,-1,
910000002855,False,none,-1,
910000002856,False,none,-1,
910000002857,False,none,-1,
910000002858,False,none,-1,
910000002859,False,none,-1,
910000002860,True,L2,42,910000012324
910000002861,False,none,-1,
910000002862,False,none,-1,
910000002863,False,none,-1,
910000002864,False,none,-1,
910000002865,True,L1,97,910000017134
910000002866,False,none,-1,
910000002867,False,none,-1,
910000002868,False,none,-1,
910000002869,False,none,-1,
910000002870,False,none,-1,
910000002871,False,none,-1,
910000002872,False,none,-1,
910000002873,False,none,-1,
910000002874,False,none,-1,
910000002875,True,L3,54,910000005950
910000002876,False,none,-1,
910000002877,False,none,-1,
910000002878,False,none,-1,
910000002879,False,none,-1,
910000002880,False,none,-1,
910000002881,False,none,-1,
910000002882,False,none,-1,
910000002883,False,none,-1,
910000002884,False,none,-1,
910000002885,False,none,-1,
910000002886,True,L2,11,910000010364
910000002887,False,none,-1,
910000002888,False,none,-1,
910000002889,False,none,-1,
910000002890,False,none,-1,
910000002891,False,none,-1,
910000002892,False,none,-1,
910000002893,False,none,-1,
910000002894,False,none,-1,
910000002895,False,none,-1,
910000002896,False,none,-1,
910000002897,False,none,-1,
910000002898,False,none,-1,
910000002899,True,L2,66,910000009406
910000002900,False,none,-1,
910000002901,False,none,-1,
910000002902,False,none,-1,
910000002903,False,none,-1,
910000002904,False,none,-1,
910000002905,True,L3,78,910000024868
910000002906,True,L3,9,910000016343
910000002907,False,none,-1,
910000002908,False,none,-1,
910000002909,False,none,-1,
910000002910,False,none,-1,
910000002911,False,none,-1,
910000002912,False,none,-1,
910000002913,False,none,-1,
910000002914,False,none,-1,
910000002915,False,none,-1,
910000002916,False,none,-1,
910000002917,False,none,-1,
910000002918,False,none,-1,
910000002919,False,none,-1,
910000002920,False,none,-1,
910000002921,False,none,-1,
910000002922,False,none,-1,
910000002923,False,none,-1,
910000002924,False,none,-1,
910000002925,False,none,-1,
910000002926,False,none,-1,
910000002927,False,none,-1,
910000002928,False,none,-1,
910000002929,False,none,-1,
910000002930,False,none,-1,
910000002931,False,none,-1,
910000002932,False,none,-1,
910000002933,False,none,-1,
910000002934,False,none,-1,
910000002935,False,none,-1,
910000002936,False,none,-1,
910000002937,False,none,-1,
910000002938,False,none,-1,
910000002939,False,none,-1,
910000002940,False,none,-1,
910000002941,False,none,-1,
910000002942,False,none,-1,
910000002943,False,none,-1,
910000002944,False,none,-1,
910000002945,False,none,-1,
910000002946,False,none,-1,
910000002947,False,none,-1,
910000002948,False,none,-1,
910000002949,False,none,-1,
910000002950,False,none,-1,
910000002951,False,none,-1,
910000002952,False,none,-1,
910000002953,False,none,-1,
910000002954,False,none,-1,
910000002955,False,none,-1,
910000002956,False,none,-1,
910000002957,False,none,-1,
910000002958,False,none,-1,
910000002959,False,none,-1,
910000002960,False,none,-1,
910000002961,False,none,-1,
910000002962,False,none,-1,
910000002963,False,none,-1,
910000002964,False,none,-1,
910000002965,False,none,-1,
910000002966,False,none,-1,
910000002967,False,none,-1,
910000002968,False,none,-1,
910000002969,False,none,-1,
910000002970,False,none,-1,
910000002971,False,none,-1,
910000002972,False,none,-1,
910000002973,False,none,-1,
910000002974,False,none,-1,
910000002975,True,L2,7,910000021465
910000002976,False,none,-1,
910000002977,False,none,-1,
910000002978,False,none,-1,
910000002979,False,none,-1,
910000002980,False,none,-1,
910000002981,False,none,-1,
910000002982,True,L1,43,910000018047
910000002983,False,none,-1,
910000002984,False,none,-1,
910000002985,False,none,-1,
910000002986,False,none,-1,
910000002987,False,none,-1,
910000002988,False,none,-1,
910000002989,False,none,-1,
910000002990,False,none,-1,
910000002991,False,none,-1,
910000002992,False,none,-1,
910000002993,False,none,-1,
910000002994,False,none,-1,
910000002995,False,none,-1,
910000002996,False,none,-1,
910000002997,False,none,-1,
910000002998,False,none,-1,
910000002999,False,none,-1,
910000003000,False,none,-1,
910000003001,True,L3,66,910000009406
910000003002,False,none,-1,
910000003003,False,none,-1,
910000003004,False,none,-1,
910000003005,False,none,-1,
910000003006,False,none,-1,
910000003007,False,none,-1,
910000003008,False,none,-1,
910000003009,False,none,-1,
910000003010,False,none,-1,
910000003011,False,none,-1,
910000003012,False,none,-1,
910000003013,False,none,-1,
910000003014,False,none,-1,
910000003015,False,none,-1,
910000003016,False,none,-1,
910000003017,False,none,-1,
910000003018,False,none,-1,
910000003019,False,none,-1,
910000003020,False,none,-1,
910000003021,False,none,-1,
910000003022,False,none,-1,
910000003023,False,none,-1,
910000003024,False,none,-1,
910000003025,False,none,-1,
910000003026,False,none,-1,
910000003027,False,none,-1,
910000003028,False,none,-1,
910000003029,False,none,-1,
910000003030,False,none,-1,
910000003031,False,none,-1,
910000003032,False,none,-1,
910000003033,False,none,-1,
910000003034,False,none,-1,
910000003035,False,none,-1,
910000003036,True,L3,38,910000011933
910000003037,False,none,-1,
910000003038,False,none,-1,
910000003039,False,none,-1,
910000003040,False,none,-1,
910000003041,False,none,-1,
910000003042,False,none,-1,
910000003043,False,none,-1,
910000003044,False,none,-1,
910000003045,False,none,-1,
910000003046,False,none,-1,
910000003047,False,none,-1,
910000003048,True,L3,35,910000016466
910000003049,False,none,-1,
910000003050,False,none,-1,
910000003051,True,L2,55,910000001567
910000003052,False,none,-1,
910000003053,False,none,-1,
910000003054,False,none,-1,
910000003055,False,none,-1,
910000003056,False,none,-1,
910000003057,False,none,-1,
910000003058,False,none,-1,
910000003059,False,none,-1,
910000003060,False,none,-1,
910000003061,False,none,-1,
910000003062,False,none,-1,
910000003063,False,none,-1,
910000003064,False,none,-1,
910000003065,False,none,-1,
910000003066,False,none,-1,
910000003067,False,none,-1,
910000003068,False,none,-1,
910000003069,False,none,-1,
910000003070,False,none,-1,
910000003071,True,L2,93,910000005922
910000003072,False,none,-1,
910000003073,False,none,-1,
910000003074,False,none,-1,
910000003075,False,none,-1,
910000003076,False,none,-1,
910000003077,False,none,-1,
910000003078,True,L1,9,910000016343
910000003079,False,none,-1,
910000003080,False,none,-1,
910000003081,False,none,-1,
910000003082,False,none,-1,
910000003083,False,none,-1,
910000003084,False,none,-1,
910000003085,False,none,-1,
910000003086,False,none,-1,
910000003087,False,none,-1,
910000003088,False,none,-1,
910000003089,False,none,-1,
910000003090,False,none,-1,
910000003091,False,none,-1,
910000003092,False,none,-1,
910000003093,False,none,-1,
910000003094,False,none,-1,
910000003095,False,none,-1,
910000003096,False,none,-1,
910000003097,True,L2,38,910000011933
910000003098,False,none,-1,
910000003099,False,none,-1,
910000003100,False,none,-1,
910000003101,False,none,-1,
910000003102,False,none,-1,
910000003103,False,none,-1,
910000003104,False,none,-1,
910000003105,False,none,-1,
910000003106,False,none,-1,
910000003107,False,none,-1,
910000003108,False,none,-1,
910000003109,False,none,-1,
910000003110,False,none,-1,
910000003111,False,none,-1,
910000003112,False,none,-1,
910000003113,False,none,-1,
910000003114,False,none,-1,
910000003115,False,none,-1,
910000003116,False,none,-1,
910000003117,False,none,-1,
910000003118,False,none,-1,
910000003119,False,none,-1,
910000003120,False,none,-1,
910000003121,False,none,-1,
910000003122,False,none,-1,
910000003123,False,none,-1,
910000003124,False,none,-1,
910000003125,False,none,-1,
910000003126,False,none,-1,
910000003127,False,none,-1,
910000003128,False,none,-1,
910000003129,False,none,-1,
910000003130,False,none,-1,
910000003131,False,none,-1,
910000003132,False,none,-1,
910000003133,False,none,-1,
910000003134,False,none,-1,
910000003135,False,none,-1,
910000003136,False,none,-1,
910000003137,False,none,-1,
910000003138,False,none,-1,
910000003139,False,none,-1,
910000003140,False,none,-1,
910000003141,False,none,-1,
910000003142,False,none,-1,
910000003143,True,L3,63,910000019535
910000003144,False,none,-1,
910000003145,False,none,-1,
910000003146,False,none,-1,
910000003147,False,none,-1,
910000003148,False,none,-1,
910000003149,False,none,-1,
910000003150,False,none,-1,
910000003151,False,none,-1,
910000003152,False,none,-1,
910000003153,False,none,-1,
910000003154,False,none,-1,
910000003155,False,none,-1,
910000003156,False,none,-1,
910000003157,False,none,-1,
910000003158,False,none,-1,
910000003159,False,none,-1,
910000003160,False,none,-1,
910000003161,False,none,-1,
910000003162,False,none,-1,
910000003163,False,none,-1,
910000003164,False,none,-1,
910000003165,False,none,-1,
910000003166,False,none,-1,
910000003167,False,none,-1,
910000003168,False,none,-1,
910000003169,False,none,-1,
910000003170,True,L1,54,910000005950
910000003171,False,none,-1,
910000003172,False,none,-1,
910000003173,False,none,-1,
910000003174,False,none,-1,
910000003175,False,none,-1,
910000003176,False,none,-1,
910000003177,False,none,-1,
910000003178,False,none,-1,
910000003179,False,none,-1,
910000003180,False,none,-1,
910000003181,False,none,-1,
910000003182,True,L3,98,910000006246
910000003183,False,none,-1,
910000003184,False,none,-1,
910000003185,False,none,-1,
910000003186,False,none,-1,
910000003187,False,none,-1,
910000003188,False,none,-1,
910000003189,False,none,-1,
910000003190,True,L2,17,910000009375
910000003191,False,none,-1,
910000003192,False,none,-1,
910000003193,False,none,-1,
910000003194,False,none,-1,
910000003195,False,none,-1,
910000003196,False,none,-1,
910000003197,False,none,-1,
910000003198,False,none,-1,
910000003199,False,none,-1,
910000003200,False,none,-1,
910000003201,True,L3,71,910000012327
910000003202,False,none,-1,
910000003203,False,none,-1,
910000003204,False,none,-1,
910000003205,False,none,-1,
910000003206,False,none,-1,
910000003207,False,none,-1,
910000003208,False,none,-1,
910000003209,False,none,-1,
910000003210,False,none,-1,
910000003211,True,L3,94,910000014634
910000003212,True,L3,83,910000004010
910000003213,False,none,-1,
910000003214,False,none,-1,
910000003215,False,none,-1,
910000003216,False,none,-1,
910000003217,False,none,-1,
910000003218,False,none,-1,
910000003219,False,none,-1,
910000003220,False,none,-1,
910000003221,False,none,-1,
910000003222,False,none,-1,
910000003223,True,L2,33,910000018608
910000003224,False,none,-1,
910000003225,False,none,-1,
910000003226,False,none,-1,
910000003227,True,L2,78,910000024868
910000003228,False,none,-1,
910000003229,False,none,-1,
910000003230,False,none,-1,
910000003231,False,none,-1,
910000003232,False,none,-1,
910000003233,False,none,-1,
910000003234,False,none,-1,
910000003235,False,none,-1,
910000003236,False,none,-1,
910000003237,False,none,-1,
910000003238,False,none,-1,
910000003239,False,none,-1,
910000003240,False,none,-1,
910000003241,False,none,-1,
910000003242,False,none,-1,
910000003243,False,none,-1,
910000003244,False,none,-1,
910000003245,False,none,-1,
910000003246,False,none,-1,
910000003247,False,none,-1,
910000003248,False,none,-1,
910000003249,False,none,-1,
910000003250,False,none,-1,
910000003251,False,none,-1,
910000003252,False,none,-1,
910000003253,False,none,-1,
910000003254,False,none,-1,
910000003255,False,none,-1,
910000003256,False,none,-1,
910000003257,False,none,-1,
910000003258,False,none,-1,
910000003259,False,none,-1,
910000003260,False,none,-1,
910000003261,False,none,-1,
910000003262,False,none,-1,
910000003263,False,none,-1,
910000003264,False,none,-1,
910000003265,False,none,-1,
910000003266,True,L3,27,910000019664
910000003267,False,none,-1,
910000003268,False,none,-1,
910000003269,True,L1,77,910000004550
910000003270,False,none,-1,
910000003271,False,none,-1,
910000003272,False,none,-1,
910000003273,False,none,-1,
910000003274,False,none,-1,
910000003275,True,L3,34,910000007044
910000003276,False,none,-1,
910000003277,False,none,-1,
910000003278,True,L2,22,910000010458
910000003279,False,none,-1,
910000003280,False,none,-1,
910000003281,False,none,-1,
910000003282,False,none,-1,
910000003283,False,none,-1,
910000003284,False,none,-1,
910000003285,False,none,-1,
910000003286,False,none,-1,
910000003287,True,L2,67,910000017540
910000003288,False,none,-1,
910000003289,False,none,-1,
910000003290,False,none,-1,
910000003291,False,none,-1,
910000003292,False,none,-1,
910000003293,False,none,-1,
910000003294,False,none,-1,
910000003295,False,none,-1,
910000003296,False,none,-1,
910000003297,False,none,-1,
910000003298,False,none,-1,
910000003299,True,L2,98,910000006246
910000003300,False,none,-1,
910000003301,False,none,-1,
910000003302,False,none,-1,
910000003303,True,L2,54,910000005950
910000003304,False,none,-1,
910000003305,False,none,-1,
910000003306,False,none,-1,
910000003307,False,none,-1,
910000003308,False,none,-1,
910000003309,False,none,-1,
910000003310,False,none,-1,
910000003311,False,none,-1,
910000003312,False,none,-1,
910000003313,False,none,-1,
910000003314,False,none,-1,
910000003315,False,none,-1,
910000003316,False,none,-1,
910000003317,False,none,-1,
910000003318,False,none,-1,
910000003319,False,none,-1,
910000003320,False,none,-1,
910000003321,False,none,-1,
910000003322,False,none,-1,
910000003323,False,none,-1,
910000003324,False,none,-1,
910000003325,False,none,-1,
910000003326,False,none,-1,
910000003327,False,none,-1,
910000003328,False,none,-1,
910000003329,False,none,-1,
910000003330,False,none,-1,
910000003331,False,none,-1,
910000003332,False,none,-1,
910000003333,False,none,-1,
910000003334,False,none,-1,
910000003335,False,none,-1,
910000003336,False,none,-1,
910000003337,False,none,-1,
910000003338,False,none,-1,
910000003339,False,none,-1,
910000003340,False,none,-1,
910000003341,False,none,-1,
910000003342,False,none,-1,
910000003343,False,none,-1,
910000003344,False,none,-1,
910000003345,False,none,-1,
910000003346,False,none,-1,
910000003347,False,none,-1,
910000003348,False,none,-1,
910000003349,False,none,-1,
910000003350,False,none,-1,
910000003351,False,none,-1,
910000003352,True,L3,16,910000008831
910000003353,True,L3,3,910000005391
910000003354,False,none,-1,
910000003355,False,none,-1,
910000003356,False,none,-1,
910000003357,False,none,-1,
910000003358,False,none,-1,
910000003359,False,none,-1,
910000003360,False,none,-1,
910000003361,False,none,-1,
910000003362,False,none,-1,
910000003363,False,none,-1,
910000003364,False,none,-1,
910000003365,False,none,-1,
910000003366,False,none,-1,
910000003367,False,none,-1,
910000003368,False,none,-1,
910000003369,False,none,-1,
910000003370,False,none,-1,
910000003371,False,none,-1,
910000003372,False,none,-1,
910000003373,False,none,-1,
910000003374,False,none,-1,
910000003375,False,none,-1,
910000003376,False,none,-1,
910000003377,False,none,-1,
910000003378,False,none,-1,
910000003379,False,none,-1,
910000003380,False,none,-1,
910000003381,False,none,-1,
910000003382,True,L2,91,910000015936
910000003383,True,L1,71,910000012327
910000003384,False,none,-1,
910000003385,False,none,-1,
910000003386,False,none,-1,
910000003387,True,L2,0,910000024789
910000003388,False,none,-1,
910000003389,False,none,-1,
910000003390,False,none,-1,
910000003391,False,none,-1,
910000003392,False,none,-1,
910000003393,False,none,-1,
910000003394,False,none,-1,
910000003395,False,none,-1,
910000003396,False,none,-1,
910000003397,True,L2,66,910000009406
910000003398,False,none,-1,
910000003399,False,none,-1,
910000003400,False,none,-1,
910000003401,False,none,-1,
910000003402,False,none,-1,
910000003403,True,L3,85,910000000362
910000003404,False,none,-1,
910000003405,False,none,-1,
910000003406,False,none,-1,
910000003407,False,none,-1,
910000003408,False,none,-1,
910000003409,False,none,-1,
910000003410,False,none,-1,
910000003411,False,none,-1,
910000003412,False,none,-1,
910000003413,False,none,-1,
910000003414,False,none,-1,
910000003415,False,none,-1,
910000003416,False,none,-1,
910000003417,False,none,-1,
910000003418,False,none,-1,
910000003419,False,none,-1,
910000003420,False,none,-1,
910000003421,False,none,-1,
910000003422,False,none,-1,
910000003423,False,none,-1,
910000003424,False,none,-1,
910000003425,False,none,-1,
910000003426,False,none,-1,
910000003427,False,none,-1,
910000003428,False,none,-1,
910000003429,False,none,-1,
910000003430,False,none,-1,
910000003431,False,none,-1,
910000003432,False,none,-1,
910000003433,False,none,-1,
910000003434,True,L3,73,910000008345
910000003435,False,none,-1,
910000003436,False,none,-1,
910000003437,False,none,-1,
910000003438,False,none,-1,
910000003439,False,none,-1,
910000003440,False,none,-1,
910000003441,False,none,-1,
910000003442,True,L2,60,910000007647
910000003443,False,none,-1,
910000003444,False,none,-1,
910000003445,False,none,-1,
910000003446,False,none,-1,
910000003447,False,none,-1,
910000003448,False,none,-1,
910000003449,False,none,-1,
910000003450,False,none,-1,
910000003451,False,none,-1,
910000003452,False,none,-1,
910000003453,False,none,-1,
910000003454,False,none,-1,
910000003455,False,none,-1,
910000003456,False,none,-1,
910000003457,False,none,-1,
910000003458,False,none,-1,
910000003459,False,none,-1,
910000003460,False,none,-1,
910000003461,False,none,-1,
910000003462,False,none,-1,
910000003463,False,none,-1,
910000003464,True,L2,23,910000006128
910000003465,False,none,-1,
910000003466,False,none,-1,
910000003467,False,none,-1,
910000003468,False,none,-1,
910000003469,False,none,-1,
910000003470,False,none,-1,
910000003471,False,none,-1,
910000003472,False,none,-1,
910000003473,False,none,-1,
910000003474,True,L3,81,910000021910
910000003475,False,none,-1,
910000003476,False,none,-1,
910000003477,False,none,-1,
910000003478,False,none,-1,
910000003479,False,none,-1,
910000003480,False,none,-1,
910000003481,False,none,-1,
910000003482,False,none,-1,
910000003483,False,none,-1,
910000003484,False,none,-1,
910000003485,False,none,-1,
910000003486,False,none,-1,
910000003487,False,none,-1,
910000003488,False,none,-1,
910000003489,True,L1,40,910000020852
910000003490,False,none,-1,
910000003491,False,none,-1,
910000003492,False,none,-1,
910000003493,True,L2,4,910000018706
910000003494,False,none,-1,
910000003495,False,none,-1,
910000003496,False,none,-1,
910000003497,False,none,-1,
910000003498,False,none,-1,
910000003499,False,none,-1,
910000003500,False,none,-1,
910000003501,False,none,-1,
910000003502,False,none,-1,
910000003503,True,L2,58,910000016011
910000003504,True,L3,0,910000024789
910000003505,False,none,-1,
910000003506,False,none,-1,
910000003507,False,none,-1,
910000003508,False,none,-1,
910000003509,False,none,-1,
910000003510,False,none,-1,
910000003511,False,none,-1,
910000003512,False,none,-1,
910000003513,False,none,-1,
910000003514,False,none,-1,
910000003515,False,none,-1,
910000003516,False,none,-1,
910000003517,False,none,-1,
910000003518,False,none,-1,
910000003519,False,none,-1,
910000003520,False,none,-1,
910000003521,False,none,-1,
910000003522,False,none,-1,
910000003523,False,none,-1,
910000003524,False,none,-1,
910000003525,False,none,-1,
910000003526,False,none,-1,
910000003527,False,none,-1,
910000003528,False,none,-1,
910000003529,False,none,-1,
910000003530,False,none,-1,
910000003531,False,none,-1,
910000003532,False,none,-1,
910000003533,False,none,-1,
910000003534,False,none,-1,
910000003535,False,none,-1,
910000003536,False,none,-1,
910000003537,False,none,-1,
910000003538,False,none,-1,
910000003539,False,none,-1,
910000003540,False,none,-1,
910000003541,False,none,-1,
910000003542,True,L2,9,910000016343
910000003543,False,none,-1,
910000003544,False,none,-1,
910000003545,False,none,-1,
910000003546,False,none,-1,
910000003547,False,none,-1,
910000003548,True,L2,10,910000002246
910000003549,True,L3,31,910000017714
910000003550,False,none,-1,
910000003551,False,none,-1,
910000003552,False,none,-1,
910000003553,False,none,-1,
910000003554,False,none,-1,
910000003555,False,none,-1,
910000003556,False,none,-1,
910000003557,False,none,-1,
910000003558,False,none,-1,
910000003559,False,none,-1,
910000003560,False,none,-1,
910000003561,False,none,-1,
910000003562,False,none,-1,
910000003563,False,none,-1,
910000003564,False,none,-1,
910000003565,False,none,-1,
910000003566,False,none,-1,
910000003567,False,none,-1,
910000003568,False,none,-1,
910000003569,False,none,-1,
910000003570,False,none,-1,
910000003571,False,none,-1,
910000003572,False,none,-1,
910000003573,False,none,-1,
910000003574,False,none,-1,
910000003575,False,none,-1,
910000003576,False,none,-1,
910000003577,False,none,-1,
910000003578,False,none,-1,
910000003579,False,none,-1,
910000003580,False,none,-1,
910000003581,False,none,-1,
910000003582,False,none,-1,
910000003583,False,none,-1,
910000003584,False,none,-1,
910000003585,False,none,-1,
910000003586,False,none,-1,
910000003587,False,none,-1,
910000003588,False,none,-1,
910000003589,True,L2,16,910000008831
910000003590,True,L3,4,910000018706
910000003591,False,none,-1,
910000003592,False,none,-1,
910000003593,False,none,-1,
910000003594,False,none,-1,
910000003595,False,none,-1,
910000003596,True,L3,49,910000014166
910000003597,False,none,-1,
910000003598,False,none,-1,
910000003599,False,none,-1,
910000003600,False,none,-1,
910000003601,False,none,-1,
910000003602,False,none,-1,
910000003603,False,none,-1,
910000003604,False,none,-1,
910000003605,False,none,-1,
910000003606,False,none,-1,
910000003607,False,none,-1,
910000003608,False,none,-1,
910000003609,False,none,-1,
910000003610,True,L2,7,910000021465
910000003611,False,none,-1,
910000003612,False,none,-1,
910000003613,False,none,-1,
910000003614,False,none,-1,
910000003615,False,none,-1,
910000003616,False,none,-1,
910000003617,False,none,-1,
910000003618,False,none,-1,
910000003619,False,none,-1,
910000003620,False,none,-1,
910000003621,False,none,-1,
910000003622,False,none,-1,
910000003623,False,none,-1,
910000003624,False,none,-1,
910000003625,False,none,-1,
910000003626,False,none,-1,
910000003627,False,none,-1,
910000003628,False,none,-1,
910000003629,False,none,-1,
910000003630,False,none,-1,
910000003631,False,none,-1,
910000003632,False,none,-1,
910000003633,False,none,-1,
910000003634,False,none,-1,
910000003635,True,L2,18,910000003772
910000003636,True,L3,65,910000010732
910000003637,False,none,-1,
910000003638,False,none,-1,
910000003639,False,none,-1,
910000003640,False,none,-1,
910000003641,False,none,-1,
910000003642,False,none,-1,
910000003643,False,none,-1,
910000003644,True,L3,42,910000012324
910000003645,False,none,-1,
910000003646,False,none,-1,
910000003647,False,none,-1,
910000003648,False,none,-1,
910000003649,False,none,-1,
910000003650,False,none,-1,
910000003651,False,none,-1,
910000003652,False,none,-1,
910000003653,False,none,-1,
910000003654,False,none,-1,
910000003655,False,none,-1,
910000003656,False,none,-1,
910000003657,False,none,-1,
910000003658,False,none,-1,
910000003659,False,none,-1,
910000003660,False,none,-1,
910000003661,False,none,-1,
910000003662,False,none,-1,
910000003663,False,none,-1,
910000003664,False,none,-1,
910000003665,False,none,-1,
910000003666,False,none,-1,
910000003667,False,none,-1,
910000003668,False,none,-1,
910000003669,False,none,-1,
910000003670,False,none,-1,
910000003671,False,none,-1,
910000003672,False,none,-1,
910000003673,False,none,-1,
910000003674,True,L2,12,910000020672
910000003675,False,none,-1,
910000003676,False,none,-1,
910000003677,False,none,-1,
910000003678,False,none,-1,
910000003679,False,none,-1,
910000003680,False,none,-1,
910000003681,False,none,-1,
910000003682,False,none,-1,
910000003683,False,none,-1,
910000003684,False,none,-1,
910000003685,False,none,-1,
910000003686,False,none,-1,
910000003687,True,L2,25,910000004408
910000003688,False,none,-1,
910000003689,False,none,-1,
910000003690,False,none,-1,
910000003691,True,L2,82,910000003073
910000003692,False,none,-1,
910000003693,False,none,-1,
910000003694,False,none,-1,
910000003695,False,none,-1,
910000003696,False,none,-1,
910000003697,False,none,-1,
910000003698,False,none,-1,
910000003699,False,none,-1,
910000003700,False,none,-1,
910000003701,False,none,-1,
910000003702,False,none,-1,
910000003703,False,none,-1,
910000003704,False,none,-1,
910000003705,False,none,-1,
910000003706,False,none,-1,
910000003707,True,L2,32,910000012163
910000003708,False,none,-1,
910000003709,False,none,-1,
910000003710,False,none,-1,
910000003711,True,L2,8,910000006300
910000003712,False,none,-1,
910000003713,False,none,-1,
910000003714,False,none,-1,
910000003715,False,none,-1,
910000003716,False,none,-1,
910000003717,False,none,-1,
910000003718,False,none,-1,
910000003719,False,none,-1,
910000003720,False,none,-1,
910000003721,False,none,-1,
910000003722,False,none,-1,
910000003723,False,none,-1,
910000003724,False,none,-1,
910000003725,False,none,-1,
910000003726,False,none,-1,
910000003727,False,none,-1,
910000003728,False,none,-1,
910000003729,False,none,-1,
910000003730,False,none,-1,
910000003731,False,none,-1,
910000003732,False,none,-1,
910000003733,True,L1,71,910000012327
910000003734,False,none,-1,
910000003735,False,none,-1,
910000003736,True,L3,98,910000006246
910000003737,False,none,-1,
910000003738,False,none,-1,
910000003739,False,none,-1,
910000003740,False,none,-1,
910000003741,True,L1,38,910000011933
910000003742,False,none,-1,
910000003743,False,none,-1,
910000003744,False,none,-1,
910000003745,False,none,-1,
910000003746,False,none,-1,
910000003747,False,none,-1,
910000003748,False,none,-1,
910000003749,False,none,-1,
910000003750,False,none,-1,
910000003751,False,none,-1,
910000003752,False,none,-1,
910000003753,False,none,-1,
910000003754,False,none,-1,
910000003755,False,none,-1,
910000003756,False,none,-1,
910000003757,False,none,-1,
910000003758,False,none,-1,
910000003759,False,none,-1,
910000003760,False,none,-1,
910000003761,False,none,-1,
910000003762,False,none,-1,
910000003763,False,none,-1,
910000003764,False,none,-1,
910000003765,False,none,-1,
910000003766,False,none,-1,
910000003767,False,none,-1,
910000003768,False,none,-1,
910000003769,False,none,-1,
910000003770,False,none,-1,
910000003771,False,none,-1,
910000003772,False,none,-1,
910000003773,False,none,-1,
910000003774,False,none,-1,
910000003775,False,none,-1,
910000003776,False,none,-1,
910000003777,False,none,-1,
910000003778,False,none,-1,
910000003779,False,none,-1,
910000003780,False,none,-1,
910000003781,False,none,-1,
910000003782,False,none,-1,
910000003783,False,none,-1,
910000003784,False,none,-1,
910000003785,True,L2,13,910000002736
910000003786,False,none,-1,
910000003787,False,none,-1,
910000003788,False,none,-1,
910000003789,False,none,-1,
910000003790,False,none,-1,
910000003791,False,none,-1,
910000003792,False,none,-1,
910000003793,True,L3,75,910000008084
910000003794,False,none,-1,
910000003795,False,none,-1,
910000003796,False,none,-1,
910000003797,False,none,-1,
910000003798,False,none,-1,
910000003799,False,none,-1,
910000003800,True,L1,80,910000022510
910000003801,False,none,-1,
910000003802,False,none,-1,
910000003803,False,none,-1,
910000003804,False,none,-1,
910000003805,False,none,-1,
910000003806,False,none,-1,
910000003807,True,L3,77,910000004550
910000003808,False,none,-1,
910000003809,False,none,-1,
910000003810,False,none,-1,
910000003811,False,none,-1,
910000003812,False,none,-1,
910000003813,False,none,-1,
910000003814,False,none,-1,
910000003815,False,none,-1,
910000003816,False,none,-1,
910000003817,False,none,-1,
910000003818,False,none,-1,
910000003819,False,none,-1,
910000003820,False,none,-1,
910000003821,False,none,-1,
910000003822,False,none,-1,
910000003823,False,none,-1,
910000003824,False,none,-1,
910000003825,False,none,-1,
910000003826,False,none,-1,
910000003827,False,none,-1,
910000003828,False,none,-1,
910000003829,False,none,-1,
910000003830,False,none,-1,
910000003831,False,none,-1,
910000003832,False,none,-1,
910000003833,False,none,-1,
910000003834,False,none,-1,
910000003835,False,none,-1,
910000003836,False,none,-1,
910000003837,False,none,-1,
910000003838,False,none,-1,
910000003839,False,none,-1,
910000003840,False,none,-1,
910000003841,False,none,-1,
910000003842,False,none,-1,
910000003843,False,none,-1,
910000003844,True,L3,14,910000024141
910000003845,True,L3,50,910000021944
910000003846,False,none,-1,
910000003847,False,none,-1,
910000003848,False,none,-1,
910000003849,True,L2,3,910000005391
910000003850,False,none,-1,
910000003851,False,none,-1,
910000003852,False,none,-1,
910000003853,False,none,-1,
910000003854,False,none,-1,
910000003855,False,none,-1,
910000003856,False,none,-1,
910000003857,False,none,-1,
910000003858,False,none,-1,
910000003859,False,none,-1,
910000003860,False,none,-1,
910000003861,False,none,-1,
910000003862,False,none,-1,
910000003863,False,none,-1,
910000003864,False,none,-1,
910000003865,False,none,-1,
910000003866,False,none,-1,
910000003867,False,none,-1,
910000003868,False,none,-1,
910000003869,False,none,-1,
910000003870,False,none,-1,
910000003871,False,none,-1,
910000003872,False,none,-1,
910000003873,False,none,-1,
910000003874,False,none,-1,
910000003875,False,none,-1,
910000003876,False,none,-1,
910000003877,False,none,-1,
910000003878,True,L1,99,910000017824
910000003879,False,none,-1,
910000003880,False,none,-1,
910000003881,False,none,-1,
910000003882,False,none,-1,
910000003883,False,none,-1,
910000003884,False,none,-1,
910000003885,False,none,-1,
910000003886,False,none,-1,
910000003887,False,none,-1,
910000003888,False,none,-1,
910000003889,False,none,-1,
910000003890,False,none,-1,
910000003891,False,none,-1,
910000003892,False,none,-1,
910000003893,False,none,-1,
910000003894,False,none,-1,
910000003895,False,none,-1,
910000003896,False,none,-1,
910000003897,False,none,-1,
910000003898,False,none,-1,
910000003899,False,none,-1,
910000003900,False,none,-1,
910000003901,False,none,-1,
910000003902,False,none,-1,
910000003903,False,none,-1,
910000003904,False,none,-1,
910000003905,False,none,-1,
910000003906,False,none,-1,
910000003907,False,none,-1,
910000003908,False,none,-1,
910000003909,False,none,-1,
910000003910,False,none,-1,
910000003911,False,none,-1,
910000003912,False,none,-1,
910000003913,False,none,-1,
910000003914,False,none,-1,
910000003915,False,none,-1,
910000003916,False,none,-1,
910000003917,False,none,-1,
910000003918,False,none,-1,
910000003919,False,none,-1,
910000003920,False,none,-1,
910000003921,False,none,-1,
910000003922,False,none,-1,
910000003923,True,L2,80,910000022510
910000003924,False,none,-1,
910000003925,False,none,-1,
910000003926,False,none,-1,
910000003927,False,none,-1,
910000003928,False,none,-1,
910000003929,False,none,-1,
910000003930,False,none,-1,
910000003931,False,none,-1,
910000003932,False,none,-1,
910000003933,False,none,-1,
910000003934,False,none,-1,
910000003935,False,none,-1,
910000003936,False,none,-1,
910000003937,False,none,-1,
910000003938,False,none,-1,
910000003939,False,none,-1,
910000003940,False,none,-1,
910000003941,False,none,-1,
910000003942,False,none,-1,
910000003943,True,L3,47,910000014570
910000003944,False,none,-1,
910000003945,False,none,-1,
910000003946,False,none,-1,
910000003947,False,none,-1,
910000003948,False,none,-1,
910000003949,False,none,-1,
910000003950,False,none,-1,
910000003951,False,none,-1,
910000003952,False,none,-1,
910000003953,False,none,-1,
910000003954,True,L3,32,910000012163
910000003955,False,none,-1,
910000003956,False,none,-1,
910000003957,False,none,-1,
910000003958,False,none,-1,
910000003959,False,none,-1,
910000003960,False,none,-1,
910000003961,False,none,-1,
910000003962,False,none,-1,
910000003963,False,none,-1,
910000003964,False,none,-1,
910000003965,False,none,-1,
910000003966,False,none,-1,
910000003967,False,none,-1,
910000003968,False,none,-1,
910000003969,False,none,-1,
910000003970,False,none,-1,
910000003971,False,none,-1,
910000003972,True,L3,77,910000004550
910000003973,False,none,-1,
910000003974,False,none,-1,
910000003975,True,L3,99,910000017824
910000003976,False,none,-1,
910000003977,False,none,-1,
910000003978,False,none,-1,
910000003979,False,none,-1,
910000003980,False,none,-1,
910000003981,False,none,-1,
910000003982,False,none,-1,
910000003983,False,none,-1,
910000003984,False,none,-1,
910000003985,False,none,-1,
910000003986,False,none,-1,
910000003987,False,none,-1,
910000003988,False,none,-1,
910000003989,False,none,-1,
910000003990,False,none,-1,
910000003991,False,none,-1,
910000003992,False,none,-1,
910000003993,False,none,-1,
910000003994,True,L2,73,910000008345
910000003995,False,none,-1,
910000003996,False,none,-1,
910000003997,False,none,-1,
910000003998,False,none,-1,
910000003999,False,none,-1,
910000004000,False,none,-1,
910000004001,False,none,-1,
910000004002,False,none,-1,
910000004003,False,none,-1,
910000004004,False,none,-1,
910000004005,False,none,-1,
910000004006,False,none,-1,
910000004007,False,none,-1,
910000004008,False,none,-1,
910000004009,False,none,-1,
910000004010,False,none,-1,
910000004011,False,none,-1,
910000004012,False,none,-1,
910000004013,False,none,-1,
910000004014,False,none,-1,
910000004015,False,none,-1,
910000004016,False,none,-1,
910000004017,False,none,-1,
910000004018,False,none,-1,
910000004019,False,none,-1,
910000004020,False,none,-1,
910000004021,False,none,-1,
910000004022,False,none,-1,
910000004023,False,none,-1,
910000004024,False,none,-1,
910000004025,False,none,-1,
910000004026,False,none,-1,
910000004027,False,none,-1,
910000004028,False,none,-1,
910000004029,False,none,-1,
910000004030,False,none,-1,
910000004031,False,none,-1,
910000004032,False,none,-1,
910000004033,False,none,-1,
910000004034,False,none,-1,
910000004035,False,none,-1,
910000004036,False,none,-1,
910000004037,False,none,-1,
910000004038,False,none,-1,
910000004039,False,none,-1,
910000004040,False,none,-1,
910000004041,False,none,-1,
910000004042,False,none,-1,
910000004043,False,none,-1,
910000004044,False,none,-1,
910000004045,False,none,-1,
910000004046,False,none,-1,
910000004047,False,none,-1,
910000004048,False,none,-1,
910000004049,False,none,-1,
910000004050,False,none,-1,
910000004051,False,none,-1,
910000004052,False,none,-1,
910000004053,False,none,-1,
910000004054,False,none,-1,
910000004055,False,none,-1,
910000004056,False,none,-1,
910000004057,False,none,-1,
910000004058,False,none,-1,
910000004059,False,none,-1,
910000004060,True,L3,51,910000010225
910000004061,False,none,-1,
910000004062,False,none,-1,
910000004063,False,none,-1,
910000004064,False,none,-1,
910000004065,False,none,-1,
910000004066,False,none,-1,
910000004067,False,none,-1,
910000004068,False,none,-1,
910000004069,True,L1,33,910000018608
910000004070,False,none,-1,
910000004071,True,L3,60,910000007647
910000004072,False,none,-1,
910000004073,False,none,-1,
910000004074,False,none,-1,
910000004075,False,none,-1,
910000004076,False,none,-1,
910000004077,False,none,-1,
910000004078,False,none,-1,
910000004079,False,none,-1,
910000004080,False,none,-1,
910000004081,False,none,-1,
910000004082,False,none,-1,
910000004083,False,none,-1,
910000004084,False,none,-1,
910000004085,True,L3,23,910000006128
910000004086,False,none,-1,
910000004087,False,none,-1,
910000004088,False,none,-1,
910000004089,False,none,-1,
910000004090,False,none,-1,
910000004091,False,none,-1,
910000004092,False,none,-1,
910000004093,False,none,-1,
910000004094,False,none,-1,
910000004095,False,none,-1,
910000004096,False,none,-1,
910000004097,False,none,-1,
910000004098,True,L3,28,910000002949
910000004099,False,none,-1,
910000004100,False,none,-1,
910000004101,False,none,-1,
910000004102,True,L3,92,910000021432
910000004103,False,none,-1,
910000004104,False,none,-1,
910000004105,False,none,-1,
910000004106,False,none,-1,
910000004107,False,none,-1,
910000004108,False,none,-1,
910000004109,False,none,-1,
910000004110,False,none,-1,
910000004111,False,none,-1,
910000004112,False,none,-1,
910000004113,False,none,-1,
910000004114,False,none,-1,
910000004115,False,none,-1,
910000004116,False,none,-1,
910000004117,False,none,-1,
910000004118,False,none,-1,
910000004119,False,none,-1,
910000004120,False,none,-1,
910000004121,False,none,-1,
910000004122,False,none,-1,
910000004123,False,none,-1,
910000004124,False,none,-1,
910000004125,False,none,-1,
910000004126,False,none,-1,
910000004127,False,none,-1,
910000004128,False,none,-1,
910000004129,False,none,-1,
910000004130,False,none,-1,
910000004131,False,none,-1,
910000004132,False,none,-1,
910000004133,False,none,-1,
910000004134,False,none,-1,
910000004135,False,none,-1,
910000004136,False,none,-1,
910000004137,False,none,-1,
910000004138,False,none,-1,
910000004139,False,none,-1,
910000004140,False,none,-1,
910000004141,True,L2,86,910000022980
910000004142,False,none,-1,
910000004143,False,none,-1,
910000004144,False,none,-1,
910000004145,False,none,-1,
910000004146,False,none,-1,
910000004147,False,none,-1,
910000004148,False,none,-1,
910000004149,False,none,-1,
910000004150,False,none,-1,
910000004151,False,none,-1,
910000004152,False,none,-1,
910000004153,False,none,-1,
910000004154,False,none,-1,
910000004155,False,none,-1,
910000004156,False,none,-1,
910000004157,False,none,-1,
910000004158,True,L3,26,910000012293
910000004159,False,none,-1,
910000004160,False,none,-1,
910000004161,False,none,-1,
910000004162,False,none,-1,
910000004163,False,none,-1,
910000004164,False,none,-1,
910000004165,False,none,-1,
910000004166,False,none,-1,
910000004167,False,none,-1,
910000004168,False,none,-1,
910000004169,False,none,-1,
910000004170,False,none,-1,
910000004171,False,none,-1,
910000004172,False,none,-1,
910000004173,False,none,-1,
910000004174,False,none,-1,
910000004175,False,none,-1,
910000004176,False,none,-1,
910000004177,False,none,-1,
910000004178,False,none,-1,
910000004179,True,L2,40,910000020852
910000004180,False,none,-1,
910000004181,False,none,-1,
910000004182,False,none,-1,
910000004183,False,none,-1,
910000004184,False,none,-1,
910000004185,False,none,-1,
910000004186,False,none,-1,
910000004187,False,none,-1,
910000004188,False,none,-1,
910000004189,False,none,-1,
910000004190,False,none,-1,
910000004191,False,none,-1,
910000004192,False,none,-1,
910000004193,False,none,-1,
910000004194,False,none,-1,
910000004195,False,none,-1,
910000004196,False,none,-1,
910000004197,False,none,-1,
910000004198,False,none,-1,
910000004199,False,none,-1,
910000004200,False,none,-1,
910000004201,False,none,-1,
910000004202,False,none,-1,
910000004203,False,none,-1,
910000004204,False,none,-1,
910000004205,False,none,-1,
910000004206,False,none,-1,
910000004207,False,none,-1,
910000004208,False,none,-1,
910000004209,False,none,-1,
910000004210,False,none,-1,
910000004211,False,none,-1,
910000004212,False,none,-1,
910000004213,False,none,-1,
910000004214,False,none,-1,
910000004215,False,none,-1,
910000004216,False,none,-1,
910000004217,False,none,-1,
910000004218,False,none,-1,
910000004219,False,none,-1,
910000004220,False,none,-1,
910000004221,True,L2,98,910000006246
910000004222,False,none,-1,
910000004223,False,none,-1,
910000004224,False,none,-1,
910000004225,False,none,-1,
910000004226,False,none,-1,
910000004227,False,none,-1,
910000004228,False,none,-1,
910000004229,False,none,-1,
910000004230,True,L1,81,910000021910
910000004231,False,none,-1,
910000004232,False,none,-1,
910000004233,False,none,-1,
910000004234,False,none,-1,
910000004235,False,none,-1,
910000004236,False,none,-1,
910000004237,False,none,-1,
910000004238,False,none,-1,
910000004239,False,none,-1,
910000004240,False,none,-1,
910000004241,False,none,-1,
910000004242,False,none,-1,
910000004243,False,none,-1,
910000004244,False,none,-1,
910000004245,False,none,-1,
910000004246,False,none,-1,
910000004247,False,none,-1,
910000004248,False,none,-1,
910000004249,False,none,-1,
910000004250,False,none,-1,
910000004251,False,none,-1,
910000004252,False,none,-1,
910000004253,False,none,-1,
910000004254,False,none,-1,
910000004255,False,none,-1,
910000004256,False,none,-1,
910000004257,False,none,-1,
910000004258,False,none,-1,
910000004259,True,L3,91,910000015936
910000004260,False,none,-1,
910000004261,False,none,-1,
910000004262,False,none,-1,
910000004263,False,none,-1,
910000004264,False,none,-1,
910000004265,False,none,-1,
910000004266,False,none,-1,
910000004267,False,none,-1,
910000004268,False,none,-1,
910000004269,False,none,-1,
910000004270,False,none,-1,
910000004271,False,none,-1,
910000004272,False,none,-1,
910000004273,False,none,-1,
910000004274,True,L1,35,910000016466
910000004275,False,none,-1,
910000004276,True,L2,86,910000022980
910000004277,False,none,-1,
910000004278,False,none,-1,
910000004279,False,none,-1,
910000004280,False,none,-1,
910000004281,False,none,-1,
910000004282,False,none,-1,
910000004283,False,none,-1,
910000004284,False,none,-1,
910000004285,False,none,-1,
910000004286,True,L3,61,910000009892
910000004287,False,none,-1,
910000004288,False,none,-1,
910000004289,False,none,-1,
910000004290,False,none,-1,
910000004291,False,none,-1,
910000004292,False,none,-1,
910000004293,False,none,-1,
910000004294,True,L2,14,910000024141
910000004295,False,none,-1,
910000004296,False,none,-1,
910000004297,False,none,-1,
910000004298,False,none,-1,
910000004299,False,none,-1,
910000004300,False,none,-1,
910000004301,False,none,-1,
910000004302,False,none,-1,
910000004303,False,none,-1,
910000004304,True,L3,42,910000012324
910000004305,False,none,-1,
910000004306,False,none,-1,
910000004307,False,none,-1,
910000004308,False,none,-1,
910000004309,False,none,-1,
910000004310,False,none,-1,
910000004311,False,none,-1,
910000004312,False,none,-1,
910000004313,False,none,-1,
910000004314,False,none,-1,
910000004315,False,none,-1,
910000004316,False,none,-1,
910000004317,False,none,-1,
910000004318,False,none,-1,
910000004319,False,none,-1,
910000004320,False,none,-1,
910000004321,False,none,-1,
910000004322,False,none,-1,
910000004323,False,none,-1,
910000004324,False,none,-1,
910000004325,False,none,-1,
910000004326,False,none,-1,
910000004327,False,none,-1,
910000004328,False,none,-1,
910000004329,False,none,-1,
910000004330,False,none,-1,
910000004331,False,none,-1,
910000004332,False,none,-1,
910000004333,False,none,-1,
910000004334,False,none,-1,
910000004335,False,none,-1,
910000004336,False,none,-1,
910000004337,True,L3,69,910000006862
910000004338,False,none,-1,
910000004339,False,none,-1,
910000004340,False,none,-1,
910000004341,False,none,-1,
910000004342,False,none,-1,
910000004343,False,none,-1,
910000004344,True,L3,70,910000003386
910000004345,False,none,-1,
910000004346,False,none,-1,
910000004347,False,none,-1,
910000004348,False,none,-1,
910000004349,False,none,-1,
910000004350,False,none,-1,
910000004351,False,none,-1,
910000004352,False,none,-1,
910000004353,False,none,-1,
910000004354,False,none,-1,
910000004355,False,none,-1,
910000004356,False,none,-1,
910000004357,False,none,-1,
910000004358,False,none,-1,
910000004359,False,none,-1,
910000004360,False,none,-1,
910000004361,False,none,-1,
910000004362,False,none,-1,
910000004363,False,none,-1,
910000004364,False,none,-1,
910000004365,False,none,-1,
910000004366,False,none,-1,
910000004367,False,none,-1,
910000004368,False,none,-1,
910000004369,False,none,-1,
910000004370,False,none,-1,
910000004371,False,none,-1,
910000004372,False,none,-1,
910000004373,True,L2,9,910000016343
910000004374,False,none,-1,
910000004375,False,none,-1,
910000004376,False,none,-1,
910000004377,False,none,-1,
910000004378,False,none,-1,
910000004379,False,none,-1,
910000004380,False,none,-1,
910000004381,False,none,-1,
910000004382,False,none,-1,
910000004383,False,none,-1,
910000004384,False,none,-1,
910000004385,True,L1,47,910000014570
910000004386,False,none,-1,
910000004387,False,none,-1,
910000004388,False,none,-1,
910000004389,False,none,-1,
910000004390,False,none,-1,
910000004391,False,none,-1,
910000004392,False,none,-1,
910000004393,False,none,-1,
910000004394,False,none,-1,
910000004395,False,none,-1,
910000004396,False,none,-1,
910000004397,False,none,-1,
910000004398,True,L1,46,910000001459
910000004399,False,none,-1,
910000004400,False,none,-1,
910000004401,False,none,-1,
910000004402,False,none,-1,
910000004403,False,none,-1,
910000004404,False,none,-1,
910000004405,True,L2,57,910000022134
910000004406,True,L2,3,910000005391
910000004407,False,none,-1,
910000004408,False,none,-1,
910000004409,False,none,-1,
910000004410,False,none,-1,
910000004411,True,L1,21,910000024175
910000004412,False,none,-1,
910000004413,False,none,-1,
910000004414,False,none,-1,
910000004415,False,none,-1,
910000004416,False,none,-1,
910000004417,False,none,-1,
910000004418,False,none,-1,
910000004419,False,none,-1,
910000004420,False,none,-1,
910000004421,True,L3,86,910000022980
910000004422,False,none,-1,
910000004423,False,none,-1,
910000004424,False,none,-1,
910000004425,False,none,-1,
910000004426,False,none,-1,
910000004427,False,none,-1,
910000004428,False,none,-1,
910000004429,False,none,-1,
910000004430,False,none,-1,
910000004431,False,none,-1,
910000004432,False,none,-1,
910000004433,False,none,-1,
910000004434,False,none,-1,
910000004435,False,none,-1,
910000004436,False,none,-1,
910000004437,False,none,-1,
910000004438,False,none,-1,
910000004439,False,none,-1,
910000004440,False,none,-1,
910000004441,False,none,-1,
910000004442,False,none,-1,
910000004443,True,L2,20,910000005298
910000004444,False,none,-1,
910000004445,False,none,-1,
910000004446,False,none,-1,
910000004447,False,none,-1,
910000004448,False,none,-1,
910000004449,False,none,-1,
910000004450,False,none,-1,
910000004451,False,none,-1,
910000004452,False,none,-1,
910000004453,False,none,-1,
910000004454,False,none,-1,
910000004455,False,none,-1,
910000004456,False,none,-1,
910000004457,False,none,-1,
910000004458,False,none,-1,
910000004459,False,none,-1,
910000004460,False,none,-1,
910000004461,False,none,-1,
910000004462,False,none,-1,
910000004463,False,none,-1,
910000004464,False,none,-1,
910000004465,False,none,-1,
910000004466,False,none,-1,
910000004467,False,none,-1,
910000004468,False,none,-1,
910000004469,False,none,-1,
910000004470,False,none,-1,
910000004471,False,none,-1,
910000004472,False,none,-1,
910000004473,False,none,-1,
910000004474,False,none,-1,
910000004475,False,none,-1,
910000004476,False,none,-1,
910000004477,False,none,-1,
910000004478,False,none,-1,
910000004479,False,none,-1,
910000004480,False,none,-1,
910000004481,False,none,-1,
910000004482,False,none,-1,
910000004483,False,none,-1,
910000004484,False,none,-1,
910000004485,False,none,-1,
910000004486,False,none,-1,
910000004487,False,none,-1,
910000004488,False,none,-1,
910000004489,False,none,-1,
910000004490,True,L3,41,910000005164
910000004491,False,none,-1,
910000004492,False,none,-1,
910000004493,False,none,-1,
910000004494,False,none,-1,
910000004495,False,none,-1,
910000004496,False,none,-1,
910000004497,False,none,-1,
910000004498,False,none,-1,
910000004499,False,none,-1,
910000004500,False,none,-1,
910000004501,False,none,-1,
910000004502,False,none,-1,
910000004503,False,none,-1,
910000004504,False,none,-1,
910000004505,False,none,-1,
910000004506,False,none,-1,
910000004507,False,none,-1,
910000004508,False,none,-1,
910000004509,False,none,-1,
910000004510,False,none,-1,
910000004511,False,none,-1,
910000004512,False,none,-1,
910000004513,False,none,-1,
910000004514,False,none,-1,
910000004515,False,none,-1,
910000004516,False,none,-1,
910000004517,False,none,-1,
910000004518,False,none,-1,
910000004519,False,none,-1,
910000004520,True,L3,14,910000024141
910000004521,True,L3,17,910000009375
910000004522,False,none,-1,
910000004523,False,none,-1,
910000004524,False,none,-1,
910000004525,False,none,-1,
910000004526,False,none,-1,
910000004527,False,none,-1,
910000004528,False,none,-1,
910000004529,False,none,-1,
910000004530,False,none,-1,
910000004531,False,none,-1,
910000004532,False,none,-1,
910000004533,False,none,-1,
910000004534,False,none,-1,
910000004535,True,L2,50,910000021944
910000004536,False,none,-1,
910000004537,False,none,-1,
910000004538,False,none,-1,
910000004539,False,none,-1,
910000004540,False,none,-1,
910000004541,False,none,-1,
910000004542,False,none,-1,
910000004543,False,none,-1,
910000004544,False,none,-1,
910000004545,False,none,-1,
910000004546,False,none,-1,
910000004547,False,none,-1,
910000004548,True,L2,49,910000014166
910000004549,False,none,-1,
910000004550,False,none,-1,
910000004551,True,L2,62,910000013403
910000004552,False,none,-1,
910000004553,False,none,-1,
910000004554,False,none,-1,
910000004555,False,none,-1,
910000004556,False,none,-1,
910000004557,True,L2,16,910000008831
910000004558,False,none,-1,
910000004559,False,none,-1,
910000004560,False,none,-1,
910000004561,False,none,-1,
910000004562,False,none,-1,
910000004563,False,none,-1,
910000004564,True,L1,51,910000010225
910000004565,True,L3,29,910000015788
910000004566,False,none,-1,
910000004567,False,none,-1,
910000004568,False,none,-1,
910000004569,False,none,-1,
910000004570,False,none,-1,
910000004571,False,none,-1,
910000004572,False,none,-1,
910000004573,False,none,-1,
910000004574,False,none,-1,
910000004575,False,none,-1,
910000004576,False,none,-1,
910000004577,False,none,-1,
910000004578,False,none,-1,
910000004579,False,none,-1,
910000004580,True,L3,30,910000002311
910000004581,False,none,-1,
910000004582,False,none,-1,
910000004583,False,none,-1,
910000004584,False,none,-1,
910000004585,False,none,-1,
910000004586,False,none,-1,
910000004587,False,none,-1,
910000004588,False,none,-1,
910000004589,False,none,-1,
910000004590,False,none,-1,
910000004591,False,none,-1,
910000004592,False,none,-1,
910000004593,False,none,-1,
910000004594,False,none,-1,
910000004595,False,none,-1,
910000004596,False,none,-1,
910000004597,True,L3,26,910000012293
910000004598,False,none,-1,
910000004599,False,none,-1,
910000004600,False,none,-1,
910000004601,False,none,-1,
910000004602,False,none,-1,
910000004603,False,none,-1,
910000004604,False,none,-1,
910000004605,False,none,-1,
910000004606,False,none,-1,
910000004607,False,none,-1,
910000004608,False,none,-1,
910000004609,False,none,-1,
910000004610,False,none,-1,
910000004611,True,L1,72,910000017637
910000004612,False,none,-1,
910000004613,False,none,-1,
910000004614,False,none,-1,
910000004615,False,none,-1,
910000004616,False,none,-1,
910000004617,False,none,-1,
910000004618,False,none,-1,
910000004619,False,none,-1,
910000004620,False,none,-1,
910000004621,False,none,-1,
910000004622,False,none,-1,
910000004623,False,none,-1,
910000004624,False,none,-1,
910000004625,False,none,-1,
910000004626,False,none,-1,
910000004627,False,none,-1,
910000004628,False,none,-1,
910000004629,False,none,-1,
910000004630,False,none,-1,
910000004631,False,none,-1,
910000004632,False,none,-1,
910000004633,False,none,-1,
910000004634,False,none,-1,
910000004635,False,none,-1,
910000004636,False,none,-1,
910000004637,False,none,-1,
910000004638,False,none,-1,
910000004639,False,none,-1,
910000004640,False,none,-1,
910000004641,False,none,-1,
910000004642,False,none,-1,
910000004643,False,none,-1,
910000004644,False,none,-1,
910000004645,False,none,-1,
910000004646,False,none,-1,
910000004647,False,none,-1,
910000004648,False,none,-1,
910000004649,False,none,-1,
910000004650,False,none,-1,
910000004651,False,none,-1,
910000004652,False,none,-1,
910000004653,False,none,-1,
910000004654,True,L2,72,910000017637
910000004655,False,none,-1,
910000004656,False,none,-1,
910000004657,False,none,-1,
910000004658,False,none,-1,
910000004659,False,none,-1,
910000004660,False,none,-1,
910000004661,False,none,-1,
910000004662,False,none,-1,
910000004663,False,none,-1,
910000004664,False,none,-1,
910000004665,False,none,-1,
910000004666,False,none,-1,
910000004667,False,none,-1,
910000004668,False,none,-1,
910000004669,False,none,-1,
910000004670,False,none,-1,
910000004671,False,none,-1,
910000004672,False,none,-1,
910000004673,True,L2,70,910000003386
910000004674,False,none,-1,
910000004675,False,none,-1,
910000004676,False,none,-1,
910000004677,False,none,-1,
910000004678,False,none,-1,
910000004679,False,none,-1,
910000004680,True,L1,37,910000010112
910000004681,False,none,-1,
910000004682,False,none,-1,
910000004683,False,none,-1,
910000004684,False,none,-1,
910000004685,False,none,-1,
910000004686,False,none,-1,
910000004687,False,none,-1,
910000004688,False,none,-1,
910000004689,False,none,-1,
910000004690,False,none,-1,
910000004691,False,none,-1,
910000004692,False,none,-1,
910000004693,False,none,-1,
910000004694,False,none,-1,
910000004695,False,none,-1,
910000004696,False,none,-1,
910000004697,False,none,-1,
910000004698,False,none,-1,
910000004699,False,none,-1,
910000004700,False,none,-1,
910000004701,False,none,-1,
910000004702,False,none,-1,
910000004703,False,none,-1,
910000004704,False,none,-1,
910000004705,True,L3,59,910000017341
910000004706,True,L2,69,910000006862
910000004707,False,none,-1,
910000004708,False,none,-1,
910000004709,False,none,-1,
910000004710,False,none,-1,
910000004711,False,none,-1,
910000004712,False,none,-1,
910000004713,False,none,-1,
910000004714,False,none,-1,
910000004715,False,none,-1,
910000004716,True,L3,42,910000012324
910000004717,False,none,-1,
910000004718,False,none,-1,
910000004719,False,none,-1,
910000004720,False,none,-1,
910000004721,False,none,-1,
910000004722,False,none,-1,
910000004723,False,none,-1,
910000004724,False,none,-1,
910000004725,True,L3,40,910000020852
910000004726,False,none,-1,
910000004727,False,none,-1,
910000004728,False,none,-1,
910000004729,False,none,-1,
910000004730,False,none,-1,
910000004731,False,none,-1,
910000004732,False,none,-1,
910000004733,False,none,-1,
910000004734,False,none,-1,
910000004735,False,none,-1,
910000004736,False,none,-1,
910000004737,False,none,-1,
910000004738,False,none,-1,
910000004739,False,none,-1,
910000004740,False,none,-1,
910000004741,False,none,-1,
910000004742,False,none,-1,
910000004743,False,none,-1,
910000004744,False,none,-1,
910000004745,True,L3,10,910000002246
910000004746,False,none,-1,
910000004747,False,none,-1,
910000004748,False,none,-1,
910000004749,False,none,-1,
910000004750,False,none,-1,
910000004751,False,none,-1,
910000004752,False,none,-1,
910000004753,False,none,-1,
910000004754,False,none,-1,
910000004755,False,none,-1,
910000004756,False,none,-1,
910000004757,False,none,-1,
910000004758,False,none,-1,
910000004759,False,none,-1,
910000004760,False,none,-1,
910000004761,False,none,-1,
910000004762,False,none,-1,
910000004763,False,none,-1,
910000004764,False,none,-1,
910000004765,False,none,-1,
910000004766,False,none,-1,
910000004767,False,none,-1,
910000004768,False,none,-1,
910000004769,False,none,-1,
910000004770,False,none,-1,
910000004771,False,none,-1,
910000004772,False,none,-1,
910000004773,False,none,-1,
910000004774,False,none,-1,
910000004775,False,none,-1,
910000004776,False,none,-1,
910000004777,False,none,-1,
910000004778,False,none,-1,
910000004779,False,none,-1,
910000004780,False,none,-1,
910000004781,False,none,-1,
910000004782,False,none,-1,
910000004783,False,none,-1,
910000004784,False,none,-1,
910000004785,False,none,-1,
910000004786,False,none,-1,
910000004787,False,none,-1,
910000004788,False,none,-1,
910000004789,False,none,-1,
910000004790,False,none,-1,
910000004791,False,none,-1,
910000004792,False,none,-1,
910000004793,False,none,-1,
910000004794,False,none,-1,
910000004795,False,none,-1,
910000004796,False,none,-1,
910000004797,False,none,-1,
910000004798,False,none,-1,
910000004799,False,none,-1,
910000004800,False,none,-1,
910000004801,False,none,-1,
910000004802,False,none,-1,
910000004803,False,none,-1,
910000004804,False,none,-1,
910000004805,False,none,-1,
910000004806,False,none,-1,
910000004807,False,none,-1,
910000004808,False,none,-1,
910000004809,False,none,-1,
910000004810,False,none,-1,
910000004811,False,none,-1,
910000004812,False,none,-1,
910000004813,False,none,-1,
910000004814,True,L1,98,910000006246
910000004815,False,none,-1,
910000004816,False,none,-1,
910000004817,False,none,-1,
910000004818,False,none,-1,
910000004819,False,none,-1,
910000004820,False,none,-1,
910000004821,False,none,-1,
910000004822,False,none,-1,
910000004823,False,none,-1,
910000004824,False,none,-1,
910000004825,False,none,-1,
910000004826,False,none,-1,
910000004827,False,none,-1,
910000004828,False,none,-1,
910000004829,False,none,-1,
910000004830,False,none,-1,
910000004831,False,none,-1,
910000004832,False,none,-1,
910000004833,True,L1,61,910000009892
910000004834,False,none,-1,
910000004835,False,none,-1,
910000004836,False,none,-1,
910000004837,False,none,-1,
910000004838,False,none,-1,
910000004839,False,none,-1,
910000004840,False,none,-1,
910000004841,False,none,-1,
910000004842,False,none,-1,
910000004843,False,none,-1,
910000004844,True,L2,71,910000012327
910000004845,False,none,-1,
910000004846,False,none,-1,
910000004847,False,none,-1,
910000004848,False,none,-1,
910000004849,False,none,-1,
910000004850,False,none,-1,
910000004851,False,none,-1,
910000004852,False,none,-1,
910000004853,False,none,-1,
910000004854,False,none,-1,
910000004855,False,none,-1,
910000004856,False,none,-1,
910000004857,False,none,-1,
910000004858,False,none,-1,
910000004859,False,none,-1,
910000004860,False,none,-1,
910000004861,False,none,-1,
910000004862,False,none,-1,
910000004863,False,none,-1,
910000004864,False,none,-1,
910000004865,False,none,-1,
910000004866,False,none,-1,
910000004867,False,none,-1,
910000004868,False,none,-1,
910000004869,False,none,-1,
910000004870,False,none,-1,
910000004871,False,none,-1,
910000004872,False,none,-1,
910000004873,False,none,-1,
910000004874,False,none,-1,
910000004875,False,none,-1,
910000004876,False,none,-1,
910000004877,False,none,-1,
910000004878,False,none,-1,
910000004879,False,none,-1,
910000004880,False,none,-1,
910000004881,False,none,-1,
910000004882,False,none,-1,
910000004883,False,none,-1,
910000004884,False,none,-1,
910000004885,False,none,-1,
910000004886,False,none,-1,
910000004887,False,none,-1,
910000004888,False,none,-1,
910000004889,False,none,-1,
910000004890,False,none,-1,
910000004891,False,none,-1,
910000004892,False,none,-1,
910000004893,False,none,-1,
910000004894,False,none,-1,
910000004895,True,L3,9,910000016343
910000004896,False,none,-1,
910000004897,False,none,-1,
910000004898,False,none,-1,
910000004899,False,none,-1,
910000004900,False,none,-1,
910000004901,False,none,-1,
910000004902,False,none,-1,
910000004903,True,L2,53,910000006860
910000004904,False,none,-1,
910000004905,False,none,-1,
910000004906,False,none,-1,
910000004907,False,none,-1,
910000004908,False,none,-1,
910000004909,False,none,-1,
910000004910,False,none,-1,
910000004911,False,none,-1,
910000004912,False,none,-1,
910000004913,False,none,-1,
910000004914,False,none,-1,
910000004915,False,none,-1,
910000004916,False,none,-1,
910000004917,False,none,-1,
910000004918,False,none,-1,
910000004919,False,none,-1,
910000004920,False,none,-1,
910000004921,False,none,-1,
910000004922,False,none,-1,
910000004923,False,none,-1,
910000004924,False,none,-1,
910000004925,False,none,-1,
910000004926,False,none,-1,
910000004927,False,none,-1,
910000004928,False,none,-1,
910000004929,False,none,-1,
910000004930,False,none,-1,
910000004931,False,none,-1,
910000004932,False,none,-1,
910000004933,False,none,-1,
910000004934,False,none,-1,
910000004935,False,none,-1,
910000004936,False,none,-1,
910000004937,True,L1,46,910000001459
910000004938,False,none,-1,
910000004939,False,none,-1,
910000004940,False,none,-1,
910000004941,False,none,-1,
910000004942,False,none,-1,
910000004943,False,none,-1,
910000004944,False,none,-1,
910000004945,False,none,-1,
910000004946,False,none,-1,
910000004947,False,none,-1,
910000004948,False,none,-1,
910000004949,False,none,-1,
910000004950,False,none,-1,
910000004951,True,L1,30,910000002311
910000004952,False,none,-1,
910000004953,False,none,-1,
910000004954,False,none,-1,
910000004955,False,none,-1,
910000004956,False,none,-1,
910000004957,False,none,-1,
910000004958,False,none,-1,
910000004959,False,none,-1,
910000004960,False,none,-1,
910000004961,False,none,-1,
910000004962,False,none,-1,
910000004963,False,none,-1,
910000004964,False,none,-1,
910000004965,False,none,-1,
910000004966,False,none,-1,
910000004967,False,none,-1,
910000004968,False,none,-1,
910000004969,False,none,-1,
910000004970,False,none,-1,
910000004971,False,none,-1,
910000004972,False,none,-1,
910000004973,True,L3,2,910000017935
910000004974,True,L2,34,910000007044
910000004975,False,none,-1,
910000004976,False,none,-1,
910000004977,False,none,-1,
910000004978,False,none,-1,
910000004979,True,L1,68,910000023712
910000004980,False,none,-1,
910000004981,False,none,-1,
910000004982,False,none,-1,
910000004983,False,none,-1,
910000004984,False,none,-1,
910000004985,False,none,-1,
910000004986,False,none,-1,
910000004987,False,none,-1,
910000004988,False,none,-1,
910000004989,False,none,-1,
910000004990,False,none,-1,
910000004991,False,none,-1,
910000004992,True,L1,39,910000001087
910000004993,False,none,-1,
910000004994,False,none,-1,
910000004995,False,none,-1,
910000004996,False,none,-1,
910000004997,False,none,-1,
910000004998,False,none,-1,
910000004999,False,none,-1,
910000005000,False,none,-1,
910000005001,False,none,-1,
910000005002,False,none,-1,
910000005003,False,none,-1,
910000005004,False,none,-1,
910000005005,False,none,-1,
910000005006,False,none,-1,
910000005007,False,none,-1,
910000005008,False,none,-1,
910000005009,False,none,-1,
910000005010,False,none,-1,
910000005011,False,none,-1,
910000005012,False,none,-1,
910000005013,False,none,-1,
910000005014,False,none,-1,
910000005015,False,none,-1,
910000005016,False,none,-1,
910000005017,False,none,-1,
910000005018,False,none,-1,
910000005019,False,none,-1,
910000005020,False,none,-1,
910000005021,False,none,-1,
910000005022,False,none,-1,
910000005023,False,none,-1,
910000005024,False,none,-1,
910000005025,False,none,-1,
910000005026,False,none,-1,
910000005027,False,none,-1,
910000005028,False,none,-1,
910000005029,False,none,-1,
910000005030,False,none,-1,
910000005031,False,none,-1,
910000005032,False,none,-1,
910000005033,False,none,-1,
910000005034,False,none,-1,
910000005035,False,none,-1,
910000005036,True,L3,5,910000013728
910000005037,False,none,-1,
910000005038,False,none,-1,
910000005039,False,none,-1,
910000005040,False,none,-1,
910000005041,False,none,-1,
910000005042,False,none,-1,
910000005043,False,none,-1,
910000005044,False,none,-1,
910000005045,False,none,-1,
910000005046,True,L1,50,910000021944
910000005047,False,none,-1,
910000005048,False,none,-1,
910000005049,False,none,-1,
910000005050,False,none,-1,
910000005051,False,none,-1,
910000005052,False,none,-1,
910000005053,False,none,-1,
910000005054,True,L2,31,910000017714
910000005055,False,none,-1,
910000005056,False,none,-1,
910000005057,False,none,-1,
910000005058,False,none,-1,
910000005059,False,none,-1,
910000005060,False,none,-1,
910000005061,False,none,-1,
910000005062,False,none,-1,
910000005063,False,none,-1,
910000005064,False,none,-1,
910000005065,False,none,-1,
910000005066,False,none,-1,
910000005067,False,none,-1,
910000005068,False,none,-1,
910000005069,False,none,-1,
910000005070,False,none,-1,
910000005071,True,L2,72,910000017637
910000005072,True,L3,68,910000023712
910000005073,False,none,-1,
910000005074,False,none,-1,
910000005075,False,none,-1,
910000005076,False,none,-1,
910000005077,True,L3,12,910000020672
910000005078,False,none,-1,
910000005079,False,none,-1,
910000005080,False,none,-1,
910000005081,False,none,-1,
910000005082,False,none,-1,
910000005083,False,none,-1,
910000005084,False,none,-1,
910000005085,False,none,-1,
910000005086,False,none,-1,
910000005087,False,none,-1,
910000005088,False,none,-1,
910000005089,False,none,-1,
910000005090,False,none,-1,
910000005091,True,L2,32,910000012163
910000005092,False,none,-1,
910000005093,False,none,-1,
910000005094,False,none,-1,
910000005095,False,none,-1,
910000005096,False,none,-1,
910000005097,False,none,-1,
910000005098,False,none,-1,
910000005099,True,L3,17,910000009375
910000005100,False,none,-1,
910000005101,True,L1,3,910000005391
910000005102,False,none,-1,
910000005103,True,L3,56,910000008837
910000005104,False,none,-1,
910000005105,False,none,-1,
910000005106,False,none,-1,
910000005107,False,none,-1,
910000005108,False,none,-1,
910000005109,False,none,-1,
910000005110,False,none,-1,
910000005111,False,none,-1,
910000005112,False,none,-1,
910000005113,False,none,-1,
910000005114,False,none,-1,
910000005115,True,L1,31,910000017714
910000005116,False,none,-1,
910000005117,False,none,-1,
910000005118,True,L1,19,910000002009
910000005119,False,none,-1,
910000005120,False,none,-1,
910000005121,False,none,-1,
910000005122,False,none,-1,
910000005123,False,none,-1,
910000005124,False,none,-1,
910000005125,False,none,-1,
910000005126,False,none,-1,
910000005127,False,none,-1,
910000005128,False,none,-1,
910000005129,False,none,-1,
910000005130,False,none,-1,
910000005131,False,none,-1,
910000005132,False,none,-1,
910000005133,False,none,-1,
910000005134,False,none,-1,
910000005135,False,none,-1,
910000005136,False,none,-1,
910000005137,False,none,-1,
910000005138,False,none,-1,
910000005139,False,none,-1,
910000005140,False,none,-1,
910000005141,False,none,-1,
910000005142,False,none,-1,
910000005143,False,none,-1,
910000005144,False,none,-1,
910000005145,False,none,-1,
910000005146,False,none,-1,
910000005147,False,none,-1,
910000005148,False,none,-1,
910000005149,False,none,-1,
910000005150,False,none,-1,
910000005151,False,none,-1,
910000005152,False,none,-1,
910000005153,False,none,-1,
910000005154,False,none,-1,
910000005155,False,none,-1,
910000005156,False,none,-1,
910000005157,False,none,-1,
910000005158,False,none,-1,
910000005159,False,none,-1,
910000005160,False,none,-1,
910000005161,False,none,-1,
910000005162,False,none,-1,
910000005163,False,none,-1,
910000005164,False,none,-1,
910000005165,False,none,-1,
910000005166,False,none,-1,
910000005167,False,none,-1,
910000005168,False,none,-1,
910000005169,False,none,-1,
910000005170,False,none,-1,
910000005171,False,none,-1,
910000005172,False,none,-1,
910000005173,False,none,-1,
910000005174,False,none,-1,
910000005175,False,none,-1,
910000005176,False,none,-1,
910000005177,False,none,-1,
910000005178,False,none,-1,
910000005179,False,none,-1,
910000005180,False,none,-1,
910000005181,False,none,-1,
910000005182,False,none,-1,
910000005183,False,none,-1,
910000005184,False,none,-1,
910000005185,False,none,-1,
910000005186,False,none,-1,
910000005187,False,none,-1,
910000005188,False,none,-1,
910000005189,False,none,-1,
910000005190,False,none,-1,
910000005191,False,none,-1,
910000005192,False,none,-1,
910000005193,False,none,-1,
910000005194,False,none,-1,
910000005195,False,none,-1,
910000005196,False,none,-1,
910000005197,False,none,-1,
910000005198,False,none,-1,
910000005199,False,none,-1,
910000005200,True,L3,45,910000024669
910000005201,False,none,-1,
910000005202,False,none,-1,
910000005203,False,none,-1,
910000005204,False,none,-1,
910000005205,False,none,-1,
910000005206,False,none,-1,
910000005207,False,none,-1,
910000005208,False,none,-1,
910000005209,False,none,-1,
910000005210,False,none,-1,
910000005211,True,L2,52,910000023417
910000005212,False,none,-1,
910000005213,False,none,-1,
910000005214,False,none,-1,
910000005215,False,none,-1,
910000005216,False,none,-1,
910000005217,False,none,-1,
910000005218,False,none,-1,
910000005219,True,L3,93,910000005922
910000005220,False,none,-1,
910000005221,False,none,-1,
910000005222,False,none,-1,
910000005223,False,none,-1,
910000005224,False,none,-1,
910000005225,False,none,-1,
910000005226,False,none,-1,
910000005227,False,none,-1,
910000005228,False,none,-1,
910000005229,False,none,-1,
910000005230,False,none,-1,
910000005231,False,none,-1,
910000005232,False,none,-1,
910000005233,False,none,-1,
910000005234,False,none,-1,
910000005235,False,none,-1,
910000005236,False,none,-1,
910000005237,False,none,-1,
910000005238,False,none,-1,
910000005239,False,none,-1,
910000005240,False,none,-1,
910000005241,False,none,-1,
910000005242,False,none,-1,
910000005243,False,none,-1,
910000005244,False,none,-1,
910000005245,False,none,-1,
910000005246,False,none,-1,
910000005247,False,none,-1,
910000005248,False,none,-1,
910000005249,False,none,-1,
910000005250,False,none,-1,
910000005251,False,none,-1,
910000005252,False,none,-1,
910000005253,False,none,-1,
910000005254,False,none,-1,
910000005255,False,none,-1,
910000005256,False,none,-1,
910000005257,False,none,-1,
910000005258,False,none,-1,
910000005259,False,none,-1,
910000005260,False,none,-1,
910000005261,False,none,-1,
910000005262,False,none,-1,
910000005263,False,none,-1,
910000005264,False,none,-1,
910000005265,False,none,-1,
910000005266,False,none,-1,
910000005267,False,none,-1,
910000005268,False,none,-1,
910000005269,False,none,-1,
910000005270,False,none,-1,
910000005271,False,none,-1,
910000005272,False,none,-1,
910000005273,False,none,-1,
910000005274,False,none,-1,
910000005275,False,none,-1,
910000005276,False,none,-1,
910000005277,False,none,-1,
910000005278,False,none,-1,
910000005279,False,none,-1,
910000005280,False,none,-1,
910000005281,False,none,-1,
910000005282,False,none,-1,
910000005283,False,none,-1,
910000005284,False,none,-1,
910000005285,False,none,-1,
910000005286,False,none,-1,
910000005287,False,none,-1,
910000005288,False,none,-1,
910000005289,False,none,-1,
910000005290,False,none,-1,
910000005291,False,none,-1,
910000005292,False,none,-1,
910000005293,False,none,-1,
910000005294,False,none,-1,
910000005295,False,none,-1,
910000005296,False,none,-1,
910000005297,False,none,-1,
910000005298,False,none,-1,
910000005299,False,none,-1,
910000005300,False,none,-1,
910000005301,False,none,-1,
910000005302,False,none,-1,
910000005303,False,none,-1,
910000005304,False,none,-1,
910000005305,False,none,-1,
910000005306,False,none,-1,
910000005307,False,none,-1,
910000005308,False,none,-1,
910000005309,False,none,-1,
910000005310,False,none,-1,
910000005311,False,none,-1,
910000005312,False,none,-1,
910000005313,False,none,-1,
910000005314,False,none,-1,
910000005315,False,none,-1,
910000005316,False,none,-1,
910000005317,False,none,-1,
910000005318,False,none,-1,
910000005319,False,none,-1,
910000005320,False,none,-1,
910000005321,False,none,-1,
910000005322,False,none,-1,
910000005323,False,none,-1,
910000005324,False,none,-1,
910000005325,True,L2,91,910000015936
910000005326,True,L1,12,910000020672
910000005327,False,none,-1,
910000005328,False,none,-1,
910000005329,False,none,-1,
910000005330,False,none,-1,
910000005331,False,none,-1,
910000005332,False,none,-1,
910000005333,False,none,-1,
910000005334,False,none,-1,
910000005335,False,none,-1,
910000005336,False,none,-1,
910000005337,False,none,-1,
910000005338,False,none,-1,
910000005339,False,none,-1,
910000005340,False,none,-1,
910000005341,False,none,-1,
910000005342,False,none,-1,
910000005343,False,none,-1,
910000005344,False,none,-1,
910000005345,False,none,-1,
910000005346,False,none,-1,
910000005347,False,none,-1,
910000005348,False,none,-1,
910000005349,False,none,-1,
910000005350,False,none,-1,
910000005351,False,none,-1,
910000005352,False,none,-1,
910000005353,False,none,-1,
910000005354,False,none,-1,
910000005355,True,L3,81,910000021910
910000005356,False,none,-1,
910000005357,False,none,-1,
910000005358,False,none,-1,
910000005359,False,none,-1,
910000005360,False,none,-1,
910000005361,False,none,-1,
910000005362,False,none,-1,
910000005363,False,none,-1,
910000005364,False,none,-1,
910000005365,False,none,-1,
910000005366,False,none,-1,
910000005367,False,none,-1,
910000005368,False,none,-1,
910000005369,False,none,-1,
910000005370,False,none,-1,
910000005371,False,none,-1,
910000005372,False,none,-1,
910000005373,False,none,-1,
910000005374,False,none,-1,
910000005375,False,none,-1,
910000005376,False,none,-1,
910000005377,False,none,-1,
910000005378,False,none,-1,
910000005379,False,none,-1,
910000005380,False,none,-1,
910000005381,False,none,-1,
910000005382,False,none,-1,
910000005383,False,none,-1,
910000005384,False,none,-1,
910000005385,False,none,-1,
910000005386,False,none,-1,
910000005387,False,none,-1,
910000005388,False,none,-1,
910000005389,False,none,-1,
910000005390,False,none,-1,
910000005391,False,none,-1,
910000005392,False,none,-1,
910000005393,False,none,-1,
910000005394,False,none,-1,
910000005395,False,none,-1,
910000005396,False,none,-1,
910000005397,False,none,-1,
910000005398,False,none,-1,
910000005399,False,none,-1,
910000005400,False,none,-1,
910000005401,False,none,-1,
910000005402,False,none,-1,
910000005403,False,none,-1,
910000005404,False,none,-1,
910000005405,False,none,-1,
910000005406,True,L2,93,910000005922
910000005407,False,none,-1,
910000005408,False,none,-1,
910000005409,False,none,-1,
910000005410,False,none,-1,
910000005411,False,none,-1,
910000005412,False,none,-1,
910000005413,False,none,-1,
910000005414,False,none,-1,
910000005415,False,none,-1,
910000005416,False,none,-1,
910000005417,False,none,-1,
910000005418,False,none,-1,
910000005419,True,L1,10,910000002246
910000005420,False,none,-1,
910000005421,False,none,-1,
910000005422,False,none,-1,
910000005423,False,none,-1,
910000005424,False,none,-1,
910000005425,False,none,-1,
910000005426,False,none,-1,
910000005427,False,none,-1,
910000005428,False,none,-1,
910000005429,False,none,-1,
910000005430,False,none,-1,
910000005431,False,none,-1,
910000005432,False,none,-1,
910000005433,False,none,-1,
910000005434,False,none,-1,
910000005435,False,none,-1,
910000005436,False,none,-1,
910000005437,False,none,-1,
910000005438,True,L1,85,910000000362
910000005439,False,none,-1,
910000005440,False,none,-1,
910000005441,False,none,-1,
910000005442,False,none,-1,
910000005443,False,none,-1,
910000005444,False,none,-1,
910000005445,False,none,-1,
910000005446,False,none,-1,
910000005447,True,L2,93,910000005922
910000005448,False,none,-1,
910000005449,False,none,-1,
910000005450,False,none,-1,
910000005451,False,none,-1,
910000005452,False,none,-1,
910000005453,False,none,-1,
910000005454,False,none,-1,
910000005455,False,none,-1,
910000005456,False,none,-1,
910000005457,False,none,-1,
910000005458,False,none,-1,
910000005459,False,none,-1,
910000005460,False,none,-1,
910000005461,False,none,-1,
910000005462,False,none,-1,
910000005463,False,none,-1,
910000005464,False,none,-1,
910000005465,False,none,-1,
910000005466,False,none,-1,
910000005467,False,none,-1,
910000005468,False,none,-1,
910000005469,False,none,-1,
910000005470,False,none,-1,
910000005471,False,none,-1,
910000005472,False,none,-1,
910000005473,False,none,-1,
910000005474,False,none,-1,
910000005475,True,L1,17,910000009375
910000005476,False,none,-1,
910000005477,False,none,-1,
910000005478,False,none,-1,
910000005479,True,L3,36,910000007400
910000005480,False,none,-1,
910000005481,False,none,-1,
910000005482,False,none,-1,
910000005483,False,none,-1,
910000005484,False,none,-1,
910000005485,False,none,-1,
910000005486,False,none,-1,
910000005487,False,none,-1,
910000005488,False,none,-1,
910000005489,False,none,-1,
910000005490,False,none,-1,
910000005491,False,none,-1,
910000005492,False,none,-1,
910000005493,False,none,-1,
910000005494,False,none,-1,
910000005495,False,none,-1,
910000005496,False,none,-1,
910000005497,True,L3,23,910000006128
910000005498,False,none,-1,
910000005499,False,none,-1,
910000005500,False,none,-1,
910000005501,False,none,-1,
910000005502,False,none,-1,
910000005503,False,none,-1,
910000005504,False,none,-1,
910000005505,False,none,-1,
910000005506,False,none,-1,
910000005507,False,none,-1,
910000005508,False,none,-1,
910000005509,False,none,-1,
910000005510,False,none,-1,
910000005511,False,none,-1,
910000005512,True,L3,90,910000002815
910000005513,False,none,-1,
910000005514,False,none,-1,
910000005515,True,L2,37,910000010112
910000005516,False,none,-1,
910000005517,False,none,-1,
910000005518,False,none,-1,
910000005519,False,none,-1,
910000005520,False,none,-1,
910000005521,False,none,-1,
910000005522,False,none,-1,
910000005523,False,none,-1,
910000005524,True,L3,72,910000017637
910000005525,False,none,-1,
910000005526,False,none,-1,
910000005527,False,none,-1,
910000005528,False,none,-1,
910000005529,False,none,-1,
910000005530,False,none,-1,
910000005531,False,none,-1,
910000005532,False,none,-1,
910000005533,True,L2,95,910000000158
910000005534,True,L1,36,910000007400
910000005535,False,none,-1,
910000005536,False,none,-1,
910000005537,False,none,-1,
910000005538,False,none,-1,
910000005539,False,none,-1,
910000005540,False,none,-1,
910000005541,False,none,-1,
910000005542,False,none,-1,
910000005543,False,none,-1,
910000005544,False,none,-1,
910000005545,False,none,-1,
910000005546,False,none,-1,
910000005547,False,none,-1,
910000005548,False,none,-1,
910000005549,False,none,-1,
910000005550,False,none,-1,
910000005551,False,none,-1,
910000005552,True,L2,49,910000014166
910000005553,False,none,-1,
910000005554,False,none,-1,
910000005555,False,none,-1,
910000005556,False,none,-1,
910000005557,False,none,-1,
910000005558,False,none,-1,
910000005559,False,none,-1,
910000005560,False,none,-1,
910000005561,False,none,-1,
910000005562,False,none,-1,
910000005563,False,none,-1,
910000005564,False,none,-1,
910000005565,False,none,-1,
910000005566,False,none,-1,
910000005567,False,none,-1,
910000005568,False,none,-1,
910000005569,False,none,-1,
910000005570,False,none,-1,
910000005571,False,none,-1,
910000005572,False,none,-1,
910000005573,True,L1,77,910000004550
910000005574,False,none,-1,
910000005575,False,none,-1,
910000005576,False,none,-1,
910000005577,False,none,-1,
910000005578,False,none,-1,
910000005579,False,none,-1,
910000005580,False,none,-1,
910000005581,False,none,-1,
910000005582,False,none,-1,
910000005583,False,none,-1,
910000005584,False,none,-1,
910000005585,True,L3,49,910000014166
910000005586,False,none,-1,
910000005587,False,none,-1,
910000005588,False,none,-1,
910000005589,False,none,-1,
910000005590,False,none,-1,
910000005591,False,none,-1,
910000005592,False,none,-1,
910000005593,False,none,-1,
910000005594,False,none,-1,
910000005595,False,none,-1,
910000005596,False,none,-1,
910000005597,False,none,-1,
910000005598,False,none,-1,
910000005599,True,L3,64,910000005320
910000005600,False,none,-1,
910000005601,False,none,-1,
910000005602,False,none,-1,
910000005603,False,none,-1,
910000005604,False,none,-1,
910000005605,False,none,-1,
910000005606,False,none,-1,
910000005607,False,none,-1,
910000005608,False,none,-1,
910000005609,False,none,-1,
910000005610,False,none,-1,
910000005611,False,none,-1,
910000005612,False,none,-1,
910000005613,False,none,-1,
910000005614,False,none,-1,
910000005615,False,none,-1,
910000005616,False,none,-1,
910000005617,False,none,-1,
910000005618,False,none,-1,
910000005619,False,none,-1,
910000005620,False,none,-1,
910000005621,False,none,-1,
910000005622,True,L2,86,910000022980
910000005623,False,none,-1,
910000005624,False,none,-1,
910000005625,False,none,-1,
910000005626,False,none,-1,
910000005627,False,none,-1,
910000005628,True,L3,26,910000012293
910000005629,False,none,-1,
910000005630,False,none,-1,
910000005631,False,none,-1,
910000005632,False,none,-1,
910000005633,False,none,-1,
910000005634,False,none,-1,
910000005635,False,none,-1,
910000005636,False,none,-1,
910000005637,False,none,-1,
910000005638,False,none,-1,
910000005639,False,none,-1,
910000005640,False,none,-1,
910000005641,False,none,-1,
910000005642,False,none,-1,
910000005643,False,none,-1,
910000005644,False,none,-1,
910000005645,False,none,-1,
910000005646,False,none,-1,
910000005647,False,none,-1,
910000005648,False,none,-1,
910000005649,False,none,-1,
910000005650,False,none,-1,
910000005651,False,none,-1,
910000005652,False,none,-1,
910000005653,True,L3,76,910000011433
910000005654,False,none,-1,
910000005655,False,none,-1,
910000005656,False,none,-1,
910000005657,False,none,-1,
910000005658,False,none,-1,
910000005659,False,none,-1,
910000005660,False,none,-1,
910000005661,False,none,-1,
910000005662,False,none,-1,
910000005663,False,none,-1,
910000005664,False,none,-1,
910000005665,False,none,-1,
910000005666,False,none,-1,
910000005667,False,none,-1,
910000005668,False,none,-1,
910000005669,False,none,-1,
910000005670,False,none,-1,
910000005671,False,none,-1,
910000005672,True,L1,45,910000024669
910000005673,False,none,-1,
910000005674,False,none,-1,
910000005675,False,none,-1,
910000005676,False,none,-1,
910000005677,False,none,-1,
910000005678,False,none,-1,
910000005679,False,none,-1,
910000005680,False,none,-1,
910000005681,False,none,-1,
910000005682,False,none,-1,
910000005683,False,none,-1,
910000005684,True,L3,38,910000011933
910000005685,False,none,-1,
910000005686,False,none,-1,
910000005687,False,none,-1,
910000005688,False,none,-1,
910000005689,False,none,-1,
910000005690,True,L1,7,910000021465
910000005691,False,none,-1,
910000005692,False,none,-1,
910000005693,False,none,-1,
910000005694,False,none,-1,
910000005695,False,none,-1,
910000005696,False,none,-1,
910000005697,False,none,-1,
910000005698,False,none,-1,
910000005699,False,none,-1,
910000005700,False,none,-1,
910000005701,False,none,-1,
910000005702,False,none,-1,
910000005703,False,none,-1,
910000005704,False,none,-1,
910000005705,False,none,-1,
910000005706,False,none,-1,
910000005707,False,none,-1,
910000005708,False,none,-1,
910000005709,False,none,-1,
910000005710,False,none,-1,
910000005711,False,none,-1,
910000005712,False,none,-1,
910000005713,False,none,-1,
910000005714,False,none,-1,
910000005715,False,none,-1,
910000005716,False,none,-1,
910000005717,False,none,-1,
910000005718,False,none,-1,
910000005719,False,none,-1,
910000005720,False,none,-1,
910000005721,False,none,-1,
910000005722,True,L2,77,910000004550
910000005723,False,none,-1,
910000005724,False,none,-1,
910000005725,False,none,-1,
910000005726,False,none,-1,
910000005727,False,none,-1,
910000005728,False,none,-1,
910000005729,False,none,-1,
910000005730,False,none,-1,
910000005731,False,none,-1,
910000005732,False,none,-1,
910000005733,False,none,-1,
910000005734,False,none,-1,
910000005735,False,none,-1,
910000005736,False,none,-1,
910000005737,False,none,-1,
910000005738,False,none,-1,
910000005739,False,none,-1,
910000005740,False,none,-1,
910000005741,False,none,-1,
910000005742,False,none,-1,
910000005743,True,L3,32,910000012163
910000005744,False,none,-1,
910000005745,False,none,-1,
910000005746,False,none,-1,
910000005747,False,none,-1,
910000005748,False,none,-1,
910000005749,False,none,-1,
910000005750,True,L2,59,910000017341
910000005751,False,none,-1,
910000005752,False,none,-1,
910000005753,False,none,-1,
910000005754,False,none,-1,
910000005755,False,none,-1,
910000005756,False,none,-1,
910000005757,False,none,-1,
910000005758,False,none,-1,
910000005759,False,none,-1,
910000005760,False,none,-1,
910000005761,False,none,-1,
910000005762,False,none,-1,
910000005763,True,L2,46,910000001459
910000005764,False,none,-1,
910000005765,False,none,-1,
910000005766,False,none,-1,
910000005767,False,none,-1,
910000005768,False,none,-1,
910000005769,False,none,-1,
910000005770,False,none,-1,
910000005771,False,none,-1,
910000005772,False,none,-1,
910000005773,False,none,-1,
910000005774,False,none,-1,
910000005775,False,none,-1,
910000005776,False,none,-1,
910000005777,False,none,-1,
910000005778,False,none,-1,
910000005779,False,none,-1,
910000005780,False,none,-1,
910000005781,False,none,-1,
910000005782,False,none,-1,
910000005783,False,none,-1,
910000005784,False,none,-1,
910000005785,False,none,-1,
910000005786,False,none,-1,
910000005787,False,none,-1,
910000005788,True,L1,34,910000007044
910000005789,False,none,-1,
910000005790,False,none,-1,
910000005791,False,none,-1,
910000005792,False,none,-1,
910000005793,False,none,-1,
910000005794,False,none,-1,
910000005795,False,none,-1,
910000005796,False,none,-1,
910000005797,False,none,-1,
910000005798,False,none,-1,
910000005799,False,none,-1,
910000005800,False,none,-1,
910000005801,False,none,-1,
910000005802,False,none,-1,
910000005803,True,L3,38,910000011933
910000005804,False,none,-1,
910000005805,True,L2,0,910000024789
910000005806,False,none,-1,
910000005807,False,none,-1,
910000005808,False,none,-1,
910000005809,False,none,-1,
910000005810,False,none,-1,
910000005811,False,none,-1,
910000005812,False,none,-1,
910000005813,False,none,-1,
910000005814,False,none,-1,
910000005815,True,L1,89,910000024063
910000005816,True,L2,15,910000017309
910000005817,False,none,-1,
910000005818,False,none,-1,
910000005819,False,none,-1,
910000005820,False,none,-1,
910000005821,False,none,-1,
910000005822,False,none,-1,
910000005823,False,none,-1,
910000005824,False,none,-1,
910000005825,False,none,-1,
910000005826,False,none,-1,
910000005827,False,none,-1,
910000005828,False,none,-1,
910000005829,False,none,-1,
910000005830,False,none,-1,
910000005831,False,none,-1,
910000005832,False,none,-1,
910000005833,False,none,-1,
910000005834,False,none,-1,
910000005835,False,none,-1,
910000005836,False,none,-1,
910000005837,True,L2,78,910000024868
910000005838,False,none,-1,
910000005839,False,none,-1,
910000005840,False,none,-1,
910000005841,False,none,-1,
910000005842,False,none,-1,
910000005843,False,none,-1,
910000005844,False,none,-1,
910000005845,False,none,-1,
910000005846,False,none,-1,
910000005847,False,none,-1,
910000005848,False,none,-1,
910000005849,False,none,-1,
910000005850,False,none,-1,
910000005851,False,none,-1,
910000005852,False,none,-1,
910000005853,False,none,-1,
910000005854,False,none,-1,
910000005855,False,none,-1,
910000005856,False,none,-1,
910000005857,False,none,-1,
910000005858,False,none,-1,
910000005859,False,none,-1,
910000005860,True,L3,54,910000005950
910000005861,False,none,-1,
910000005862,False,none,-1,
910000005863,False,none,-1,
910000005864,False,none,-1,
910000005865,False,none,-1,
910000005866,False,none,-1,
910000005867,False,none,-1,
910000005868,False,none,-1,
910000005869,False,none,-1,
910000005870,False,none,-1,
910000005871,False,none,-1,
910000005872,False,none,-1,
910000005873,False,none,-1,
910000005874,False,none,-1,
910000005875,False,none,-1,
910000005876,False,none,-1,
910000005877,False,none,-1,
910000005878,False,none,-1,
910000005879,False,none,-1,
910000005880,False,none,-1,
910000005881,False,none,-1,
910000005882,False,none,-1,
910000005883,False,none,-1,
910000005884,True,L3,34,910000007044
910000005885,False,none,-1,
910000005886,False,none,-1,
910000005887,False,none,-1,
910000005888,False,none,-1,
910000005889,False,none,-1,
910000005890,False,none,-1,
910000005891,False,none,-1,
910000005892,False,none,-1,
910000005893,False,none,-1,
910000005894,False,none,-1,
910000005895,False,none,-1,
910000005896,False,none,-1,
910000005897,False,none,-1,
910000005898,False,none,-1,
910000005899,False,none,-1,
910000005900,False,none,-1,
910000005901,False,none,-1,
910000005902,False,none,-1,
910000005903,False,none,-1,
910000005904,False,none,-1,
910000005905,False,none,-1,
910000005906,False,none,-1,
910000005907,False,none,-1,
910000005908,False,none,-1,
910000005909,False,none,-1,
910000005910,False,none,-1,
910000005911,False,none,-1,
910000005912,False,none,-1,
910000005913,False,none,-1,
910000005914,False,none,-1,
910000005915,False,none,-1,
910000005916,False,none,-1,
910000005917,False,none,-1,
910000005918,False,none,-1,
910000005919,False,none,-1,
910000005920,False,none,-1,
910000005921,False,none,-1,
910000005922,False,none,-1,
910000005923,False,none,-1,
910000005924,True,L1,20,910000005298
910000005925,False,none,-1,
910000005926,False,none,-1,
910000005927,False,none,-1,
910000005928,True,L2,39,910000001087
910000005929,False,none,-1,
910000005930,True,L3,25,910000004408
910000005931,False,none,-1,
910000005932,False,none,-1,
910000005933,False,none,-1,
910000005934,False,none,-1,
910000005935,True,L3,22,910000010458
910000005936,False,none,-1,
910000005937,False,none,-1,
910000005938,False,none,-1,
910000005939,False,none,-1,
910000005940,False,none,-1,
910000005941,True,L3,56,910000008837
910000005942,False,none,-1,
910000005943,False,none,-1,
910000005944,False,none,-1,
910000005945,False,none,-1,
910000005946,False,none,-1,
910000005947,False,none,-1,
910000005948,False,none,-1,
910000005949,False,none,-1,
910000005950,False,none,-1,
910000005951,False,none,-1,
910000005952,False,none,-1,
910000005953,False,none,-1,
910000005954,False,none,-1,
910000005955,False,none,-1,
910000005956,False,none,-1,
910000005957,False,none,-1,
910000005958,False,none,-1,
910000005959,False,none,-1,
910000005960,False,none,-1,
910000005961,False,none,-1,
910000005962,False,none,-1,
910000005963,False,none,-1,
910000005964,False,none,-1,
910000005965,False,none,-1,
910000005966,False,none,-1,
910000005967,False,none,-1,
910000005968,False,none,-1,
910000005969,False,none,-1,
910000005970,False,none,-1,
910000005971,False,none,-1,
910000005972,False,none,-1,
910000005973,False,none,-1,
910000005974,False,none,-1,
910000005975,False,none,-1,
910000005976,False,none,-1,
910000005977,False,none,-1,
910000005978,False,none,-1,
910000005979,False,none,-1,
910000005980,False,none,-1,
910000005981,False,none,-1,
910000005982,False,none,-1,
910000005983,False,none,-1,
910000005984,False,none,-1,
910000005985,False,none,-1,
910000005986,False,none,-1,
910000005987,False,none,-1,
910000005988,False,none,-1,
910000005989,False,none,-1,
910000005990,False,none,-1,
910000005991,False,none,-1,
910000005992,False,none,-1,
910000005993,False,none,-1,
910000005994,False,none,-1,
910000005995,False,none,-1,
910000005996,False,none,-1,
910000005997,False,none,-1,
910000005998,False,none,-1,
910000005999,True,L2,96,910000022031
910000006000,False,none,-1,
910000006001,False,none,-1,
910000006002,False,none,-1,
910000006003,False,none,-1,
910000006004,False,none,-1,
910000006005,False,none,-1,
910000006006,False,none,-1,
910000006007,False,none,-1,
910000006008,False,none,-1,
910000006009,False,none,-1,
910000006010,False,none,-1,
910000006011,False,none,-1,
910000006012,True,L1,96,910000022031
910000006013,False,none,-1,
910000006014,False,none,-1,
910000006015,False,none,-1,
910000006016,False,none,-1,
910000006017,False,none,-1,
910000006018,False,none,-1,
910000006019,False,none,-1,
910000006020,False,none,-1,
910000006021,False,none,-1,
910000006022,False,none,-1,
910000006023,False,none,-1,
910000006024,False,none,-1,
910000006025,False,none,-1,
910000006026,False,none,-1,
910000006027,False,none,-1,
910000006028,False,none,-1,
910000006029,False,none,-1,
910000006030,False,none,-1,
910000006031,False,none,-1,
910000006032,False,none,-1,
910000006033,False,none,-1,
910000006034,False,none,-1,
910000006035,False,none,-1,
910000006036,False,none,-1,
910000006037,False,none,-1,
910000006038,False,none,-1,
910000006039,False,none,-1,
910000006040,False,none,-1,
910000006041,False,none,-1,
910000006042,False,none,-1,
910000006043,False,none,-1,
910000006044,False,none,-1,
910000006045,False,none,-1,
910000006046,False,none,-1,
910000006047,False,none,-1,
910000006048,False,none,-1,
910000006049,False,none,-1,
910000006050,False,none,-1,
910000006051,False,none,-1,
910000006052,True,L1,80,910000022510
910000006053,False,none,-1,
910000006054,False,none,-1,
910000006055,False,none,-1,
910000006056,False,none,-1,
910000006057,False,none,-1,
910000006058,False,none,-1,
910000006059,False,none,-1,
910000006060,False,none,-1,
910000006061,False,none,-1,
910000006062,False,none,-1,
910000006063,False,none,-1,
910000006064,False,none,-1,
910000006065,False,none,-1,
910000006066,False,none,-1,
910000006067,False,none,-1,
910000006068,False,none,-1,
910000006069,False,none,-1,
910000006070,True,L3,18,910000003772
910000006071,False,none,-1,
910000006072,False,none,-1,
910000006073,False,none,-1,
910000006074,False,none,-1,
910000006075,False,none,-1,
910000006076,False,none,-1,
910000006077,False,none,-1,
910000006078,False,none,-1,
910000006079,False,none,-1,
910000006080,False,none,-1,
910000006081,False,none,-1,
910000006082,False,none,-1,
910000006083,False,none,-1,
910000006084,False,none,-1,
910000006085,False,none,-1,
910000006086,False,none,-1,
910000006087,False,none,-1,
910000006088,False,none,-1,
910000006089,False,none,-1,
910000006090,False,none,-1,
910000006091,False,none,-1,
910000006092,True,L2,57,910000022134
910000006093,False,none,-1,
910000006094,False,none,-1,
910000006095,False,none,-1,
910000006096,True,L3,7,910000021465
910000006097,False,none,-1,
910000006098,False,none,-1,
910000006099,False,none,-1,
910000006100,False,none,-1,
910000006101,False,none,-1,
910000006102,False,none,-1,
910000006103,False,none,-1,
910000006104,False,none,-1,
910000006105,False,none,-1,
910000006106,False,none,-1,
910000006107,False,none,-1,
910000006108,False,none,-1,
910000006109,False,none,-1,
910000006110,False,none,-1,
910000006111,False,none,-1,
910000006112,False,none,-1,
910000006113,False,none,-1,
910000006114,False,none,-1,
910000006115,False,none,-1,
910000006116,False,none,-1,
910000006117,False,none,-1,
910000006118,False,none,-1,
910000006119,False,none,-1,
910000006120,False,none,-1,
910000006121,False,none,-1,
910000006122,False,none,-1,
910000006123,False,none,-1,
910000006124,False,none,-1,
910000006125,False,none,-1,
910000006126,False,none,-1,
910000006127,False,none,-1,
910000006128,False,none,-1,
910000006129,True,L2,40,910000020852
910000006130,False,none,-1,
910000006131,False,none,-1,
910000006132,False,none,-1,
910000006133,False,none,-1,
910000006134,False,none,-1,
910000006135,False,none,-1,
910000006136,False,none,-1,
910000006137,True,L1,73,910000008345
910000006138,False,none,-1,
910000006139,False,none,-1,
910000006140,False,none,-1,
910000006141,False,none,-1,
910000006142,False,none,-1,
910000006143,False,none,-1,
910000006144,False,none,-1,
910000006145,False,none,-1,
910000006146,False,none,-1,
910000006147,False,none,-1,
910000006148,False,none,-1,
910000006149,False,none,-1,
910000006150,False,none,-1,
910000006151,False,none,-1,
910000006152,False,none,-1,
910000006153,False,none,-1,
910000006154,False,none,-1,
910000006155,False,none,-1,
910000006156,False,none,-1,
910000006157,False,none,-1,
910000006158,False,none,-1,
910000006159,False,none,-1,
910000006160,False,none,-1,
910000006161,False,none,-1,
910000006162,False,none,-1,
910000006163,False,none,-1,
910000006164,False,none,-1,
910000006165,False,none,-1,
910000006166,False,none,-1,
910000006167,False,none,-1,
910000006168,False,none,-1,
910000006169,False,none,-1,
910000006170,False,none,-1,
910000006171,False,none,-1,
910000006172,False,none,-1,
910000006173,False,none,-1,
910000006174,True,L3,34,910000007044
910000006175,False,none,-1,
910000006176,False,none,-1,
910000006177,False,none,-1,
910000006178,False,none,-1,
910000006179,False,none,-1,
910000006180,False,none,-1,
910000006181,False,none,-1,
910000006182,False,none,-1,
910000006183,False,none,-1,
910000006184,False,none,-1,
910000006185,False,none,-1,
910000006186,False,none,-1,
910000006187,False,none,-1,
910000006188,False,none,-1,
910000006189,False,none,-1,
910000006190,False,none,-1,
910000006191,False,none,-1,
910000006192,False,none,-1,
910000006193,False,none,-1,
910000006194,False,none,-1,
910000006195,False,none,-1,
910000006196,False,none,-1,
910000006197,False,none,-1,
910000006198,False,none,-1,
910000006199,False,none,-1,
910000006200,False,none,-1,
910000006201,False,none,-1,
910000006202,False,none,-1,
910000006203,False,none,-1,
910000006204,False,none,-1,
910000006205,False,none,-1,
910000006206,False,none,-1,
910000006207,True,L1,96,910000022031
910000006208,False,none,-1,
910000006209,False,none,-1,
910000006210,False,none,-1,
910000006211,True,L3,19,910000002009
910000006212,False,none,-1,
910000006213,False,none,-1,
910000006214,False,none,-1,
910000006215,True,L2,47,910000014570
910000006216,False,none,-1,
910000006217,False,none,-1,
910000006218,False,none,-1,
910000006219,False,none,-1,
910000006220,False,none,-1,
910000006221,False,none,-1,
910000006222,False,none,-1,
910000006223,False,none,-1,
910000006224,False,none,-1,
910000006225,False,none,-1,
910000006226,False,none,-1,
910000006227,False,none,-1,
910000006228,False,none,-1,
910000006229,False,none,-1,
910000006230,False,none,-1,
910000006231,False,none,-1,
910000006232,False,none,-1,
910000006233,False,none,-1,
910000006234,False,none,-1,
910000006235,False,none,-1,
910000006236,True,L2,42,910000012324
910000006237,False,none,-1,
910000006238,False,none,-1,
910000006239,False,none,-1,
910000006240,False,none,-1,
910000006241,False,none,-1,
910000006242,False,none,-1,
910000006243,False,none,-1,
910000006244,False,none,-1,
910000006245,True,L3,14,910000024141
910000006246,False,none,-1,
910000006247,False,none,-1,
910000006248,False,none,-1,
910000006249,False,none,-1,
910000006250,False,none,-1,
910000006251,False,none,-1,
910000006252,False,none,-1,
910000006253,False,none,-1,
910000006254,True,L1,5,910000013728
910000006255,False,none,-1,
910000006256,False,none,-1,
910000006257,False,none,-1,
910000006258,False,none,-1,
910000006259,False,none,-1,
910000006260,False,none,-1,
910000006261,False,none,-1,
910000006262,False,none,-1,
910000006263,False,none,-1,
910000006264,False,none,-1,
910000006265,False,none,-1,
910000006266,False,none,-1,
910000006267,False,none,-1,
910000006268,False,none,-1,
910000006269,False,none,-1,
910000006270,False,none,-1,
910000006271,False,none,-1,
910000006272,False,none,-1,
910000006273,False,none,-1,
910000006274,False,none,-1,
910000006275,False,none,-1,
910000006276,True,L3,51,910000010225
910000006277,False,none,-1,
910000006278,False,none,-1,
910000006279,False,none,-1,
910000006280,True,L3,50,910000021944
910000006281,False,none,-1,
910000006282,False,none,-1,
910000006283,False,none,-1,
910000006284,False,none,-1,
910000006285,False,none,-1,
910000006286,False,none,-1,
910000006287,False,none,-1,
910000006288,False,none,-1,
910000006289,False,none,-1,
910000006290,False,none,-1,
910000006291,False,none,-1,
910000006292,False,none,-1,
910000006293,False,none,-1,
910000006294,False,none,-1,
910000006295,False,none,-1,
910000006296,False,none,-1,
910000006297,False,none,-1,
910000006298,False,none,-1,
910000006299,False,none,-1,
910000006300,False,none,-1,
910000006301,False,none,-1,
910000006302,False,none,-1,
910000006303,False,none,-1,
910000006304,False,none,-1,
910000006305,False,none,-1,
910000006306,False,none,-1,
910000006307,False,none,-1,
910000006308,False,none,-1,
910000006309,True,L3,22,910000010458
910000006310,False,none,-1,
910000006311,False,none,-1,
910000006312,False,none,-1,
910000006313,False,none,-1,
910000006314,False,none,-1,
910000006315,False,none,-1,
910000006316,False,none,-1,
910000006317,True,L3,43,910000018047
910000006318,False,none,-1,
910000006319,False,none,-1,
910000006320,False,none,-1,
910000006321,False,none,-1,
910000006322,False,none,-1,
910000006323,False,none,-1,
910000006324,False,none,-1,
910000006325,False,none,-1,
910000006326,False,none,-1,
910000006327,False,none,-1,
910000006328,False,none,-1,
910000006329,False,none,-1,
910000006330,False,none,-1,
910000006331,False,none,-1,
910000006332,False,none,-1,
910000006333,False,none,-1,
910000006334,False,none,-1,
910000006335,False,none,-1,
910000006336,False,none,-1,
910000006337,False,none,-1,
910000006338,False,none,-1,
910000006339,False,none,-1,
910000006340,False,none,-1,
910000006341,False,none,-1,
910000006342,False,none,-1,
910000006343,False,none,-1,
910000006344,False,none,-1,
910000006345,False,none,-1,
910000006346,False,none,-1,
910000006347,False,none,-1,
910000006348,False,none,-1,
910000006349,False,none,-1,
910000006350,False,none,-1,
910000006351,False,none,-1,
910000006352,False,none,-1,
910000006353,True,L3,95,910000000158
910000006354,False,none,-1,
910000006355,False,none,-1,
910000006356,False,none,-1,
910000006357,False,none,-1,
910000006358,False,none,-1,
910000006359,False,none,-1,
910000006360,False,none,-1,
910000006361,False,none,-1,
910000006362,False,none,-1,
910000006363,False,none,-1,
910000006364,False,none,-1,
910000006365,False,none,-1,
910000006366,False,none,-1,
910000006367,False,none,-1,
910000006368,False,none,-1,
910000006369,False,none,-1,
910000006370,False,none,-1,
910000006371,False,none,-1,
910000006372,False,none,-1,
910000006373,False,none,-1,
910000006374,False,none,-1,
910000006375,False,none,-1,
910000006376,False,none,-1,
910000006377,False,none,-1,
910000006378,False,none,-1,
910000006379,False,none,-1,
910000006380,True,L3,15,910000017309
910000006381,False,none,-1,
910000006382,False,none,-1,
910000006383,False,none,-1,
910000006384,False,none,-1,
910000006385,True,L1,16,910000008831
910000006386,False,none,-1,
910000006387,False,none,-1,
910000006388,False,none,-1,
910000006389,False,none,-1,
910000006390,False,none,-1,
910000006391,True,L2,28,910000002949
910000006392,False,none,-1,
910000006393,False,none,-1,
910000006394,False,none,-1,
910000006395,False,none,-1,
910000006396,False,none,-1,
910000006397,False,none,-1,
910000006398,False,none,-1,
910000006399,False,none,-1,
910000006400,False,none,-1,
910000006401,False,none,-1,
910000006402,False,none,-1,
910000006403,False,none,-1,
910000006404,False,none,-1,
910000006405,False,none,-1,
910000006406,False,none,-1,
910000006407,False,none,-1,
910000006408,False,none,-1,
910000006409,False,none,-1,
910000006410,False,none,-1,
910000006411,False,none,-1,
910000006412,False,none,-1,
910000006413,False,none,-1,
910000006414,False,none,-1,
910000006415,False,none,-1,
910000006416,False,none,-1,
910000006417,False,none,-1,
910000006418,False,none,-1,
910000006419,False,none,-1,
910000006420,False,none,-1,
910000006421,False,none,-1,
910000006422,False,none,-1,
910000006423,False,none,-1,
910000006424,False,none,-1,
910000006425,False,none,-1,
910000006426,False,none,-1,
910000006427,False,none,-1,
910000006428,False,none,-1,
910000006429,False,none,-1,
910000006430,False,none,-1,
910000006431,False,none,-1,
910000006432,False,none,-1,
910000006433,False,none,-1,
910000006434,True,L1,44,910000020451
910000006435,False,none,-1,
910000006436,False,none,-1,
910000006437,False,none,-1,
910000006438,False,none,-1,
910000006439,False,none,-1,
910000006440,False,none,-1,
910000006441,False,none,-1,
910000006442,False,none,-1,
910000006443,False,none,-1,
910000006444,False,none,-1,
910000006445,False,none,-1,
910000006446,False,none,-1,
910000006447,False,none,-1,
910000006448,False,none,-1,
910000006449,True,L2,99,910000017824
910000006450,False,none,-1,
910000006451,False,none,-1,
910000006452,False,none,-1,
910000006453,False,none,-1,
910000006454,False,none,-1,
910000006455,False,none,-1,
910000006456,False,none,-1,
910000006457,False,none,-1,
910000006458,False,none,-1,
910000006459,False,none,-1,
910000006460,False,none,-1,
910000006461,True,L3,60,910000007647
910000006462,False,none,-1,
910000006463,False,none,-1,
910000006464,False,none,-1,
910000006465,False,none,-1,
910000006466,False,none,-1,
910000006467,False,none,-1,
910000006468,False,none,-1,
910000006469,False,none,-1,
910000006470,False,none,-1,
910000006471,False,none,-1,
910000006472,False,none,-1,
910000006473,False,none,-1,
910000006474,False,none,-1,
910000006475,False,none,-1,
910000006476,False,none,-1,
910000006477,False,none,-1,
910000006478,False,none,-1,
910000006479,False,none,-1,
910000006480,False,none,-1,
910000006481,False,none,-1,
910000006482,False,none,-1,
910000006483,False,none,-1,
910000006484,False,none,-1,
910000006485,False,none,-1,
910000006486,False,none,-1,
910000006487,False,none,-1,
910000006488,False,none,-1,
910000006489,False,none,-1,
910000006490,False,none,-1,
910000006491,True,L3,37,910000010112
910000006492,False,none,-1,
910000006493,True,L2,1,910000024661
910000006494,False,none,-1,
910000006495,False,none,-1,
910000006496,False,none,-1,
910000006497,False,none,-1,
910000006498,False,none,-1,
910000006499,False,none,-1,
910000006500,False,none,-1,
910000006501,False,none,-1,
910000006502,False,none,-1,
910000006503,False,none,-1,
910000006504,True,L2,34,910000007044
910000006505,False,none,-1,
910000006506,False,none,-1,
910000006507,False,none,-1,
910000006508,False,none,-1,
910000006509,False,none,-1,
910000006510,False,none,-1,
910000006511,False,none,-1,
910000006512,False,none,-1,
910000006513,False,none,-1,
910000006514,False,none,-1,
910000006515,False,none,-1,
910000006516,True,L1,7,910000021465
910000006517,False,none,-1,
910000006518,False,none,-1,
910000006519,False,none,-1,
910000006520,False,none,-1,
910000006521,False,none,-1,
910000006522,False,none,-1,
910000006523,True,L2,39,910000001087
910000006524,False,none,-1,
910000006525,False,none,-1,
910000006526,False,none,-1,
910000006527,False,none,-1,
910000006528,False,none,-1,
910000006529,False,none,-1,
910000006530,False,none,-1,
910000006531,False,none,-1,
910000006532,False,none,-1,
910000006533,False,none,-1,
910000006534,False,none,-1,
910000006535,False,none,-1,
910000006536,False,none,-1,
910000006537,False,none,-1,
910000006538,False,none,-1,
910000006539,False,none,-1,
910000006540,False,none,-1,
910000006541,False,none,-1,
910000006542,False,none,-1,
910000006543,False,none,-1,
910000006544,False,none,-1,
910000006545,True,L2,80,910000022510
910000006546,False,none,-1,
910000006547,False,none,-1,
910000006548,False,none,-1,
910000006549,False,none,-1,
910000006550,True,L1,7,910000021465
910000006551,False,none,-1,
910000006552,False,none,-1,
910000006553,False,none,-1,
910000006554,False,none,-1,
910000006555,False,none,-1,
910000006556,False,none,-1,
910000006557,False,none,-1,
910000006558,True,L2,42,910000012324
910000006559,False,none,-1,
910000006560,False,none,-1,
910000006561,False,none,-1,
910000006562,True,L3,27,910000019664
910000006563,False,none,-1,
910000006564,False,none,-1,
910000006565,False,none,-1,
910000006566,False,none,-1,
910000006567,False,none,-1,
910000006568,False,none,-1,
910000006569,False,none,-1,
910000006570,False,none,-1,
910000006571,False,none,-1,
910000006572,False,none,-1,
910000006573,False,none,-1,
910000006574,False,none,-1,
910000006575,False,none,-1,
910000006576,False,none,-1,
910000006577,False,none,-1,
910000006578,False,none,-1,
910000006579,False,none,-1,
910000006580,False,none,-1,
910000006581,False,none,-1,
910000006582,False,none,-1,
910000006583,False,none,-1,
910000006584,False,none,-1,
910000006585,False,none,-1,
910000006586,False,none,-1,
910000006587,False,none,-1,
910000006588,False,none,-1,
910000006589,False,none,-1,
910000006590,False,none,-1,
910000006591,False,none,-1,
910000006592,False,none,-1,
910000006593,False,none,-1,
910000006594,False,none,-1,
910000006595,False,none,-1,
910000006596,False,none,-1,
910000006597,False,none,-1,
910000006598,False,none,-1,
910000006599,False,none,-1,
910000006600,True,L2,17,910000009375
910000006601,True,L3,43,910000018047
910000006602,False,none,-1,
910000006603,True,L1,82,910000003073
910000006604,False,none,-1,
910000006605,False,none,-1,
910000006606,False,none,-1,
910000006607,False,none,-1,
910000006608,False,none,-1,
910000006609,False,none,-1,
910000006610,False,none,-1,
910000006611,False,none,-1,
910000006612,False,none,-1,
910000006613,False,none,-1,
910000006614,False,none,-1,
910000006615,False,none,-1,
910000006616,False,none,-1,
910000006617,False,none,-1,
910000006618,False,none,-1,
910000006619,False,none,-1,
910000006620,False,none,-1,
910000006621,False,none,-1,
910000006622,False,none,-1,
910000006623,False,none,-1,
910000006624,False,none,-1,
910000006625,True,L1,68,910000023712
910000006626,True,L3,20,910000005298
910000006627,False,none,-1,
910000006628,False,none,-1,
910000006629,False,none,-1,
910000006630,False,none,-1,
910000006631,False,none,-1,
910000006632,False,none,-1,
910000006633,False,none,-1,
910000006634,False,none,-1,
910000006635,False,none,-1,
910000006636,False,none,-1,
910000006637,False,none,-1,
910000006638,False,none,-1,
910000006639,False,none,-1,
910000006640,False,none,-1,
910000006641,False,none,-1,
910000006642,False,none,-1,
910000006643,False,none,-1,
910000006644,False,none,-1,
910000006645,False,none,-1,
910000006646,False,none,-1,
910000006647,False,none,-1,
910000006648,False,none,-1,
910000006649,False,none,-1,
910000006650,True,L2,1,910000024661
910000006651,True,L2,65,910000010732
910000006652,False,none,-1,
910000006653,False,none,-1,
910000006654,False,none,-1,
910000006655,False,none,-1,
910000006656,False,none,-1,
910000006657,False,none,-1,
910000006658,True,L3,0,910000024789
910000006659,False,none,-1,
910000006660,False,none,-1,
910000006661,False,none,-1,
910000006662,False,none,-1,
910000006663,True,L1,10,910000002246
910000006664,False,none,-1,
910000006665,True,L3,8,910000006300
910000006666,False,none,-1,
910000006667,False,none,-1,
910000006668,False,none,-1,
910000006669,False,none,-1,
910000006670,False,none,-1,
910000006671,False,none,-1,
910000006672,False,none,-1,
910000006673,False,none,-1,
910000006674,False,none,-1,
910000006675,False,none,-1,
910000006676,False,none,-1,
910000006677,False,none,-1,
910000006678,False,none,-1,
910000006679,False,none,-1,
910000006680,False,none,-1,
910000006681,False,none,-1,
910000006682,False,none,-1,
910000006683,False,none,-1,
910000006684,False,none,-1,
910000006685,False,none,-1,
910000006686,False,none,-1,
910000006687,False,none,-1,
910000006688,False,none,-1,
910000006689,False,none,-1,
910000006690,False,none,-1,
910000006691,False,none,-1,
910000006692,False,none,-1,
910000006693,True,L1,28,910000002949
910000006694,False,none,-1,
910000006695,False,none,-1,
910000006696,False,none,-1,
910000006697,False,none,-1,
910000006698,False,none,-1,
910000006699,False,none,-1,
910000006700,False,none,-1,
910000006701,False,none,-1,
910000006702,False,none,-1,
910000006703,False,none,-1,
910000006704,False,none,-1,
910000006705,False,none,-1,
910000006706,False,none,-1,
910000006707,False,none,-1,
910000006708,False,none,-1,
910000006709,False,none,-1,
910000006710,False,none,-1,
910000006711,False,none,-1,
910000006712,False,none,-1,
910000006713,True,L2,68,910000023712
910000006714,False,none,-1,
910000006715,False,none,-1,
910000006716,False,none,-1,
910000006717,False,none,-1,
910000006718,False,none,-1,
910000006719,False,none,-1,
910000006720,False,none,-1,
910000006721,False,none,-1,
910000006722,False,none,-1,
910000006723,False,none,-1,
910000006724,False,none,-1,
910000006725,False,none,-1,
910000006726,False,none,-1,
910000006727,True,L3,39,910000001087
910000006728,False,none,-1,
910000006729,False,none,-1,
910000006730,False,none,-1,
910000006731,False,none,-1,
910000006732,False,none,-1,
910000006733,False,none,-1,
910000006734,False,none,-1,
910000006735,False,none,-1,
910000006736,False,none,-1,
910000006737,False,none,-1,
910000006738,False,none,-1,
910000006739,False,none,-1,
910000006740,False,none,-1,
910000006741,False,none,-1,
910000006742,False,none,-1,
910000006743,False,none,-1,
910000006744,False,none,-1,
910000006745,False,none,-1,
910000006746,False,none,-1,
910000006747,False,none,-1,
910000006748,False,none,-1,
910000006749,False,none,-1,
910000006750,False,none,-1,
910000006751,False,none,-1,
910000006752,False,none,-1,
910000006753,False,none,-1,
910000006754,False,none,-1,
910000006755,False,none,-1,
910000006756,False,none,-1,
910000006757,False,none,-1,
910000006758,False,none,-1,
910000006759,False,none,-1,
910000006760,False,none,-1,
910000006761,True,L3,52,910000023417
910000006762,False,none,-1,
910000006763,False,none,-1,
910000006764,False,none,-1,
910000006765,False,none,-1,
910000006766,False,none,-1,
910000006767,False,none,-1,
910000006768,False,none,-1,
910000006769,False,none,-1,
910000006770,True,L2,56,910000008837
910000006771,False,none,-1,
910000006772,False,none,-1,
910000006773,False,none,-1,
910000006774,False,none,-1,
910000006775,False,none,-1,
910000006776,False,none,-1,
910000006777,False,none,-1,
910000006778,False,none,-1,
910000006779,False,none,-1,
910000006780,False,none,-1,
910000006781,False,none,-1,
910000006782,False,none,-1,
910000006783,False,none,-1,
910000006784,False,none,-1,
910000006785,False,none,-1,
910000006786,False,none,-1,
910000006787,False,none,-1,
910000006788,False,none,-1,
910000006789,False,none,-1,
910000006790,False,none,-1,
910000006791,False,none,-1,
910000006792,False,none,-1,
910000006793,False,none,-1,
910000006794,False,none,-1,
910000006795,False,none,-1,
910000006796,False,none,-1,
910000006797,False,none,-1,
910000006798,False,none,-1,
910000006799,False,none,-1,
910000006800,False,none,-1,
910000006801,False,none,-1,
910000006802,False,none,-1,
910000006803,False,none,-1,
910000006804,False,none,-1,
910000006805,False,none,-1,
910000006806,False,none,-1,
910000006807,False,none,-1,
910000006808,False,none,-1,
910000006809,False,none,-1,
910000006810,False,none,-1,
910000006811,False,none,-1,
910000006812,False,none,-1,
910000006813,False,none,-1,
910000006814,False,none,-1,
910000006815,False,none,-1,
910000006816,True,L2,14,910000024141
910000006817,False,none,-1,
910000006818,False,none,-1,
910000006819,False,none,-1,
910000006820,False,none,-1,
910000006821,False,none,-1,
910000006822,False,none,-1,
910000006823,False,none,-1,
910000006824,False,none,-1,
910000006825,False,none,-1,
910000006826,False,none,-1,
910000006827,False,none,-1,
910000006828,False,none,-1,
910000006829,False,none,-1,
910000006830,False,none,-1,
910000006831,True,L3,23,910000006128
910000006832,False,none,-1,
910000006833,False,none,-1,
910000006834,False,none,-1,
910000006835,False,none,-1,
910000006836,False,none,-1,
910000006837,False,none,-1,
910000006838,False,none,-1,
910000006839,False,none,-1,
910000006840,False,none,-1,
910000006841,False,none,-1,
910000006842,False,none,-1,
910000006843,True,L3,73,910000008345
910000006844,False,none,-1,
910000006845,False,none,-1,
910000006846,False,none,-1,
910000006847,False,none,-1,
910000006848,True,L3,22,910000010458
910000006849,False,none,-1,
910000006850,False,none,-1,
910000006851,False,none,-1,
910000006852,False,none,-1,
910000006853,False,none,-1,
910000006854,False,none,-1,
910000006855,False,none,-1,
910000006856,False,none,-1,
910000006857,False,none,-1,
910000006858,False,none,-1,
910000006859,False,none,-1,
910000006860,False,none,-1,
910000006861,False,none,-1,
910000006862,False,none,-1,
910000006863,False,none,-1,
910000006864,False,none,-1,
910000006865,False,none,-1,
910000006866,False,none,-1,
910000006867,False,none,-1,
910000006868,False,none,-1,
910000006869,True,L1,0,910000024789
910000006870,False,none,-1,
910000006871,False,none,-1,
910000006872,True,L2,90,910000002815
910000006873,False,none,-1,
910000006874,False,none,-1,
910000006875,True,L3,18,910000003772
910000006876,False,none,-1,
910000006877,False,none,-1,
910000006878,False,none,-1,
910000006879,True,L3,15,910000017309
910000006880,False,none,-1,
910000006881,False,none,-1,
910000006882,False,none,-1,
910000006883,False,none,-1,
910000006884,False,none,-1,
910000006885,False,none,-1,
910000006886,False,none,-1,
910000006887,False,none,-1,
910000006888,False,none,-1,
910000006889,True,L2,39,910000001087
910000006890,False,none,-1,
910000006891,False,none,-1,
910000006892,True,L2,1,910000024661
910000006893,False,none,-1,
910000006894,False,none,-1,
910000006895,False,none,-1,
910000006896,False,none,-1,
910000006897,False,none,-1,
910000006898,False,none,-1,
910000006899,False,none,-1,
910000006900,False,none,-1,
910000006901,False,none,-1,
910000006902,False,none,-1,
910000006903,False,none,-1,
910000006904,False,none,-1,
910000006905,False,none,-1,
910000006906,False,none,-1,
910000006907,False,none,-1,
910000006908,False,none,-1,
910000006909,False,none,-1,
910000006910,False,none,-1,
910000006911,False,none,-1,
910000006912,False,none,-1,
910000006913,False,none,-1,
910000006914,False,none,-1,
910000006915,False,none,-1,
910000006916,False,none,-1,
910000006917,False,none,-1,
910000006918,False,none,-1,
910000006919,False,none,-1,
910000006920,False,none,-1,
910000006921,False,none,-1,
910000006922,True,L2,55,910000001567
910000006923,False,none,-1,
910000006924,False,none,-1,
910000006925,False,none,-1,
910000006926,False,none,-1,
910000006927,False,none,-1,
910000006928,False,none,-1,
910000006929,False,none,-1,
910000006930,False,none,-1,
910000006931,False,none,-1,
910000006932,False,none,-1,
910000006933,False,none,-1,
910000006934,False,none,-1,
910000006935,False,none,-1,
910000006936,False,none,-1,
910000006937,False,none,-1,
910000006938,False,none,-1,
910000006939,False,none,-1,
910000006940,False,none,-1,
910000006941,False,none,-1,
910000006942,False,none,-1,
910000006943,False,none,-1,
910000006944,False,none,-1,
910000006945,False,none,-1,
910000006946,False,none,-1,
910000006947,False,none,-1,
910000006948,False,none,-1,
910000006949,False,none,-1,
910000006950,False,none,-1,
910000006951,False,none,-1,
910000006952,False,none,-1,
910000006953,False,none,-1,
910000006954,False,none,-1,
910000006955,False,none,-1,
910000006956,False,none,-1,
910000006957,False,none,-1,
910000006958,False,none,-1,
910000006959,False,none,-1,
910000006960,False,none,-1,
910000006961,False,none,-1,
910000006962,False,none,-1,
910000006963,False,none,-1,
910000006964,False,none,-1,
910000006965,True,L2,92,910000021432
910000006966,False,none,-1,
910000006967,False,none,-1,
910000006968,False,none,-1,
910000006969,False,none,-1,
910000006970,False,none,-1,
910000006971,False,none,-1,
910000006972,False,none,-1,
910000006973,False,none,-1,
910000006974,False,none,-1,
910000006975,False,none,-1,
910000006976,False,none,-1,
910000006977,False,none,-1,
910000006978,False,none,-1,
910000006979,False,none,-1,
910000006980,False,none,-1,
910000006981,False,none,-1,
910000006982,False,none,-1,
910000006983,False,none,-1,
910000006984,False,none,-1,
910000006985,False,none,-1,
910000006986,False,none,-1,
910000006987,False,none,-1,
910000006988,False,none,-1,
910000006989,False,none,-1,
910000006990,False,none,-1,
910000006991,False,none,-1,
910000006992,False,none,-1,
910000006993,False,none,-1,
910000006994,False,none,-1,
910000006995,False,none,-1,
910000006996,False,none,-1,
910000006997,False,none,-1,
910000006998,False,none,-1,
910000006999,False,none,-1,
910000007000,False,none,-1,
910000007001,False,none,-1,
910000007002,False,none,-1,
910000007003,False,none,-1,
910000007004,False,none,-1,
910000007005,False,none,-1,
910000007006,False,none,-1,
910000007007,False,none,-1,
910000007008,False,none,-1,
910000007009,False,none,-1,
910000007010,False,none,-1,
910000007011,False,none,-1,
910000007012,False,none,-1,
910000007013,False,none,-1,
910000007014,False,none,-1,
910000007015,False,none,-1,
910000007016,False,none,-1,
910000007017,False,none,-1,
910000007018,False,none,-1,
910000007019,False,none,-1,
910000007020,False,none,-1,
910000007021,False,none,-1,
910000007022,False,none,-1,
910000007023,False,none,-1,
910000007024,False,none,-1,
910000007025,False,none,-1,
910000007026,False,none,-1,
910000007027,False,none,-1,
910000007028,False,none,-1,
910000007029,False,none,-1,
910000007030,False,none,-1,
910000007031,False,none,-1,
910000007032,False,none,-1,
910000007033,False,none,-1,
910000007034,False,none,-1,
910000007035,False,none,-1,
910000007036,False,none,-1,
910000007037,False,none,-1,
910000007038,False,none,-1,
910000007039,False,none,-1,
910000007040,False,none,-1,
910000007041,False,none,-1,
910000007042,False,none,-1,
910000007043,False,none,-1,
910000007044,False,none,-1,
910000007045,False,none,-1,
910000007046,False,none,-1,
910000007047,False,none,-1,
910000007048,False,none,-1,
910000007049,False,none,-1,
910000007050,False,none,-1,
910000007051,False,none,-1,
910000007052,False,none,-1,
910000007053,False,none,-1,
910000007054,False,none,-1,
910000007055,False,none,-1,
910000007056,False,none,-1,
910000007057,False,none,-1,
910000007058,False,none,-1,
910000007059,False,none,-1,
910000007060,False,none,-1,
910000007061,False,none,-1,
910000007062,False,none,-1,
910000007063,False,none,-1,
910000007064,False,none,-1,
910000007065,False,none,-1,
910000007066,False,none,-1,
910000007067,False,none,-1,
910000007068,False,none,-1,
910000007069,False,none,-1,
910000007070,False,none,-1,
910000007071,False,none,-1,
910000007072,True,L2,82,910000003073
910000007073,True,L3,69,910000006862
910000007074,False,none,-1,
910000007075,False,none,-1,
910000007076,False,none,-1,
910000007077,False,none,-1,
910000007078,False,none,-1,
910000007079,False,none,-1,
910000007080,False,none,-1,
910000007081,False,none,-1,
910000007082,False,none,-1,
910000007083,False,none,-1,
910000007084,False,none,-1,
910000007085,False,none,-1,
910000007086,True,L3,52,910000023417
910000007087,False,none,-1,
910000007088,False,none,-1,
910000007089,False,none,-1,
910000007090,False,none,-1,
910000007091,True,L1,26,910000012293
910000007092,False,none,-1,
910000007093,False,none,-1,
910000007094,False,none,-1,
910000007095,False,none,-1,
910000007096,False,none,-1,
910000007097,False,none,-1,
910000007098,False,none,-1,
910000007099,False,none,-1,
910000007100,False,none,-1,
910000007101,False,none,-1,
910000007102,False,none,-1,
910000007103,False,none,-1,
910000007104,False,none,-1,
910000007105,False,none,-1,
910000007106,False,none,-1,
910000007107,False,none,-1,
910000007108,False,none,-1,
910000007109,False,none,-1,
910000007110,False,none,-1,
910000007111,False,none,-1,
910000007112,False,none,-1,
910000007113,False,none,-1,
910000007114,False,none,-1,
910000007115,False,none,-1,
910000007116,False,none,-1,
910000007117,False,none,-1,
910000007118,True,L3,11,910000010364
910000007119,False,none,-1,
910000007120,False,none,-1,
910000007121,False,none,-1,
910000007122,False,none,-1,
910000007123,False,none,-1,
910000007124,False,none,-1,
910000007125,False,none,-1,
910000007126,False,none,-1,
910000007127,False,none,-1,
910000007128,False,none,-1,
910000007129,False,none,-1,
910000007130,False,none,-1,
910000007131,False,none,-1,
910000007132,False,none,-1,
910000007133,False,none,-1,
910000007134,False,none,-1,
910000007135,False,none,-1,
910000007136,False,none,-1,
910000007137,False,none,-1,
910000007138,False,none,-1,
910000007139,False,none,-1,
910000007140,False,none,-1,
910000007141,False,none,-1,
910000007142,False,none,-1,
910000007143,False,none,-1,
910000007144,False,none,-1,
910000007145,False,none,-1,
910000007146,False,none,-1,
910000007147,False,none,-1,
910000007148,False,none,-1,
910000007149,False,none,-1,
910000007150,False,none,-1,
910000007151,False,none,-1,
910000007152,False,none,-1,
910000007153,False,none,-1,
910000007154,False,none,-1,
910000007155,False,none,-1,
910000007156,False,none,-1,
910000007157,False,none,-1,
910000007158,False,none,-1,
910000007159,False,none,-1,
910000007160,False,none,-1,
910000007161,False,none,-1,
910000007162,False,none,-1,
910000007163,False,none,-1,
910000007164,False,none,-1,
910000007165,False,none,-1,
910000007166,False,none,-1,
910000007167,False,none,-1,
910000007168,False,none,-1,
910000007169,True,L1,83,910000004010
910000007170,False,none,-1,
910000007171,False,none,-1,
910000007172,False,none,-1,
910000007173,False,none,-1,
910000007174,False,none,-1,
910000007175,False,none,-1,
910000007176,False,none,-1,
910000007177,False,none,-1,
910000007178,False,none,-1,
910000007179,True,L1,96,910000022031
910000007180,False,none,-1,
910000007181,False,none,-1,
910000007182,False,none,-1,
910000007183,False,none,-1,
910000007184,False,none,-1,
910000007185,False,none,-1,
910000007186,False,none,-1,
910000007187,False,none,-1,
910000007188,False,none,-1,
910000007189,False,none,-1,
910000007190,False,none,-1,
910000007191,False,none,-1,
910000007192,False,none,-1,
910000007193,False,none,-1,
910000007194,False,none,-1,
910000007195,False,none,-1,
910000007196,False,none,-1,
910000007197,False,none,-1,
910000007198,False,none,-1,
910000007199,True,L3,9,910000016343
910000007200,False,none,-1,
910000007201,False,none,-1,
910000007202,True,L3,54,910000005950
910000007203,False,none,-1,
910000007204,False,none,-1,
910000007205,False,none,-1,
910000007206,False,none,-1,
910000007207,False,none,-1,
910000007208,False,none,-1,
910000007209,False,none,-1,
910000007210,False,none,-1,
910000007211,False,none,-1,
910000007212,False,none,-1,
910000007213,True,L2,75,910000008084
910000007214,False,none,-1,
910000007215,False,none,-1,
910000007216,False,none,-1,
910000007217,False,none,-1,
910000007218,False,none,-1,
910000007219,False,none,-1,
910000007220,False,none,-1,
910000007221,False,none,-1,
910000007222,True,L3,54,910000005950
910000007223,False,none,-1,
910000007224,True,L1,83,910000004010
910000007225,False,none,-1,
910000007226,False,none,-1,
910000007227,False,none,-1,
910000007228,False,none,-1,
910000007229,True,L3,6,910000011918
910000007230,False,none,-1,
910000007231,False,none,-1,
910000007232,False,none,-1,
910000007233,False,none,-1,
910000007234,False,none,-1,
910000007235,False,none,-1,
910000007236,False,none,-1,
910000007237,False,none,-1,
910000007238,False,none,-1,
910000007239,False,none,-1,
910000007240,False,none,-1,
910000007241,False,none,-1,
910000007242,False,none,-1,
910000007243,False,none,-1,
910000007244,False,none,-1,
910000007245,False,none,-1,
910000007246,False,none,-1,
910000007247,False,none,-1,
910000007248,False,none,-1,
910000007249,False,none,-1,
910000007250,False,none,-1,
910000007251,False,none,-1,
910000007252,False,none,-1,
910000007253,False,none,-1,
910000007254,False,none,-1,
910000007255,False,none,-1,
910000007256,False,none,-1,
910000007257,False,none,-1,
910000007258,False,none,-1,
910000007259,False,none,-1,
910000007260,False,none,-1,
910000007261,False,none,-1,
910000007262,False,none,-1,
910000007263,False,none,-1,
910000007264,False,none,-1,
910000007265,False,none,-1,
910000007266,False,none,-1,
910000007267,False,none,-1,
910000007268,False,none,-1,
910000007269,False,none,-1,
910000007270,False,none,-1,
910000007271,True,L3,79,910000008111
910000007272,False,none,-1,
910000007273,False,none,-1,
910000007274,False,none,-1,
910000007275,False,none,-1,
910000007276,False,none,-1,
910000007277,False,none,-1,
910000007278,True,L2,81,910000021910
910000007279,False,none,-1,
910000007280,False,none,-1,
910000007281,False,none,-1,
910000007282,False,none,-1,
910000007283,False,none,-1,
910000007284,False,none,-1,
910000007285,False,none,-1,
910000007286,False,none,-1,
910000007287,False,none,-1,
910000007288,False,none,-1,
910000007289,False,none,-1,
910000007290,False,none,-1,
910000007291,False,none,-1,
910000007292,False,none,-1,
910000007293,False,none,-1,
910000007294,True,L1,76,910000011433
910000007295,False,none,-1,
910000007296,False,none,-1,
910000007297,False,none,-1,
910000007298,False,none,-1,
910000007299,True,L3,8,910000006300
910000007300,False,none,-1,
910000007301,False,none,-1,
910000007302,False,none,-1,
910000007303,False,none,-1,
910000007304,True,L1,12,910000020672
910000007305,True,L3,39,910000001087
910000007306,False,none,-1,
910000007307,False,none,-1,
910000007308,True,L1,97,910000017134
910000007309,False,none,-1,
910000007310,False,none,-1,
910000007311,False,none,-1,
910000007312,False,none,-1,
910000007313,False,none,-1,
910000007314,False,none,-1,
910000007315,False,none,-1,
910000007316,False,none,-1,
910000007317,False,none,-1,
910000007318,False,none,-1,
910000007319,False,none,-1,
910000007320,False,none,-1,
910000007321,False,none,-1,
910000007322,False,none,-1,
910000007323,False,none,-1,
910000007324,False,none,-1,
910000007325,False,none,-1,
910000007326,False,none,-1,
910000007327,False,none,-1,
910000007328,False,none,-1,
910000007329,False,none,-1,
910000007330,False,none,-1,
910000007331,False,none,-1,
910000007332,False,none,-1,
910000007333,False,none,-1,
910000007334,False,none,-1,
910000007335,False,none,-1,
910000007336,False,none,-1,
910000007337,False,none,-1,
910000007338,False,none,-1,
910000007339,False,none,-1,
910000007340,True,L2,88,910000000548
910000007341,False,none,-1,
910000007342,False,none,-1,
910000007343,False,none,-1,
910000007344,False,none,-1,
910000007345,False,none,-1,
910000007346,False,none,-1,
910000007347,False,none,-1,
910000007348,False,none,-1,
910000007349,True,L2,50,910000021944
910000007350,False,none,-1,
910000007351,False,none,-1,
910000007352,False,none,-1,
910000007353,False,none,-1,
910000007354,True,L2,56,910000008837
910000007355,False,none,-1,
910000007356,False,none,-1,
910000007357,False,none,-1,
910000007358,False,none,-1,
910000007359,False,none,-1,
910000007360,False,none,-1,
910000007361,False,none,-1,
910000007362,False,none,-1,
910000007363,False,none,-1,
910000007364,True,L2,31,910000017714
910000007365,False,none,-1,
910000007366,False,none,-1,
910000007367,False,none,-1,
910000007368,False,none,-1,
910000007369,False,none,-1,
910000007370,False,none,-1,
910000007371,False,none,-1,
910000007372,False,none,-1,
910000007373,False,none,-1,
910000007374,False,none,-1,
910000007375,False,none,-1,
910000007376,False,none,-1,
910000007377,False,none,-1,
910000007378,False,none,-1,
910000007379,False,none,-1,
910000007380,False,none,-1,
910000007381,False,none,-1,
910000007382,False,none,-1,
910000007383,False,none,-1,
910000007384,False,none,-1,
910000007385,False,none,-1,
910000007386,False,none,-1,
910000007387,False,none,-1,
910000007388,False,none,-1,
910000007389,False,none,-1,
910000007390,False,none,-1,
910000007391,False,none,-1,
910000007392,False,none,-1,
910000007393,False,none,-1,
910000007394,False,none,-1,
910000007395,False,none,-1,
910000007396,True,L3,80,910000022510
910000007397,False,none,-1,
910000007398,False,none,-1,
910000007399,False,none,-1,
910000007400,False,none,-1,
910000007401,False,none,-1,
910000007402,False,none,-1,
910000007403,False,none,-1,
910000007404,False,none,-1,
910000007405,False,none,-1,
910000007406,True,L3,99,910000017824
910000007407,True,L2,68,910000023712
910000007408,False,none,-1,
910000007409,False,none,-1,
910000007410,False,none,-1,
910000007411,False,none,-1,
910000007412,False,none,-1,
910000007413,False,none,-1,
910000007414,False,none,-1,
910000007415,False,none,-1,
910000007416,False,none,-1,
910000007417,False,none,-1,
910000007418,False,none,-1,
910000007419,False,none,-1,
910000007420,False,none,-1,
910000007421,False,none,-1,
910000007422,False,none,-1,
910000007423,False,none,-1,
910000007424,False,none,-1,
910000007425,False,none,-1,
910000007426,False,none,-1,
910000007427,False,none,-1,
910000007428,False,none,-1,
910000007429,False,none,-1,
910000007430,False,none,-1,
910000007431,False,none,-1,
910000007432,True,L3,97,910000017134
910000007433,False,none,-1,
910000007434,False,none,-1,
910000007435,False,none,-1,
910000007436,False,none,-1,
910000007437,False,none,-1,
910000007438,False,none,-1,
910000007439,False,none,-1,
910000007440,False,none,-1,
910000007441,False,none,-1,
910000007442,False,none,-1,
910000007443,False,none,-1,
910000007444,False,none,-1,
910000007445,False,none,-1,
910000007446,False,none,-1,
910000007447,False,none,-1,
910000007448,False,none,-1,
910000007449,False,none,-1,
910000007450,True,L1,93,910000005922
910000007451,False,none,-1,
910000007452,False,none,-1,
910000007453,False,none,-1,
910000007454,False,none,-1,
910000007455,False,none,-1,
910000007456,False,none,-1,
910000007457,False,none,-1,
910000007458,False,none,-1,
910000007459,False,none,-1,
910000007460,False,none,-1,
910000007461,False,none,-1,
910000007462,False,none,-1,
910000007463,False,none,-1,
910000007464,False,none,-1,
910000007465,False,none,-1,
910000007466,False,none,-1,
910000007467,False,none,-1,
910000007468,False,none,-1,
910000007469,False,none,-1,
910000007470,False,none,-1,
910000007471,False,none,-1,
910000007472,False,none,-1,
910000007473,False,none,-1,
910000007474,False,none,-1,
910000007475,False,none,-1,
910000007476,False,none,-1,
910000007477,False,none,-1,
910000007478,False,none,-1,
910000007479,False,none,-1,
910000007480,False,none,-1,
910000007481,False,none,-1,
910000007482,False,none,-1,
910000007483,False,none,-1,
910000007484,False,none,-1,
910000007485,True,L2,60,910000007647
910000007486,False,none,-1,
910000007487,True,L1,99,910000017824
910000007488,False,none,-1,
910000007489,True,L2,0,910000024789
910000007490,False,none,-1,
910000007491,False,none,-1,
910000007492,False,none,-1,
910000007493,False,none,-1,
910000007494,False,none,-1,
910000007495,False,none,-1,
910000007496,False,none,-1,
910000007497,False,none,-1,
910000007498,False,none,-1,
910000007499,False,none,-1,
910000007500,False,none,-1,
910000007501,False,none,-1,
910000007502,False,none,-1,
910000007503,False,none,-1,
910000007504,False,none,-1,
910000007505,False,none,-1,
910000007506,False,none,-1,
910000007507,False,none,-1,
910000007508,False,none,-1,
910000007509,False,none,-1,
910000007510,False,none,-1,
910000007511,True,L3,52,910000023417
910000007512,False,none,-1,
910000007513,False,none,-1,
910000007514,False,none,-1,
910000007515,False,none,-1,
910000007516,True,L2,33,910000018608
910000007517,True,L2,16,910000008831
910000007518,False,none,-1,
910000007519,False,none,-1,
910000007520,False,none,-1,
910000007521,False,none,-1,
910000007522,False,none,-1,
910000007523,False,none,-1,
910000007524,False,none,-1,
910000007525,False,none,-1,
910000007526,True,L3,67,910000017540
910000007527,False,none,-1,
910000007528,False,none,-1,
910000007529,False,none,-1,
910000007530,False,none,-1,
910000007531,False,none,-1,
910000007532,False,none,-1,
910000007533,False,none,-1,
910000007534,False,none,-1,
910000007535,False,none,-1,
910000007536,False,none,-1,
910000007537,True,L3,29,910000015788
910000007538,False,none,-1,
910000007539,False,none,-1,
910000007540,True,L1,8,910000006300
910000007541,False,none,-1,
910000007542,False,none,-1,
910000007543,False,none,-1,
910000007544,False,none,-1,
910000007545,False,none,-1,
910000007546,False,none,-1,
910000007547,False,none,-1,
910000007548,False,none,-1,
910000007549,False,none,-1,
910000007550,False,none,-1,
910000007551,False,none,-1,
910000007552,False,none,-1,
910000007553,False,none,-1,
910000007554,False,none,-1,
910000007555,False,none,-1,
910000007556,False,none,-1,
910000007557,False,none,-1,
910000007558,False,none,-1,
910000007559,False,none,-1,
910000007560,False,none,-1,
910000007561,False,none,-1,
910000007562,False,none,-1,
910000007563,False,none,-1,
910000007564,False,none,-1,
910000007565,False,none,-1,
910000007566,False,none,-1,
910000007567,False,none,-1,
910000007568,True,L2,81,910000021910
910000007569,False,none,-1,
910000007570,True,L1,36,910000007400
910000007571,False,none,-1,
910000007572,True,L3,90,910000002815
910000007573,False,none,-1,
910000007574,False,none,-1,
910000007575,False,none,-1,
910000007576,False,none,-1,
910000007577,False,none,-1,
910000007578,False,none,-1,
910000007579,False,none,-1,
910000007580,False,none,-1,
910000007581,False,none,-1,
910000007582,True,L3,76,910000011433
910000007583,False,none,-1,
910000007584,False,none,-1,
910000007585,False,none,-1,
910000007586,False,none,-1,
910000007587,False,none,-1,
910000007588,False,none,-1,
910000007589,False,none,-1,
910000007590,False,none,-1,
910000007591,False,none,-1,
910000007592,False,none,-1,
910000007593,True,L2,64,910000005320
910000007594,False,none,-1,
910000007595,False,none,-1,
910000007596,False,none,-1,
910000007597,False,none,-1,
910000007598,False,none,-1,
910000007599,False,none,-1,
910000007600,False,none,-1,
910000007601,False,none,-1,
910000007602,False,none,-1,
910000007603,False,none,-1,
910000007604,False,none,-1,
910000007605,False,none,-1,
910000007606,False,none,-1,
910000007607,False,none,-1,
910000007608,False,none,-1,
910000007609,False,none,-1,
910000007610,False,none,-1,
910000007611,False,none,-1,
910000007612,False,none,-1,
910000007613,False,none,-1,
910000007614,True,L3,2,910000017935
910000007615,False,none,-1,
910000007616,False,none,-1,
910000007617,False,none,-1,
910000007618,False,none,-1,
910000007619,False,none,-1,
910000007620,False,none,-1,
910000007621,False,none,-1,
910000007622,False,none,-1,
910000007623,False,none,-1,
910000007624,False,none,-1,
910000007625,False,none,-1,
910000007626,False,none,-1,
910000007627,False,none,-1,
910000007628,True,L1,43,910000018047
910000007629,False,none,-1,
910000007630,False,none,-1,
910000007631,False,none,-1,
910000007632,False,none,-1,
910000007633,False,none,-1,
910000007634,False,none,-1,
910000007635,False,none,-1,
910000007636,False,none,-1,
910000007637,False,none,-1,
910000007638,False,none,-1,
910000007639,False,none,-1,
910000007640,False,none,-1,
910000007641,False,none,-1,
910000007642,False,none,-1,
910000007643,False,none,-1,
910000007644,False,none,-1,
910000007645,False,none,-1,
910000007646,False,none,-1,
910000007647,False,none,-1,
910000007648,False,none,-1,
910000007649,False,none,-1,
910000007650,False,none,-1,
910000007651,False,none,-1,
910000007652,False,none,-1,
910000007653,False,none,-1,
910000007654,False,none,-1,
910000007655,False,none,-1,
910000007656,False,none,-1,
910000007657,False,none,-1,
910000007658,False,none,-1,
910000007659,False,none,-1,
910000007660,False,none,-1,
910000007661,False,none,-1,
910000007662,False,none,-1,
910000007663,False,none,-1,
910000007664,False,none,-1,
910000007665,False,none,-1,
910000007666,False,none,-1,
910000007667,False,none,-1,
910000007668,False,none,-1,
910000007669,False,none,-1,
910000007670,False,none,-1,
910000007671,False,none,-1,
910000007672,True,L2,41,910000005164
910000007673,True,L1,59,910000017341
910000007674,False,none,-1,
910000007675,False,none,-1,
910000007676,False,none,-1,
910000007677,False,none,-1,
910000007678,False,none,-1,
910000007679,False,none,-1,
910000007680,False,none,-1,
910000007681,False,none,-1,
910000007682,False,none,-1,
910000007683,False,none,-1,
910000007684,False,none,-1,
910000007685,False,none,-1,
910000007686,True,L2,45,910000024669
910000007687,False,none,-1,
910000007688,False,none,-1,
910000007689,False,none,-1,
910000007690,False,none,-1,
910000007691,False,none,-1,
910000007692,False,none,-1,
910000007693,False,none,-1,
910000007694,False,none,-1,
910000007695,False,none,-1,
910000007696,False,none,-1,
910000007697,False,none,-1,
910000007698,False,none,-1,
910000007699,False,none,-1,
910000007700,False,none,-1,
910000007701,False,none,-1,
910000007702,False,none,-1,
910000007703,False,none,-1,
910000007704,True,L2,73,910000008345
910000007705,False,none,-1,
910000007706,False,none,-1,
910000007707,True,L2,26,910000012293
910000007708,False,none,-1,
910000007709,False,none,-1,
910000007710,False,none,-1,
910000007711,False,none,-1,
910000007712,False,none,-1,
910000007713,False,none,-1,
910000007714,False,none,-1,
910000007715,False,none,-1,
910000007716,False,none,-1,
910000007717,False,none,-1,
910000007718,False,none,-1,
910000007719,False,none,-1,
910000007720,True,L3,26,910000012293
910000007721,False,none,-1,
910000007722,True,L2,43,910000018047
910000007723,False,none,-1,
910000007724,False,none,-1,
910000007725,False,none,-1,
910000007726,False,none,-1,
910000007727,False,none,-1,
910000007728,False,none,-1,
910000007729,False,none,-1,
910000007730,False,none,-1,
910000007731,False,none,-1,
910000007732,False,none,-1,
910000007733,False,none,-1,
910000007734,False,none,-1,
910000007735,False,none,-1,
910000007736,False,none,-1,
910000007737,False,none,-1,
910000007738,False,none,-1,
910000007739,False,none,-1,
910000007740,False,none,-1,
910000007741,False,none,-1,
910000007742,False,none,-1,
910000007743,False,none,-1,
910000007744,False,none,-1,
910000007745,False,none,-1,
910000007746,False,none,-1,
910000007747,False,none,-1,
910000007748,True,L3,77,910000004550
910000007749,False,none,-1,
910000007750,False,none,-1,
910000007751,False,none,-1,
910000007752,False,none,-1,
910000007753,True,L2,1,910000024661
910000007754,False,none,-1,
910000007755,False,none,-1,
910000007756,False,none,-1,
910000007757,False,none,-1,
910000007758,False,none,-1,
910000007759,False,none,-1,
910000007760,False,none,-1,
910000007761,False,none,-1,
910000007762,False,none,-1,
910000007763,False,none,-1,
910000007764,True,L2,57,910000022134
910000007765,False,none,-1,
910000007766,False,none,-1,
910000007767,False,none,-1,
910000007768,False,none,-1,
910000007769,False,none,-1,
910000007770,False,none,-1,
910000007771,False,none,-1,
910000007772,False,none,-1,
910000007773,False,none,-1,
910000007774,False,none,-1,
910000007775,False,none,-1,
910000007776,False,none,-1,
910000007777,False,none,-1,
910000007778,False,none,-1,
910000007779,False,none,-1,
910000007780,False,none,-1,
910000007781,False,none,-1,
910000007782,False,none,-1,
910000007783,False,none,-1,
910000007784,False,none,-1,
910000007785,False,none,-1,
910000007786,False,none,-1,
910000007787,False,none,-1,
910000007788,False,none,-1,
910000007789,False,none,-1,
910000007790,False,none,-1,
910000007791,False,none,-1,
910000007792,False,none,-1,
910000007793,False,none,-1,
910000007794,False,none,-1,
910000007795,False,none,-1,
910000007796,False,none,-1,
910000007797,False,none,-1,
910000007798,False,none,-1,
910000007799,False,none,-1,
910000007800,True,L2,93,910000005922
910000007801,False,none,-1,
910000007802,False,none,-1,
910000007803,False,none,-1,
910000007804,False,none,-1,
910000007805,False,none,-1,
910000007806,False,none,-1,
910000007807,True,L2,51,910000010225
910000007808,False,none,-1,
910000007809,False,none,-1,
910000007810,False,none,-1,
910000007811,False,none,-1,
910000007812,True,L3,7,910000021465
910000007813,False,none,-1,
910000007814,False,none,-1,
910000007815,False,none,-1,
910000007816,False,none,-1,
910000007817,False,none,-1,
910000007818,False,none,-1,
910000007819,False,none,-1,
910000007820,False,none,-1,
910000007821,False,none,-1,
910000007822,False,none,-1,
910000007823,False,none,-1,
910000007824,False,none,-1,
910000007825,False,none,-1,
910000007826,False,none,-1,
910000007827,False,none,-1,
910000007828,False,none,-1,
910000007829,False,none,-1,
910000007830,False,none,-1,
910000007831,False,none,-1,
910000007832,False,none,-1,
910000007833,False,none,-1,
910000007834,False,none,-1,
910000007835,False,none,-1,
910000007836,False,none,-1,
910000007837,False,none,-1,
910000007838,False,none,-1,
910000007839,False,none,-1,
910000007840,False,none,-1,
910000007841,True,L3,41,910000005164
910000007842,True,L2,18,910000003772
910000007843,False,none,-1,
910000007844,False,none,-1,
910000007845,False,none,-1,
910000007846,False,none,-1,
910000007847,False,none,-1,
910000007848,False,none,-1,
910000007849,False,none,-1,
910000007850,False,none,-1,
910000007851,True,L3,86,910000022980
910000007852,False,none,-1,
910000007853,False,none,-1,
910000007854,False,none,-1,
910000007855,False,none,-1,
910000007856,False,none,-1,
910000007857,False,none,-1,
910000007858,False,none,-1,
910000007859,False,none,-1,
910000007860,False,none,-1,
910000007861,False,none,-1,
910000007862,False,none,-1,
910000007863,False,none,-1,
910000007864,False,none,-1,
910000007865,False,none,-1,
910000007866,False,none,-1,
910000007867,False,none,-1,
910000007868,False,none,-1,
910000007869,False,none,-1,
910000007870,False,none,-1,
910000007871,False,none,-1,
910000007872,False,none,-1,
910000007873,False,none,-1,
910000007874,False,none,-1,
910000007875,False,none,-1,
910000007876,False,none,-1,
910000007877,False,none,-1,
910000007878,False,none,-1,
910000007879,False,none,-1,
910000007880,False,none,-1,
910000007881,False,none,-1,
910000007882,False,none,-1,
910000007883,True,L2,57,910000022134
910000007884,False,none,-1,
910000007885,False,none,-1,
910000007886,False,none,-1,
910000007887,True,L2,7,910000021465
910000007888,False,none,-1,
910000007889,False,none,-1,
910000007890,True,L1,52,910000023417
910000007891,False,none,-1,
910000007892,False,none,-1,
910000007893,False,none,-1,
910000007894,False,none,-1,
910000007895,False,none,-1,
910000007896,False,none,-1,
910000007897,False,none,-1,
910000007898,False,none,-1,
910000007899,False,none,-1,
910000007900,False,none,-1,
910000007901,False,none,-1,
910000007902,False,none,-1,
910000007903,False,none,-1,
910000007904,False,none,-1,
910000007905,False,none,-1,
910000007906,False,none,-1,
910000007907,False,none,-1,
910000007908,True,L2,24,910000015900
910000007909,False,none,-1,
910000007910,False,none,-1,
910000007911,False,none,-1,
910000007912,True,L1,62,910000013403
910000007913,False,none,-1,
910000007914,False,none,-1,
910000007915,False,none,-1,
910000007916,False,none,-1,
910000007917,False,none,-1,
910000007918,False,none,-1,
910000007919,False,none,-1,
910000007920,False,none,-1,
910000007921,False,none,-1,
910000007922,False,none,-1,
910000007923,False,none,-1,
910000007924,False,none,-1,
910000007925,False,none,-1,
910000007926,False,none,-1,
910000007927,False,none,-1,
910000007928,False,none,-1,
910000007929,False,none,-1,
910000007930,False,none,-1,
910000007931,True,L2,59,910000017341
910000007932,False,none,-1,
910000007933,True,L3,87,910000024461
910000007934,False,none,-1,
910000007935,False,none,-1,
910000007936,False,none,-1,
910000007937,False,none,-1,
910000007938,False,none,-1,
910000007939,False,none,-1,
910000007940,False,none,-1,
910000007941,False,none,-1,
910000007942,False,none,-1,
910000007943,False,none,-1,
910000007944,False,none,-1,
910000007945,False,none,-1,
910000007946,False,none,-1,
910000007947,True,L3,2,910000017935
910000007948,False,none,-1,
910000007949,False,none,-1,
910000007950,False,none,-1,
910000007951,False,none,-1,
910000007952,False,none,-1,
910000007953,False,none,-1,
910000007954,False,none,-1,
910000007955,False,none,-1,
910000007956,True,L2,14,910000024141
910000007957,False,none,-1,
910000007958,False,none,-1,
910000007959,False,none,-1,
910000007960,False,none,-1,
910000007961,False,none,-1,
910000007962,False,none,-1,
910000007963,False,none,-1,
910000007964,False,none,-1,
910000007965,False,none,-1,
910000007966,False,none,-1,
910000007967,False,none,-1,
910000007968,False,none,-1,
910000007969,False,none,-1,
910000007970,False,none,-1,
910000007971,False,none,-1,
910000007972,False,none,-1,
910000007973,False,none,-1,
910000007974,False,none,-1,
910000007975,False,none,-1,
910000007976,False,none,-1,
910000007977,False,none,-1,
910000007978,False,none,-1,
910000007979,False,none,-1,
910000007980,False,none,-1,
910000007981,False,none,-1,
910000007982,False,none,-1,
910000007983,False,none,-1,
910000007984,False,none,-1,
910000007985,False,none,-1,
910000007986,False,none,-1,
910000007987,False,none,-1,
910000007988,False,none,-1,
910000007989,False,none,-1,
910000007990,False,none,-1,
910000007991,False,none,-1,
910000007992,False,none,-1,
910000007993,False,none,-1,
910000007994,False,none,-1,
910000007995,False,none,-1,
910000007996,False,none,-1,
910000007997,False,none,-1,
910000007998,True,L3,81,910000021910
910000007999,False,none,-1,
910000008000,False,none,-1,
910000008001,False,none,-1,
910000008002,False,none,-1,
910000008003,False,none,-1,
910000008004,False,none,-1,
910000008005,False,none,-1,
910000008006,False,none,-1,
910000008007,False,none,-1,
910000008008,False,none,-1,
910000008009,False,none,-1,
910000008010,False,none,-1,
910000008011,True,L3,25,910000004408
910000008012,False,none,-1,
910000008013,False,none,-1,
910000008014,False,none,-1,
910000008015,False,none,-1,
910000008016,False,none,-1,
910000008017,False,none,-1,
910000008018,False,none,-1,
910000008019,False,none,-1,
910000008020,True,L2,97,910000017134
910000008021,False,none,-1,
910000008022,False,none,-1,
910000008023,True,L2,30,910000002311
910000008024,False,none,-1,
910000008025,False,none,-1,
910000008026,False,none,-1,
910000008027,False,none,-1,
910000008028,False,none,-1,
910000008029,False,none,-1,
910000008030,True,L2,29,910000015788
910000008031,False,none,-1,
910000008032,False,none,-1,
910000008033,False,none,-1,
910000008034,False,none,-1,
910000008035,True,L3,89,910000024063
910000008036,False,none,-1,
910000008037,False,none,-1,
910000008038,False,none,-1,
910000008039,False,none,-1,
910000008040,False,none,-1,
910000008041,False,none,-1,
910000008042,False,none,-1,
910000008043,False,none,-1,
910000008044,False,none,-1,
910000008045,False,none,-1,
910000008046,False,none,-1,
910000008047,False,none,-1,
910000008048,False,none,-1,
910000008049,False,none,-1,
910000008050,False,none,-1,
910000008051,False,none,-1,
910000008052,False,none,-1,
910000008053,False,none,-1,
910000008054,False,none,-1,
910000008055,False,none,-1,
910000008056,False,none,-1,
910000008057,False,none,-1,
910000008058,False,none,-1,
910000008059,False,none,-1,
910000008060,True,L3,59,910000017341
910000008061,False,none,-1,
910000008062,False,none,-1,
910000008063,False,none,-1,
910000008064,False,none,-1,
910000008065,False,none,-1,
910000008066,False,none,-1,
910000008067,False,none,-1,
910000008068,False,none,-1,
910000008069,False,none,-1,
910000008070,False,none,-1,
910000008071,False,none,-1,
910000008072,False,none,-1,
910000008073,False,none,-1,
910000008074,False,none,-1,
910000008075,False,none,-1,
910000008076,False,none,-1,
910000008077,False,none,-1,
910000008078,False,none,-1,
910000008079,False,none,-1,
910000008080,False,none,-1,
910000008081,False,none,-1,
910000008082,False,none,-1,
910000008083,True,L2,44,910000020451
910000008084,False,none,-1,
910000008085,False,none,-1,
910000008086,False,none,-1,
910000008087,False,none,-1,
910000008088,False,none,-1,
910000008089,False,none,-1,
910000008090,False,none,-1,
910000008091,False,none,-1,
910000008092,True,L2,6,910000011918
910000008093,False,none,-1,
910000008094,False,none,-1,
910000008095,False,none,-1,
910000008096,False,none,-1,
910000008097,False,none,-1,
910000008098,False,none,-1,
910000008099,False,none,-1,
910000008100,False,none,-1,
910000008101,False,none,-1,
910000008102,False,none,-1,
910000008103,False,none,-1,
910000008104,False,none,-1,
910000008105,False,none,-1,
910000008106,False,none,-1,
910000008107,False,none,-1,
910000008108,False,none,-1,
910000008109,False,none,-1,
910000008110,False,none,-1,
910000008111,False,none,-1,
910000008112,False,none,-1,
910000008113,False,none,-1,
910000008114,False,none,-1,
910000008115,False,none,-1,
910000008116,False,none,-1,
910000008117,False,none,-1,
910000008118,True,L2,81,910000021910
910000008119,False,none,-1,
910000008120,False,none,-1,
910000008121,False,none,-1,
910000008122,False,none,-1,
910000008123,False,none,-1,
910000008124,False,none,-1,
910000008125,True,L3,4,910000018706
910000008126,False,none,-1,
910000008127,True,L2,61,910000009892
910000008128,False,none,-1,
910000008129,False,none,-1,
910000008130,False,none,-1,
910000008131,False,none,-1,
910000008132,False,none,-1,
910000008133,True,L1,91,910000015936
910000008134,False,none,-1,
910000008135,False,none,-1,
910000008136,False,none,-1,
910000008137,False,none,-1,
910000008138,False,none,-1,
910000008139,False,none,-1,
910000008140,False,none,-1,
910000008141,False,none,-1,
910000008142,True,L1,21,910000024175
910000008143,False,none,-1,
910000008144,False,none,-1,
910000008145,False,none,-1,
910000008146,False,none,-1,
910000008147,False,none,-1,
910000008148,False,none,-1,
910000008149,False,none,-1,
910000008150,False,none,-1,
910000008151,False,none,-1,
910000008152,False,none,-1,
910000008153,False,none,-1,
910000008154,False,none,-1,
910000008155,False,none,-1,
910000008156,False,none,-1,
910000008157,True,L3,30,910000002311
910000008158,True,L2,15,910000017309
910000008159,True,L3,26,910000012293
910000008160,False,none,-1,
910000008161,False,none,-1,
910000008162,False,none,-1,
910000008163,False,none,-1,
910000008164,False,none,-1,
910000008165,False,none,-1,
910000008166,False,none,-1,
910000008167,False,none,-1,
910000008168,False,none,-1,
910000008169,False,none,-1,
910000008170,False,none,-1,
910000008171,False,none,-1,
910000008172,False,none,-1,
910000008173,False,none,-1,
910000008174,False,none,-1,
910000008175,False,none,-1,
910000008176,False,none,-1,
910000008177,False,none,-1,
910000008178,False,none,-1,
910000008179,False,none,-1,
910000008180,False,none,-1,
910000008181,False,none,-1,
910000008182,False,none,-1,
910000008183,True,L2,9,910000016343
910000008184,False,none,-1,
910000008185,False,none,-1,
910000008186,False,none,-1,
910000008187,False,none,-1,
910000008188,False,none,-1,
910000008189,False,none,-1,
910000008190,False,none,-1,
910000008191,False,none,-1,
910000008192,False,none,-1,
910000008193,False,none,-1,
910000008194,False,none,-1,
910000008195,False,none,-1,
910000008196,False,none,-1,
910000008197,False,none,-1,
910000008198,True,L2,63,910000019535
910000008199,False,none,-1,
910000008200,False,none,-1,
910000008201,False,none,-1,
910000008202,False,none,-1,
910000008203,False,none,-1,
910000008204,True,L2,28,910000002949
910000008205,False,none,-1,
910000008206,False,none,-1,
910000008207,False,none,-1,
910000008208,False,none,-1,
910000008209,False,none,-1,
910000008210,False,none,-1,
910000008211,False,none,-1,
910000008212,False,none,-1,
910000008213,False,none,-1,
910000008214,False,none,-1,
910000008215,False,none,-1,
910000008216,False,none,-1,
910000008217,False,none,-1,
910000008218,False,none,-1,
910000008219,False,none,-1,
910000008220,False,none,-1,
910000008221,False,none,-1,
910000008222,False,none,-1,
910000008223,False,none,-1,
910000008224,False,none,-1,
910000008225,False,none,-1,
910000008226,False,none,-1,
910000008227,False,none,-1,
910000008228,True,L3,65,910000010732
910000008229,False,none,-1,
910000008230,False,none,-1,
910000008231,False,none,-1,
910000008232,False,none,-1,
910000008233,False,none,-1,
910000008234,False,none,-1,
910000008235,False,none,-1,
910000008236,False,none,-1,
910000008237,False,none,-1,
910000008238,False,none,-1,
910000008239,False,none,-1,
910000008240,False,none,-1,
910000008241,True,L3,17,910000009375
910000008242,True,L2,57,910000022134
910000008243,False,none,-1,
910000008244,False,none,-1,
910000008245,False,none,-1,
910000008246,False,none,-1,
910000008247,False,none,-1,
910000008248,False,none,-1,
910000008249,False,none,-1,
910000008250,False,none,-1,
910000008251,False,none,-1,
910000008252,False,none,-1,
910000008253,False,none,-1,
910000008254,False,none,-1,
910000008255,False,none,-1,
910000008256,False,none,-1,
910000008257,False,none,-1,
910000008258,False,none,-1,
910000008259,False,none,-1,
910000008260,False,none,-1,
910000008261,False,none,-1,
910000008262,False,none,-1,
910000008263,False,none,-1,
910000008264,False,none,-1,
910000008265,False,none,-1,
910000008266,False,none,-1,
910000008267,False,none,-1,
910000008268,False,none,-1,
910000008269,False,none,-1,
910000008270,False,none,-1,
910000008271,False,none,-1,
910000008272,False,none,-1,
910000008273,False,none,-1,
910000008274,False,none,-1,
910000008275,True,L2,12,910000020672
910000008276,False,none,-1,
910000008277,False,none,-1,
910000008278,False,none,-1,
910000008279,False,none,-1,
910000008280,True,L2,71,910000012327
910000008281,False,none,-1,
910000008282,False,none,-1,
910000008283,False,none,-1,
910000008284,False,none,-1,
910000008285,False,none,-1,
910000008286,True,L3,65,910000010732
910000008287,False,none,-1,
910000008288,False,none,-1,
910000008289,False,none,-1,
910000008290,False,none,-1,
910000008291,False,none,-1,
910000008292,False,none,-1,
910000008293,False,none,-1,
910000008294,False,none,-1,
910000008295,False,none,-1,
910000008296,False,none,-1,
910000008297,False,none,-1,
910000008298,False,none,-1,
910000008299,False,none,-1,
910000008300,True,L2,70,910000003386
910000008301,False,none,-1,
910000008302,False,none,-1,
910000008303,False,none,-1,
910000008304,False,none,-1,
910000008305,False,none,-1,
910000008306,False,none,-1,
910000008307,False,none,-1,
910000008308,False,none,-1,
910000008309,False,none,-1,
910000008310,False,none,-1,
910000008311,False,none,-1,
910000008312,False,none,-1,
910000008313,False,none,-1,
910000008314,False,none,-1,
910000008315,False,none,-1,
910000008316,False,none,-1,
910000008317,True,L3,47,910000014570
910000008318,False,none,-1,
910000008319,False,none,-1,
910000008320,False,none,-1,
910000008321,False,none,-1,
910000008322,False,none,-1,
910000008323,False,none,-1,
910000008324,False,none,-1,
910000008325,False,none,-1,
910000008326,False,none,-1,
910000008327,False,none,-1,
910000008328,False,none,-1,
910000008329,False,none,-1,
910000008330,False,none,-1,
910000008331,False,none,-1,
910000008332,False,none,-1,
910000008333,True,L2,94,910000014634
910000008334,False,none,-1,
910000008335,False,none,-1,
910000008336,False,none,-1,
910000008337,False,none,-1,
910000008338,True,L2,49,910000014166
910000008339,False,none,-1,
910000008340,False,none,-1,
910000008341,False,none,-1,
910000008342,True,L2,25,910000004408
910000008343,False,none,-1,
910000008344,False,none,-1,
910000008345,False,none,-1,
910000008346,False,none,-1,
910000008347,False,none,-1,
910000008348,False,none,-1,
910000008349,False,none,-1,
910000008350,False,none,-1,
910000008351,False,none,-1,
910000008352,False,none,-1,
910000008353,False,none,-1,
910000008354,False,none,-1,
910000008355,False,none,-1,
910000008356,False,none,-1,
910000008357,False,none,-1,
910000008358,False,none,-1,
910000008359,False,none,-1,
910000008360,False,none,-1,
910000008361,False,none,-1,
910000008362,True,L3,51,910000010225
910000008363,False,none,-1,
910000008364,False,none,-1,
910000008365,False,none,-1,
910000008366,False,none,-1,
910000008367,False,none,-1,
910000008368,False,none,-1,
910000008369,False,none,-1,
910000008370,False,none,-1,
910000008371,False,none,-1,
910000008372,False,none,-1,
910000008373,False,none,-1,
910000008374,False,none,-1,
910000008375,False,none,-1,
910000008376,False,none,-1,
910000008377,False,none,-1,
910000008378,False,none,-1,
910000008379,False,none,-1,
910000008380,False,none,-1,
910000008381,False,none,-1,
910000008382,False,none,-1,
910000008383,False,none,-1,
910000008384,False,none,-1,
910000008385,False,none,-1,
910000008386,False,none,-1,
910000008387,False,none,-1,
910000008388,False,none,-1,
910000008389,False,none,-1,
910000008390,False,none,-1,
910000008391,False,none,-1,
910000008392,False,none,-1,
910000008393,False,none,-1,
910000008394,False,none,-1,
910000008395,False,none,-1,
910000008396,False,none,-1,
910000008397,False,none,-1,
910000008398,False,none,-1,
910000008399,False,none,-1,
910000008400,False,none,-1,
910000008401,False,none,-1,
910000008402,False,none,-1,
910000008403,False,none,-1,
910000008404,False,none,-1,
910000008405,False,none,-1,
910000008406,False,none,-1,
910000008407,False,none,-1,
910000008408,False,none,-1,
910000008409,False,none,-1,
910000008410,False,none,-1,
910000008411,False,none,-1,
910000008412,False,none,-1,
910000008413,False,none,-1,
910000008414,False,none,-1,
910000008415,False,none,-1,
910000008416,False,none,-1,
910000008417,False,none,-1,
910000008418,False,none,-1,
910000008419,False,none,-1,
910000008420,False,none,-1,
910000008421,False,none,-1,
910000008422,False,none,-1,
910000008423,False,none,-1,
910000008424,False,none,-1,
910000008425,False,none,-1,
910000008426,False,none,-1,
910000008427,False,none,-1,
910000008428,False,none,-1,
910000008429,False,none,-1,
910000008430,False,none,-1,
910000008431,False,none,-1,
910000008432,False,none,-1,
910000008433,False,none,-1,
910000008434,False,none,-1,
910000008435,False,none,-1,
910000008436,False,none,-1,
910000008437,False,none,-1,
910000008438,False,none,-1,
910000008439,False,none,-1,
910000008440,False,none,-1,
910000008441,False,none,-1,
910000008442,False,none,-1,
910000008443,False,none,-1,
910000008444,False,none,-1,
910000008445,False,none,-1,
910000008446,False,none,-1,
910000008447,False,none,-1,
910000008448,False,none,-1,
910000008449,False,none,-1,
910000008450,False,none,-1,
910000008451,False,none,-1,
910000008452,False,none,-1,
910000008453,False,none,-1,
910000008454,False,none,-1,
910000008455,True,L3,69,910000006862
910000008456,False,none,-1,
910000008457,False,none,-1,
910000008458,False,none,-1,
910000008459,False,none,-1,
910000008460,False,none,-1,
910000008461,False,none,-1,
910000008462,False,none,-1,
910000008463,False,none,-1,
910000008464,False,none,-1,
910000008465,False,none,-1,
910000008466,False,none,-1,
910000008467,False,none,-1,
910000008468,False,none,-1,
910000008469,False,none,-1,
910000008470,False,none,-1,
910000008471,False,none,-1,
910000008472,False,none,-1,
910000008473,False,none,-1,
910000008474,False,none,-1,
910000008475,False,none,-1,
910000008476,False,none,-1,
910000008477,False,none,-1,
910000008478,True,L2,88,910000000548
910000008479,False,none,-1,
910000008480,False,none,-1,
910000008481,False,none,-1,
910000008482,False,none,-1,
910000008483,False,none,-1,
910000008484,True,L3,13,910000002736
910000008485,False,none,-1,
910000008486,False,none,-1,
910000008487,False,none,-1,
910000008488,False,none,-1,
910000008489,False,none,-1,
910000008490,False,none,-1,
910000008491,False,none,-1,
910000008492,False,none,-1,
910000008493,True,L2,69,910000006862
910000008494,False,none,-1,
910000008495,False,none,-1,
910000008496,False,none,-1,
910000008497,False,none,-1,
910000008498,False,none,-1,
910000008499,False,none,-1,
910000008500,False,none,-1,
910000008501,False,none,-1,
910000008502,False,none,-1,
910000008503,False,none,-1,
910000008504,False,none,-1,
910000008505,True,L3,4,910000018706
910000008506,False,none,-1,
910000008507,False,none,-1,
910000008508,False,none,-1,
910000008509,False,none,-1,
910000008510,False,none,-1,
910000008511,True,L2,79,910000008111
910000008512,False,none,-1,
910000008513,False,none,-1,
910000008514,False,none,-1,
910000008515,False,none,-1,
910000008516,False,none,-1,
910000008517,False,none,-1,
910000008518,False,none,-1,
910000008519,True,L3,46,910000001459
910000008520,False,none,-1,
910000008521,False,none,-1,
910000008522,False,none,-1,
910000008523,False,none,-1,
910000008524,False,none,-1,
910000008525,False,none,-1,
910000008526,False,none,-1,
910000008527,False,none,-1,
910000008528,False,none,-1,
910000008529,True,L3,23,910000006128
910000008530,False,none,-1,
910000008531,False,none,-1,
910000008532,False,none,-1,
910000008533,False,none,-1,
910000008534,False,none,-1,
910000008535,False,none,-1,
910000008536,False,none,-1,
910000008537,False,none,-1,
910000008538,False,none,-1,
910000008539,False,none,-1,
910000008540,False,none,-1,
910000008541,False,none,-1,
910000008542,False,none,-1,
910000008543,True,L2,41,910000005164
910000008544,False,none,-1,
910000008545,False,none,-1,
910000008546,False,none,-1,
910000008547,False,none,-1,
910000008548,False,none,-1,
910000008549,False,none,-1,
910000008550,False,none,-1,
910000008551,True,L1,16,910000008831
910000008552,False,none,-1,
910000008553,False,none,-1,
910000008554,False,none,-1,
910000008555,False,none,-1,
910000008556,False,none,-1,
910000008557,False,none,-1,
910000008558,False,none,-1,
910000008559,False,none,-1,
910000008560,False,none,-1,
910000008561,False,none,-1,
910000008562,False,none,-1,
910000008563,False,none,-1,
910000008564,False,none,-1,
910000008565,False,none,-1,
910000008566,False,none,-1,
910000008567,False,none,-1,
910000008568,False,none,-1,
910000008569,False,none,-1,
910000008570,False,none,-1,
910000008571,False,none,-1,
910000008572,False,none,-1,
910000008573,False,none,-1,
910000008574,False,none,-1,
910000008575,False,none,-1,
910000008576,False,none,-1,
910000008577,False,none,-1,
910000008578,False,none,-1,
910000008579,False,none,-1,
910000008580,False,none,-1,
910000008581,False,none,-1,
910000008582,False,none,-1,
910000008583,True,L3,31,910000017714
910000008584,False,none,-1,
910000008585,False,none,-1,
910000008586,False,none,-1,
910000008587,False,none,-1,
910000008588,False,none,-1,
910000008589,True,L1,80,910000022510
910000008590,True,L3,92,910000021432
910000008591,False,none,-1,
910000008592,False,none,-1,
910000008593,False,none,-1,
910000008594,False,none,-1,
910000008595,False,none,-1,
910000008596,False,none,-1,
910000008597,False,none,-1,
910000008598,False,none,-1,
910000008599,False,none,-1,
910000008600,False,none,-1,
910000008601,False,none,-1,
910000008602,False,none,-1,
910000008603,False,none,-1,
910000008604,False,none,-1,
910000008605,False,none,-1,
910000008606,False,none,-1,
910000008607,False,none,-1,
910000008608,False,none,-1,
910000008609,False,none,-1,
910000008610,False,none,-1,
910000008611,True,L1,92,910000021432
910000008612,False,none,-1,
910000008613,False,none,-1,
910000008614,False,none,-1,
910000008615,True,L2,1,910000024661
910000008616,False,none,-1,
910000008617,False,none,-1,
910000008618,False,none,-1,
910000008619,True,L2,89,910000024063
910000008620,False,none,-1,
910000008621,False,none,-1,
910000008622,False,none,-1,
910000008623,False,none,-1,
910000008624,False,none,-1,
910000008625,False,none,-1,
910000008626,False,none,-1,
910000008627,False,none,-1,
910000008628,False,none,-1,
910000008629,False,none,-1,
910000008630,False,none,-1,
910000008631,False,none,-1,
910000008632,False,none,-1,
910000008633,False,none,-1,
910000008634,False,none,-1,
910000008635,False,none,-1,
910000008636,False,none,-1,
910000008637,False,none,-1,
910000008638,False,none,-1,
910000008639,False,none,-1,
910000008640,True,L2,37,910000010112
910000008641,False,none,-1,
910000008642,False,none,-1,
910000008643,True,L2,89,910000024063
910000008644,False,none,-1,
910000008645,False,none,-1,
910000008646,False,none,-1,
910000008647,False,none,-1,
910000008648,False,none,-1,
910000008649,False,none,-1,
910000008650,False,none,-1,
910000008651,False,none,-1,
910000008652,False,none,-1,
910000008653,False,none,-1,
910000008654,False,none,-1,
910000008655,False,none,-1,
910000008656,False,none,-1,
910000008657,False,none,-1,
910000008658,False,none,-1,
910000008659,False,none,-1,
910000008660,False,none,-1,
910000008661,False,none,-1,
910000008662,False,none,-1,
910000008663,False,none,-1,
910000008664,False,none,-1,
910000008665,False,none,-1,
910000008666,True,L1,57,910000022134
910000008667,False,none,-1,
910000008668,False,none,-1,
910000008669,False,none,-1,
910000008670,False,none,-1,
910000008671,False,none,-1,
910000008672,False,none,-1,
910000008673,False,none,-1,
910000008674,True,L2,51,910000010225
910000008675,False,none,-1,
910000008676,False,none,-1,
910000008677,False,none,-1,
910000008678,False,none,-1,
910000008679,False,none,-1,
910000008680,True,L2,36,910000007400
910000008681,False,none,-1,
910000008682,False,none,-1,
910000008683,False,none,-1,
910000008684,False,none,-1,
910000008685,False,none,-1,
910000008686,False,none,-1,
910000008687,False,none,-1,
910000008688,True,L3,44,910000020451
910000008689,False,none,-1,
910000008690,False,none,-1,
910000008691,False,none,-1,
910000008692,False,none,-1,
910000008693,False,none,-1,
910000008694,False,none,-1,
910000008695,False,none,-1,
910000008696,False,none,-1,
910000008697,False,none,-1,
910000008698,False,none,-1,
910000008699,False,none,-1,
910000008700,False,none,-1,
910000008701,False,none,-1,
910000008702,False,none,-1,
910000008703,False,none,-1,
910000008704,True,L3,49,910000014166
910000008705,False,none,-1,
910000008706,False,none,-1,
910000008707,False,none,-1,
910000008708,False,none,-1,
910000008709,False,none,-1,
910000008710,False,none,-1,
910000008711,False,none,-1,
910000008712,False,none,-1,
910000008713,False,none,-1,
910000008714,False,none,-1,
910000008715,False,none,-1,
910000008716,True,L3,75,910000008084
910000008717,False,none,-1,
910000008718,False,none,-1,
910000008719,False,none,-1,
910000008720,False,none,-1,
910000008721,False,none,-1,
910000008722,False,none,-1,
910000008723,False,none,-1,
910000008724,False,none,-1,
910000008725,False,none,-1,
910000008726,False,none,-1,
910000008727,False,none,-1,
910000008728,False,none,-1,
910000008729,False,none,-1,
910000008730,False,none,-1,
910000008731,False,none,-1,
910000008732,False,none,-1,
910000008733,False,none,-1,
910000008734,False,none,-1,
910000008735,False,none,-1,
910000008736,False,none,-1,
910000008737,False,none,-1,
910000008738,False,none,-1,
910000008739,False,none,-1,
910000008740,False,none,-1,
910000008741,False,none,-1,
910000008742,False,none,-1,
910000008743,False,none,-1,
910000008744,True,L2,23,910000006128
910000008745,False,none,-1,
910000008746,False,none,-1,
910000008747,False,none,-1,
910000008748,False,none,-1,
910000008749,False,none,-1,
910000008750,False,none,-1,
910000008751,False,none,-1,
910000008752,False,none,-1,
910000008753,False,none,-1,
910000008754,False,none,-1,
910000008755,False,none,-1,
910000008756,False,none,-1,
910000008757,False,none,-1,
910000008758,True,L1,27,910000019664
910000008759,False,none,-1,
910000008760,False,none,-1,
910000008761,False,none,-1,
910000008762,False,none,-1,
910000008763,False,none,-1,
910000008764,False,none,-1,
910000008765,False,none,-1,
910000008766,False,none,-1,
910000008767,False,none,-1,
910000008768,False,none,-1,
910000008769,False,none,-1,
910000008770,False,none,-1,
910000008771,False,none,-1,
910000008772,False,none,-1,
910000008773,False,none,-1,
910000008774,False,none,-1,
910000008775,False,none,-1,
910000008776,False,none,-1,
910000008777,False,none,-1,
910000008778,False,none,-1,
910000008779,True,L3,95,910000000158
910000008780,False,none,-1,
910000008781,False,none,-1,
910000008782,False,none,-1,
910000008783,False,none,-1,
910000008784,False,none,-1,
910000008785,False,none,-1,
910000008786,False,none,-1,
910000008787,False,none,-1,
910000008788,False,none,-1,
910000008789,False,none,-1,
910000008790,False,none,-1,
910000008791,False,none,-1,
910000008792,False,none,-1,
910000008793,False,none,-1,
910000008794,False,none,-1,
910000008795,False,none,-1,
910000008796,False,none,-1,
910000008797,False,none,-1,
910000008798,False,none,-1,
910000008799,False,none,-1,
910000008800,False,none,-1,
910000008801,False,none,-1,
910000008802,False,none,-1,
910000008803,False,none,-1,
910000008804,False,none,-1,
910000008805,False,none,-1,
910000008806,False,none,-1,
910000008807,False,none,-1,
910000008808,False,none,-1,
910000008809,False,none,-1,
910000008810,False,none,-1,
910000008811,False,none,-1,
910000008812,False,none,-1,
910000008813,False,none,-1,
910000008814,False,none,-1,
910000008815,False,none,-1,
910000008816,False,none,-1,
910000008817,False,none,-1,
910000008818,False,none,-1,
910000008819,True,L1,27,910000019664
910000008820,False,none,-1,
910000008821,False,none,-1,
910000008822,False,none,-1,
910000008823,False,none,-1,
910000008824,False,none,-1,
910000008825,False,none,-1,
910000008826,False,none,-1,
910000008827,False,none,-1,
910000008828,True,L3,65,910000010732
910000008829,False,none,-1,
910000008830,False,none,-1,
910000008831,False,none,-1,
910000008832,False,none,-1,
910000008833,False,none,-1,
910000008834,False,none,-1,
910000008835,False,none,-1,
910000008836,False,none,-1,
910000008837,False,none,-1,
910000008838,False,none,-1,
910000008839,False,none,-1,
910000008840,False,none,-1,
910000008841,False,none,-1,
910000008842,False,none,-1,
910000008843,False,none,-1,
910000008844,False,none,-1,
910000008845,False,none,-1,
910000008846,False,none,-1,
910000008847,False,none,-1,
910000008848,False,none,-1,
910000008849,False,none,-1,
910000008850,False,none,-1,
910000008851,False,none,-1,
910000008852,False,none,-1,
910000008853,False,none,-1,
910000008854,False,none,-1,
910000008855,False,none,-1,
910000008856,False,none,-1,
910000008857,False,none,-1,
910000008858,False,none,-1,
910000008859,True,L2,21,910000024175
910000008860,False,none,-1,
910000008861,False,none,-1,
910000008862,False,none,-1,
910000008863,True,L1,94,910000014634
910000008864,False,none,-1,
910000008865,False,none,-1,
910000008866,False,none,-1,
910000008867,False,none,-1,
910000008868,False,none,-1,
910000008869,False,none,-1,
910000008870,False,none,-1,
910000008871,False,none,-1,
910000008872,False,none,-1,
910000008873,False,none,-1,
910000008874,False,none,-1,
910000008875,False,none,-1,
910000008876,False,none,-1,
910000008877,False,none,-1,
910000008878,False,none,-1,
910000008879,False,none,-1,
910000008880,False,none,-1,
910000008881,False,none,-1,
910000008882,False,none,-1,
910000008883,False,none,-1,
910000008884,True,L3,38,910000011933
910000008885,False,none,-1,
910000008886,False,none,-1,
910000008887,True,L2,60,910000007647
910000008888,False,none,-1,
910000008889,False,none,-1,
910000008890,False,none,-1,
910000008891,False,none,-1,
910000008892,False,none,-1,
910000008893,False,none,-1,
910000008894,False,none,-1,
910000008895,False,none,-1,
910000008896,False,none,-1,
910000008897,True,L1,67,910000017540
910000008898,False,none,-1,
910000008899,False,none,-1,
910000008900,False,none,-1,
910000008901,True,L1,20,910000005298
910000008902,False,none,-1,
910000008903,False,none,-1,
910000008904,False,none,-1,
910000008905,False,none,-1,
910000008906,False,none,-1,
910000008907,False,none,-1,
910000008908,False,none,-1,
910000008909,False,none,-1,
910000008910,False,none,-1,
910000008911,False,none,-1,
910000008912,False,none,-1,
910000008913,False,none,-1,
910000008914,False,none,-1,
910000008915,False,none,-1,
910000008916,False,none,-1,
910000008917,False,none,-1,
910000008918,False,none,-1,
910000008919,False,none,-1,
910000008920,False,none,-1,
910000008921,False,none,-1,
910000008922,False,none,-1,
910000008923,False,none,-1,
910000008924,False,none,-1,
910000008925,False,none,-1,
910000008926,False,none,-1,
910000008927,False,none,-1,
910000008928,False,none,-1,
910000008929,False,none,-1,
910000008930,False,none,-1,
910000008931,False,none,-1,
910000008932,False,none,-1,
910000008933,False,none,-1,
910000008934,False,none,-1,
910000008935,False,none,-1,
910000008936,False,none,-1,
910000008937,False,none,-1,
910000008938,False,none,-1,
910000008939,False,none,-1,
910000008940,False,none,-1,
910000008941,False,none,-1,
910000008942,False,none,-1,
910000008943,False,none,-1,
910000008944,False,none,-1,
910000008945,False,none,-1,
910000008946,False,none,-1,
910000008947,False,none,-1,
910000008948,False,none,-1,
910000008949,False,none,-1,
910000008950,False,none,-1,
910000008951,False,none,-1,
910000008952,False,none,-1,
910000008953,False,none,-1,
910000008954,False,none,-1,
910000008955,False,none,-1,
910000008956,False,none,-1,
910000008957,False,none,-1,
910000008958,False,none,-1,
910000008959,False,none,-1,
910000008960,False,none,-1,
910000008961,False,none,-1,
910000008962,False,none,-1,
910000008963,False,none,-1,
910000008964,False,none,-1,
910000008965,False,none,-1,
910000008966,True,L2,52,910000023417
910000008967,False,none,-1,
910000008968,False,none,-1,
910000008969,False,none,-1,
910000008970,False,none,-1,
910000008971,False,none,-1,
910000008972,False,none,-1,
910000008973,False,none,-1,
910000008974,False,none,-1,
910000008975,False,none,-1,
910000008976,False,none,-1,
910000008977,False,none,-1,
910000008978,True,L3,79,910000008111
910000008979,False,none,-1,
910000008980,False,none,-1,
910000008981,False,none,-1,
910000008982,False,none,-1,
910000008983,False,none,-1,
910000008984,False,none,-1,
910000008985,False,none,-1,
910000008986,False,none,-1,
910000008987,False,none,-1,
910000008988,False,none,-1,
910000008989,False,none,-1,
910000008990,False,none,-1,
910000008991,False,none,-1,
910000008992,False,none,-1,
910000008993,False,none,-1,
910000008994,True,L2,27,910000019664
910000008995,False,none,-1,
910000008996,False,none,-1,
910000008997,False,none,-1,
910000008998,False,none,-1,
910000008999,False,none,-1,
910000009000,False,none,-1,
910000009001,False,none,-1,
910000009002,False,none,-1,
910000009003,False,none,-1,
910000009004,False,none,-1,
910000009005,False,none,-1,
910000009006,False,none,-1,
910000009007,True,L2,67,910000017540
910000009008,False,none,-1,
910000009009,False,none,-1,
910000009010,False,none,-1,
910000009011,False,none,-1,
910000009012,False,none,-1,
910000009013,False,none,-1,
910000009014,False,none,-1,
910000009015,False,none,-1,
910000009016,False,none,-1,
910000009017,False,none,-1,
910000009018,False,none,-1,
910000009019,False,none,-1,
910000009020,False,none,-1,
910000009021,False,none,-1,
910000009022,False,none,-1,
910000009023,True,L3,46,910000001459
910000009024,False,none,-1,
910000009025,False,none,-1,
910000009026,False,none,-1,
910000009027,False,none,-1,
910000009028,False,none,-1,
910000009029,False,none,-1,
910000009030,False,none,-1,
910000009031,False,none,-1,
910000009032,False,none,-1,
910000009033,False,none,-1,
910000009034,False,none,-1,
910000009035,False,none,-1,
910000009036,False,none,-1,
910000009037,False,none,-1,
910000009038,False,none,-1,
910000009039,False,none,-1,
910000009040,False,none,-1,
910000009041,False,none,-1,
910000009042,False,none,-1,
910000009043,False,none,-1,
910000009044,False,none,-1,
910000009045,False,none,-1,
910000009046,False,none,-1,
910000009047,False,none,-1,
910000009048,False,none,-1,
910000009049,False,none,-1,
910000009050,False,none,-1,
910000009051,False,none,-1,
910000009052,False,none,-1,
910000009053,False,none,-1,
910000009054,False,none,-1,
910000009055,False,none,-1,
910000009056,False,none,-1,
910000009057,False,none,-1,
910000009058,False,none,-1,
910000009059,False,none,-1,
910000009060,False,none,-1,
910000009061,False,none,-1,
910000009062,False,none,-1,
910000009063,False,none,-1,
910000009064,False,none,-1,
910000009065,False,none,-1,
910000009066,False,none,-1,
910000009067,False,none,-1,
910000009068,False,none,-1,
910000009069,False,none,-1,
910000009070,False,none,-1,
910000009071,False,none,-1,
910000009072,True,L3,63,910000019535
910000009073,True,L3,50,910000021944
910000009074,False,none,-1,
910000009075,False,none,-1,
910000009076,False,none,-1,
910000009077,False,none,-1,
910000009078,False,none,-1,
910000009079,False,none,-1,
910000009080,False,none,-1,
910000009081,False,none,-1,
910000009082,False,none,-1,
910000009083,False,none,-1,
910000009084,False,none,-1,
910000009085,False,none,-1,
910000009086,False,none,-1,
910000009087,False,none,-1,
910000009088,False,none,-1,
910000009089,False,none,-1,
910000009090,False,none,-1,
910000009091,False,none,-1,
910000009092,False,none,-1,
910000009093,False,none,-1,
910000009094,True,L3,81,910000021910
910000009095,False,none,-1,
910000009096,False,none,-1,
910000009097,False,none,-1,
910000009098,False,none,-1,
910000009099,False,none,-1,
910000009100,False,none,-1,
910000009101,False,none,-1,
910000009102,False,none,-1,
910000009103,False,none,-1,
910000009104,False,none,-1,
910000009105,False,none,-1,
910000009106,False,none,-1,
910000009107,False,none,-1,
910000009108,False,none,-1,
910000009109,False,none,-1,
910000009110,True,L1,55,910000001567
910000009111,False,none,-1,
910000009112,False,none,-1,
910000009113,False,none,-1,
910000009114,False,none,-1,
910000009115,False,none,-1,
910000009116,False,none,-1,
910000009117,False,none,-1,
910000009118,False,none,-1,
910000009119,False,none,-1,
910000009120,False,none,-1,
910000009121,False,none,-1,
910000009122,False,none,-1,
910000009123,False,none,-1,
910000009124,False,none,-1,
910000009125,False,none,-1,
910000009126,False,none,-1,
910000009127,False,none,-1,
910000009128,False,none,-1,
910000009129,False,none,-1,
910000009130,False,none,-1,
910000009131,False,none,-1,
910000009132,False,none,-1,
910000009133,True,L3,93,910000005922
910000009134,False,none,-1,
910000009135,False,none,-1,
910000009136,False,none,-1,
910000009137,False,none,-1,
910000009138,False,none,-1,
910000009139,False,none,-1,
910000009140,False,none,-1,
910000009141,False,none,-1,
910000009142,False,none,-1,
910000009143,False,none,-1,
910000009144,False,none,-1,
910000009145,False,none,-1,
910000009146,False,none,-1,
910000009147,False,none,-1,
910000009148,False,none,-1,
910000009149,False,none,-1,
910000009150,False,none,-1,
910000009151,True,L3,49,910000014166
910000009152,False,none,-1,
910000009153,False,none,-1,
910000009154,True,L2,15,910000017309
910000009155,False,none,-1,
910000009156,False,none,-1,
910000009157,False,none,-1,
910000009158,False,none,-1,
910000009159,False,none,-1,
910000009160,False,none,-1,
910000009161,False,none,-1,
910000009162,True,L3,74,910000002855
910000009163,True,L2,97,910000017134
910000009164,False,none,-1,
910000009165,False,none,-1,
910000009166,False,none,-1,
910000009167,False,none,-1,
910000009168,False,none,-1,
910000009169,False,none,-1,
910000009170,False,none,-1,
910000009171,False,none,-1,
910000009172,False,none,-1,
910000009173,False,none,-1,
910000009174,False,none,-1,
910000009175,False,none,-1,
910000009176,False,none,-1,
910000009177,False,none,-1,
910000009178,False,none,-1,
910000009179,False,none,-1,
910000009180,False,none,-1,
910000009181,False,none,-1,
910000009182,False,none,-1,
910000009183,False,none,-1,
910000009184,False,none,-1,
910000009185,False,none,-1,
910000009186,False,none,-1,
910000009187,False,none,-1,
910000009188,False,none,-1,
910000009189,True,L3,31,910000017714
910000009190,False,none,-1,
910000009191,False,none,-1,
910000009192,False,none,-1,
910000009193,False,none,-1,
910000009194,False,none,-1,
910000009195,False,none,-1,
910000009196,False,none,-1,
910000009197,False,none,-1,
910000009198,True,L3,41,910000005164
910000009199,False,none,-1,
910000009200,True,L1,73,910000008345
910000009201,False,none,-1,
910000009202,False,none,-1,
910000009203,False,none,-1,
910000009204,False,none,-1,
910000009205,False,none,-1,
910000009206,False,none,-1,
910000009207,False,none,-1,
910000009208,False,none,-1,
910000009209,False,none,-1,
910000009210,False,none,-1,
910000009211,False,none,-1,
910000009212,False,none,-1,
910000009213,True,L2,9,910000016343
910000009214,False,none,-1,
910000009215,False,none,-1,
910000009216,False,none,-1,
910000009217,False,none,-1,
910000009218,False,none,-1,
910000009219,False,none,-1,
910000009220,False,none,-1,
910000009221,False,none,-1,
910000009222,False,none,-1,
910000009223,True,L1,85,910000000362
910000009224,False,none,-1,
910000009225,False,none,-1,
910000009226,False,none,-1,
910000009227,False,none,-1,
910000009228,False,none,-1,
910000009229,False,none,-1,
910000009230,False,none,-1,
910000009231,False,none,-1,
910000009232,False,none,-1,
910000009233,False,none,-1,
910000009234,False,none,-1,
910000009235,False,none,-1,
910000009236,False,none,-1,
910000009237,False,none,-1,
910000009238,False,none,-1,
910000009239,False,none,-1,
910000009240,False,none,-1,
910000009241,False,none,-1,
910000009242,False,none,-1,
910000009243,False,none,-1,
910000009244,False,none,-1,
910000009245,False,none,-1,
910000009246,False,none,-1,
910000009247,False,none,-1,
910000009248,False,none,-1,
910000009249,False,none,-1,
910000009250,False,none,-1,
910000009251,False,none,-1,
910000009252,False,none,-1,
910000009253,False,none,-1,
910000009254,False,none,-1,
910000009255,False,none,-1,
910000009256,False,none,-1,
910000009257,False,none,-1,
910000009258,False,none,-1,
910000009259,False,none,-1,
910000009260,False,none,-1,
910000009261,False,none,-1,
910000009262,False,none,-1,
910000009263,False,none,-1,
910000009264,False,none,-1,
910000009265,False,none,-1,
910000009266,False,none,-1,
910000009267,False,none,-1,
910000009268,False,none,-1,
910000009269,False,none,-1,
910000009270,False,none,-1,
910000009271,False,none,-1,
910000009272,False,none,-1,
910000009273,True,L1,89,910000024063
910000009274,False,none,-1,
910000009275,False,none,-1,
910000009276,False,none,-1,
910000009277,False,none,-1,
910000009278,False,none,-1,
910000009279,False,none,-1,
910000009280,False,none,-1,
910000009281,False,none,-1,
910000009282,False,none,-1,
910000009283,False,none,-1,
910000009284,False,none,-1,
910000009285,False,none,-1,
910000009286,False,none,-1,
910000009287,False,none,-1,
910000009288,False,none,-1,
910000009289,False,none,-1,
910000009290,False,none,-1,
910000009291,False,none,-1,
910000009292,False,none,-1,
910000009293,False,none,-1,
910000009294,False,none,-1,
910000009295,False,none,-1,
910000009296,True,L2,80,910000022510
910000009297,False,none,-1,
910000009298,False,none,-1,
910000009299,True,L1,53,910000006860
910000009300,False,none,-1,
910000009301,True,L1,31,910000017714
910000009302,False,none,-1,
910000009303,False,none,-1,
910000009304,False,none,-1,
910000009305,False,none,-1,
910000009306,False,none,-1,
910000009307,False,none,-1,
910000009308,False,none,-1,
910000009309,False,none,-1,
910000009310,False,none,-1,
910000009311,False,none,-1,
910000009312,False,none,-1,
910000009313,False,none,-1,
910000009314,True,L3,37,910000010112
910000009315,False,none,-1,
910000009316,False,none,-1,
910000009317,False,none,-1,
910000009318,True,L2,6,910000011918
910000009319,False,none,-1,
910000009320,False,none,-1,
910000009321,False,none,-1,
910000009322,False,none,-1,
910000009323,False,none,-1,
910000009324,False,none,-1,
910000009325,False,none,-1,
910000009326,False,none,-1,
910000009327,False,none,-1,
910000009328,False,none,-1,
910000009329,False,none,-1,
910000009330,False,none,-1,
910000009331,False,none,-1,
910000009332,True,L2,47,910000014570
910000009333,False,none,-1,
910000009334,False,none,-1,
910000009335,False,none,-1,
910000009336,False,none,-1,
910000009337,False,none,-1,
910000009338,False,none,-1,
910000009339,False,none,-1,
910000009340,False,none,-1,
910000009341,False,none,-1,
910000009342,False,none,-1,
910000009343,False,none,-1,
910000009344,False,none,-1,
910000009345,False,none,-1,
910000009346,False,none,-1,
910000009347,False,none,-1,
910000009348,False,none,-1,
910000009349,False,none,-1,
910000009350,False,none,-1,
910000009351,False,none,-1,
910000009352,True,L1,88,910000000548
910000009353,False,none,-1,
910000009354,False,none,-1,
910000009355,False,none,-1,
910000009356,True,L2,29,910000015788
910000009357,True,L2,94,910000014634
910000009358,False,none,-1,
910000009359,False,none,-1,
910000009360,False,none,-1,
910000009361,False,none,-1,
910000009362,False,none,-1,
910000009363,False,none,-1,
910000009364,False,none,-1,
910000009365,False,none,-1,
910000009366,False,none,-1,
910000009367,False,none,-1,
910000009368,False,none,-1,
910000009369,False,none,-1,
910000009370,False,none,-1,
910000009371,False,none,-1,
910000009372,False,none,-1,
910000009373,False,none,-1,
910000009374,False,none,-1,
910000009375,False,none,-1,
910000009376,False,none,-1,
910000009377,False,none,-1,
910000009378,False,none,-1,
910000009379,False,none,-1,
910000009380,False,none,-1,
910000009381,False,none,-1,
910000009382,False,none,-1,
910000009383,False,none,-1,
910000009384,False,none,-1,
910000009385,False,none,-1,
910000009386,False,none,-1,
910000009387,False,none,-1,
910000009388,False,none,-1,
910000009389,False,none,-1,
910000009390,False,none,-1,
910000009391,False,none,-1,
910000009392,False,none,-1,
910000009393,False,none,-1,
910000009394,False,none,-1,
910000009395,False,none,-1,
910000009396,False,none,-1,
910000009397,False,none,-1,
910000009398,False,none,-1,
910000009399,False,none,-1,
910000009400,False,none,-1,
910000009401,False,none,-1,
910000009402,True,L1,39,910000001087
910000009403,False,none,-1,
910000009404,False,none,-1,
910000009405,False,none,-1,
910000009406,False,none,-1,
910000009407,False,none,-1,
910000009408,False,none,-1,
910000009409,False,none,-1,
910000009410,False,none,-1,
910000009411,False,none,-1,
910000009412,False,none,-1,
910000009413,False,none,-1,
910000009414,False,none,-1,
910000009415,False,none,-1,
910000009416,False,none,-1,
910000009417,False,none,-1,
910000009418,False,none,-1,
910000009419,False,none,-1,
910000009420,False,none,-1,
910000009421,False,none,-1,
910000009422,True,L1,72,910000017637
910000009423,False,none,-1,
910000009424,False,none,-1,
910000009425,False,none,-1,
910000009426,False,none,-1,
910000009427,False,none,-1,
910000009428,False,none,-1,
910000009429,False,none,-1,
910000009430,False,none,-1,
910000009431,False,none,-1,
910000009432,False,none,-1,
910000009433,False,none,-1,
910000009434,False,none,-1,
910000009435,False,none,-1,
910000009436,False,none,-1,
910000009437,False,none,-1,
910000009438,False,none,-1,
910000009439,False,none,-1,
910000009440,False,none,-1,
910000009441,False,none,-1,
910000009442,False,none,-1,
910000009443,False,none,-1,
910000009444,False,none,-1,
910000009445,False,none,-1,
910000009446,False,none,-1,
910000009447,False,none,-1,
910000009448,False,none,-1,
910000009449,False,none,-1,
910000009450,False,none,-1,
910000009451,False,none,-1,
910000009452,False,none,-1,
910000009453,False,none,-1,
910000009454,False,none,-1,
910000009455,False,none,-1,
910000009456,False,none,-1,
910000009457,False,none,-1,
910000009458,False,none,-1,
910000009459,False,none,-1,
910000009460,False,none,-1,
910000009461,False,none,-1,
910000009462,False,none,-1,
910000009463,False,none,-1,
910000009464,False,none,-1,
910000009465,False,none,-1,
910000009466,False,none,-1,
910000009467,False,none,-1,
910000009468,False,none,-1,
910000009469,False,none,-1,
910000009470,False,none,-1,
910000009471,False,none,-1,
910000009472,False,none,-1,
910000009473,False,none,-1,
910000009474,False,none,-1,
910000009475,False,none,-1,
910000009476,False,none,-1,
910000009477,False,none,-1,
910000009478,False,none,-1,
910000009479,False,none,-1,
910000009480,False,none,-1,
910000009481,False,none,-1,
910000009482,False,none,-1,
910000009483,False,none,-1,
910000009484,False,none,-1,
910000009485,False,none,-1,
910000009486,False,none,-1,
910000009487,False,none,-1,
910000009488,False,none,-1,
910000009489,False,none,-1,
910000009490,True,L3,27,910000019664
910000009491,False,none,-1,
910000009492,False,none,-1,
910000009493,False,none,-1,
910000009494,False,none,-1,
910000009495,False,none,-1,
910000009496,False,none,-1,
910000009497,False,none,-1,
910000009498,False,none,-1,
910000009499,False,none,-1,
910000009500,False,none,-1,
910000009501,False,none,-1,
910000009502,False,none,-1,
910000009503,False,none,-1,
910000009504,False,none,-1,
910000009505,False,none,-1,
910000009506,False,none,-1,
910000009507,False,none,-1,
910000009508,False,none,-1,
910000009509,False,none,-1,
910000009510,False,none,-1,
910000009511,False,none,-1,
910000009512,False,none,-1,
910000009513,False,none,-1,
910000009514,False,none,-1,
910000009515,False,none,-1,
910000009516,True,L3,6,910000011918
910000009517,False,none,-1,
910000009518,False,none,-1,
910000009519,False,none,-1,
910000009520,False,none,-1,
910000009521,False,none,-1,
910000009522,False,none,-1,
910000009523,False,none,-1,
910000009524,False,none,-1,
910000009525,False,none,-1,
910000009526,False,none,-1,
910000009527,True,L2,9,910000016343
910000009528,False,none,-1,
910000009529,False,none,-1,
910000009530,False,none,-1,
910000009531,False,none,-1,
910000009532,False,none,-1,
910000009533,False,none,-1,
910000009534,False,none,-1,
910000009535,True,L2,84,910000003083
910000009536,False,none,-1,
910000009537,False,none,-1,
910000009538,False,none,-1,
910000009539,False,none,-1,
910000009540,False,none,-1,
910000009541,False,none,-1,
910000009542,False,none,-1,
910000009543,False,none,-1,
910000009544,False,none,-1,
910000009545,False,none,-1,
910000009546,False,none,-1,
910000009547,False,none,-1,
910000009548,False,none,-1,
910000009549,False,none,-1,
910000009550,False,none,-1,
910000009551,False,none,-1,
910000009552,False,none,-1,
910000009553,False,none,-1,
910000009554,False,none,-1,
910000009555,False,none,-1,
910000009556,False,none,-1,
910000009557,False,none,-1,
910000009558,False,none,-1,
910000009559,False,none,-1,
910000009560,False,none,-1,
910000009561,False,none,-1,
910000009562,True,L2,92,910000021432
910000009563,False,none,-1,
910000009564,False,none,-1,
910000009565,False,none,-1,
910000009566,False,none,-1,
910000009567,False,none,-1,
910000009568,True,L3,0,910000024789
910000009569,False,none,-1,
910000009570,False,none,-1,
910000009571,False,none,-1,
910000009572,False,none,-1,
910000009573,False,none,-1,
910000009574,False,none,-1,
910000009575,False,none,-1,
910000009576,False,none,-1,
910000009577,False,none,-1,
910000009578,False,none,-1,
910000009579,True,L1,45,910000024669
910000009580,False,none,-1,
910000009581,False,none,-1,
910000009582,False,none,-1,
910000009583,False,none,-1,
910000009584,False,none,-1,
910000009585,False,none,-1,
910000009586,False,none,-1,
910000009587,False,none,-1,
910000009588,False,none,-1,
910000009589,False,none,-1,
910000009590,False,none,-1,
910000009591,False,none,-1,
910000009592,False,none,-1,
910000009593,False,none,-1,
910000009594,False,none,-1,
910000009595,True,L2,48,910000019036
910000009596,False,none,-1,
910000009597,False,none,-1,
910000009598,False,none,-1,
910000009599,False,none,-1,
910000009600,False,none,-1,
910000009601,False,none,-1,
910000009602,False,none,-1,
910000009603,True,L3,7,910000021465
910000009604,False,none,-1,
910000009605,False,none,-1,
910000009606,False,none,-1,
910000009607,False,none,-1,
910000009608,False,none,-1,
910000009609,False,none,-1,
910000009610,False,none,-1,
910000009611,False,none,-1,
910000009612,False,none,-1,
910000009613,False,none,-1,
910000009614,False,none,-1,
910000009615,False,none,-1,
910000009616,False,none,-1,
910000009617,False,none,-1,
910000009618,False,none,-1,
910000009619,False,none,-1,
910000009620,False,none,-1,
910000009621,False,none,-1,
910000009622,False,none,-1,
910000009623,True,L3,1,910000024661
910000009624,False,none,-1,
910000009625,False,none,-1,
910000009626,False,none,-1,
910000009627,False,none,-1,
910000009628,False,none,-1,
910000009629,False,none,-1,
910000009630,False,none,-1,
910000009631,False,none,-1,
910000009632,False,none,-1,
910000009633,False,none,-1,
910000009634,False,none,-1,
910000009635,False,none,-1,
910000009636,False,none,-1,
910000009637,False,none,-1,
910000009638,False,none,-1,
910000009639,False,none,-1,
910000009640,False,none,-1,
910000009641,False,none,-1,
910000009642,False,none,-1,
910000009643,False,none,-1,
910000009644,False,none,-1,
910000009645,True,L3,84,910000003083
910000009646,False,none,-1,
910000009647,False,none,-1,
910000009648,True,L2,60,910000007647
910000009649,False,none,-1,
910000009650,False,none,-1,
910000009651,False,none,-1,
910000009652,False,none,-1,
910000009653,False,none,-1,
910000009654,True,L2,21,910000024175
910000009655,False,none,-1,
910000009656,False,none,-1,
910000009657,False,none,-1,
910000009658,False,none,-1,
910000009659,False,none,-1,
910000009660,False,none,-1,
910000009661,False,none,-1,
910000009662,False,none,-1,
910000009663,False,none,-1,
910000009664,False,none,-1,
910000009665,False,none,-1,
910000009666,False,none,-1,
910000009667,False,none,-1,
910000009668,False,none,-1,
910000009669,True,L1,0,910000024789
910000009670,False,none,-1,
910000009671,False,none,-1,
910000009672,True,L3,93,910000005922
910000009673,False,none,-1,
910000009674,False,none,-1,
910000009675,False,none,-1,
910000009676,False,none,-1,
910000009677,False,none,-1,
910000009678,False,none,-1,
910000009679,False,none,-1,
910000009680,False,none,-1,
910000009681,False,none,-1,
910000009682,False,none,-1,
910000009683,True,L3,68,910000023712
910000009684,False,none,-1,
910000009685,True,L2,32,910000012163
910000009686,False,none,-1,
910000009687,False,none,-1,
910000009688,False,none,-1,
910000009689,False,none,-1,
910000009690,False,none,-1,
910000009691,False,none,-1,
910000009692,False,none,-1,
910000009693,False,none,-1,
910000009694,False,none,-1,
910000009695,False,none,-1,
910000009696,False,none,-1,
910000009697,False,none,-1,
910000009698,False,none,-1,
910000009699,False,none,-1,
910000009700,False,none,-1,
910000009701,False,none,-1,
910000009702,False,none,-1,
910000009703,False,none,-1,
910000009704,False,none,-1,
910000009705,False,none,-1,
910000009706,False,none,-1,
910000009707,False,none,-1,
910000009708,False,none,-1,
910000009709,False,none,-1,
910000009710,False,none,-1,
910000009711,False,none,-1,
910000009712,False,none,-1,
910000009713,True,L2,45,910000024669
910000009714,False,none,-1,
910000009715,False,none,-1,
910000009716,False,none,-1,
910000009717,False,none,-1,
910000009718,False,none,-1,
910000009719,False,none,-1,
910000009720,False,none,-1,
910000009721,False,none,-1,
910000009722,False,none,-1,
910000009723,False,none,-1,
910000009724,False,none,-1,
910000009725,False,none,-1,
910000009726,False,none,-1,
910000009727,False,none,-1,
910000009728,False,none,-1,
910000009729,False,none,-1,
910000009730,False,none,-1,
910000009731,False,none,-1,
910000009732,False,none,-1,
910000009733,False,none,-1,
910000009734,False,none,-1,
910000009735,False,none,-1,
910000009736,False,none,-1,
910000009737,False,none,-1,
910000009738,False,none,-1,
910000009739,False,none,-1,
910000009740,False,none,-1,
910000009741,False,none,-1,
910000009742,False,none,-1,
910000009743,False,none,-1,
910000009744,False,none,-1,
910000009745,False,none,-1,
910000009746,False,none,-1,
910000009747,False,none,-1,
910000009748,False,none,-1,
910000009749,False,none,-1,
910000009750,True,L2,94,910000014634
910000009751,False,none,-1,
910000009752,False,none,-1,
910000009753,False,none,-1,
910000009754,False,none,-1,
910000009755,False,none,-1,
910000009756,True,L3,85,910000000362
910000009757,False,none,-1,
910000009758,False,none,-1,
910000009759,False,none,-1,
910000009760,False,none,-1,
910000009761,False,none,-1,
910000009762,False,none,-1,
910000009763,False,none,-1,
910000009764,False,none,-1,
910000009765,False,none,-1,
910000009766,False,none,-1,
910000009767,False,none,-1,
910000009768,True,L3,69,910000006862
910000009769,False,none,-1,
910000009770,False,none,-1,
910000009771,False,none,-1,
910000009772,False,none,-1,
910000009773,False,none,-1,
910000009774,False,none,-1,
910000009775,True,L1,33,910000018608
910000009776,False,none,-1,
910000009777,False,none,-1,
910000009778,False,none,-1,
910000009779,False,none,-1,
910000009780,False,none,-1,
910000009781,False,none,-1,
910000009782,False,none,-1,
910000009783,False,none,-1,
910000009784,False,none,-1,
910000009785,False,none,-1,
910000009786,False,none,-1,
910000009787,False,none,-1,
910000009788,False,none,-1,
910000009789,False,none,-1,
910000009790,False,none,-1,
910000009791,False,none,-1,
910000009792,False,none,-1,
910000009793,False,none,-1,
910000009794,False,none,-1,
910000009795,False,none,-1,
910000009796,False,none,-1,
910000009797,False,none,-1,
910000009798,False,none,-1,
910000009799,False,none,-1,
910000009800,False,none,-1,
910000009801,False,none,-1,
910000009802,False,none,-1,
910000009803,False,none,-1,
910000009804,False,none,-1,
910000009805,False,none,-1,
910000009806,False,none,-1,
910000009807,False,none,-1,
910000009808,True,L3,5,910000013728
910000009809,False,none,-1,
910000009810,True,L1,10,910000002246
910000009811,False,none,-1,
910000009812,False,none,-1,
910000009813,False,none,-1,
910000009814,False,none,-1,
910000009815,False,none,-1,
910000009816,False,none,-1,
910000009817,False,none,-1,
910000009818,False,none,-1,
910000009819,False,none,-1,
910000009820,False,none,-1,
910000009821,False,none,-1,
910000009822,False,none,-1,
910000009823,False,none,-1,
910000009824,False,none,-1,
910000009825,False,none,-1,
910000009826,False,none,-1,
910000009827,True,L3,24,910000015900
910000009828,False,none,-1,
910000009829,False,none,-1,
910000009830,False,none,-1,
910000009831,False,none,-1,
910000009832,False,none,-1,
910000009833,False,none,-1,
910000009834,False,none,-1,
910000009835,False,none,-1,
910000009836,False,none,-1,
910000009837,False,none,-1,
910000009838,False,none,-1,
910000009839,False,none,-1,
910000009840,False,none,-1,
910000009841,False,none,-1,
910000009842,False,none,-1,
910000009843,False,none,-1,
910000009844,False,none,-1,
910000009845,False,none,-1,
910000009846,False,none,-1,
910000009847,False,none,-1,
910000009848,False,none,-1,
910000009849,False,none,-1,
910000009850,False,none,-1,
910000009851,False,none,-1,
910000009852,False,none,-1,
910000009853,False,none,-1,
910000009854,True,L3,28,910000002949
910000009855,False,none,-1,
910000009856,False,none,-1,
910000009857,False,none,-1,
910000009858,False,none,-1,
910000009859,False,none,-1,
910000009860,False,none,-1,
910000009861,False,none,-1,
910000009862,False,none,-1,
910000009863,False,none,-1,
910000009864,False,none,-1,
910000009865,False,none,-1,
910000009866,False,none,-1,
910000009867,False,none,-1,
910000009868,False,none,-1,
910000009869,False,none,-1,
910000009870,False,none,-1,
910000009871,False,none,-1,
910000009872,False,none,-1,
910000009873,False,none,-1,
910000009874,False,none,-1,
910000009875,False,none,-1,
910000009876,False,none,-1,
910000009877,False,none,-1,
910000009878,False,none,-1,
910000009879,False,none,-1,
910000009880,False,none,-1,
910000009881,False,none,-1,
910000009882,False,none,-1,
910000009883,False,none,-1,
910000009884,False,none,-1,
910000009885,False,none,-1,
910000009886,False,none,-1,
910000009887,True,L3,37,910000010112
910000009888,False,none,-1,
910000009889,True,L2,3,910000005391
910000009890,True,L1,30,910000002311
910000009891,False,none,-1,
910000009892,False,none,-1,
910000009893,False,none,-1,
910000009894,False,none,-1,
910000009895,False,none,-1,
910000009896,False,none,-1,
910000009897,False,none,-1,
910000009898,False,none,-1,
910000009899,False,none,-1,
910000009900,False,none,-1,
910000009901,False,none,-1,
910000009902,False,none,-1,
910000009903,False,none,-1,
910000009904,False,none,-1,
910000009905,False,none,-1,
910000009906,False,none,-1,
910000009907,False,none,-1,
910000009908,False,none,-1,
910000009909,False,none,-1,
910000009910,False,none,-1,
910000009911,False,none,-1,
910000009912,False,none,-1,
910000009913,False,none,-1,
910000009914,False,none,-1,
910000009915,False,none,-1,
910000009916,False,none,-1,
910000009917,False,none,-1,
910000009918,False,none,-1,
910000009919,False,none,-1,
910000009920,False,none,-1,
910000009921,False,none,-1,
910000009922,False,none,-1,
910000009923,False,none,-1,
910000009924,False,none,-1,
910000009925,False,none,-1,
910000009926,False,none,-1,
910000009927,False,none,-1,
910000009928,False,none,-1,
910000009929,False,none,-1,
910000009930,False,none,-1,
910000009931,False,none,-1,
910000009932,False,none,-1,
910000009933,False,none,-1,
910000009934,False,none,-1,
910000009935,False,none,-1,
910000009936,False,none,-1,
910000009937,False,none,-1,
910000009938,False,none,-1,
910000009939,False,none,-1,
910000009940,False,none,-1,
910000009941,False,none,-1,
910000009942,False,none,-1,
910000009943,True,L3,19,910000002009
910000009944,False,none,-1,
910000009945,False,none,-1,
910000009946,False,none,-1,
910000009947,False,none,-1,
910000009948,False,none,-1,
910000009949,False,none,-1,
910000009950,False,none,-1,
910000009951,False,none,-1,
910000009952,False,none,-1,
910000009953,False,none,-1,
910000009954,False,none,-1,
910000009955,False,none,-1,
910000009956,False,none,-1,
910000009957,False,none,-1,
910000009958,False,none,-1,
910000009959,False,none,-1,
910000009960,False,none,-1,
910000009961,False,none,-1,
910000009962,True,L3,72,910000017637
910000009963,True,L3,41,910000005164
910000009964,True,L3,45,910000024669
910000009965,False,none,-1,
910000009966,False,none,-1,
910000009967,False,none,-1,
910000009968,False,none,-1,
910000009969,False,none,-1,
910000009970,False,none,-1,
910000009971,False,none,-1,
910000009972,False,none,-1,
910000009973,False,none,-1,
910000009974,True,L3,88,910000000548
910000009975,False,none,-1,
910000009976,False,none,-1,
910000009977,False,none,-1,
910000009978,False,none,-1,
910000009979,False,none,-1,
910000009980,False,none,-1,
910000009981,False,none,-1,
910000009982,False,none,-1,
910000009983,False,none,-1,
910000009984,False,none,-1,
910000009985,False,none,-1,
910000009986,False,none,-1,
910000009987,False,none,-1,
910000009988,False,none,-1,
910000009989,False,none,-1,
910000009990,False,none,-1,
910000009991,False,none,-1,
910000009992,False,none,-1,
910000009993,True,L3,43,910000018047
910000009994,False,none,-1,
910000009995,True,L3,8,910000006300
910000009996,False,none,-1,
910000009997,False,none,-1,
910000009998,False,none,-1,
910000009999,False,none,-1,
910000010000,False,none,-1,
910000010001,False,none,-1,
910000010002,False,none,-1,
910000010003,False,none,-1,
910000010004,False,none,-1,
910000010005,False,none,-1,
910000010006,False,none,-1,
910000010007,False,none,-1,
910000010008,False,none,-1,
910000010009,False,none,-1,
910000010010,False,none,-1,
910000010011,False,none,-1,
910000010012,False,none,-1,
910000010013,True,L2,13,910000002736
910000010014,False,none,-1,
910000010015,False,none,-1,
910000010016,False,none,-1,
910000010017,True,L3,51,910000010225
910000010018,False,none,-1,
910000010019,False,none,-1,
910000010020,False,none,-1,
910000010021,False,none,-1,
910000010022,False,none,-1,
910000010023,False,none,-1,
910000010024,False,none,-1,
910000010025,False,none,-1,
910000010026,False,none,-1,
910000010027,False,none,-1,
910000010028,False,none,-1,
910000010029,False,none,-1,
910000010030,True,L2,73,910000008345
910000010031,False,none,-1,
910000010032,False,none,-1,
910000010033,False,none,-1,
910000010034,False,none,-1,
910000010035,False,none,-1,
910000010036,False,none,-1,
910000010037,False,none,-1,
910000010038,False,none,-1,
910000010039,False,none,-1,
910000010040,False,none,-1,
910000010041,False,none,-1,
910000010042,False,none,-1,
910000010043,False,none,-1,
910000010044,False,none,-1,
910000010045,False,none,-1,
910000010046,False,none,-1,
910000010047,False,none,-1,
910000010048,False,none,-1,
910000010049,False,none,-1,
910000010050,False,none,-1,
910000010051,False,none,-1,
910000010052,False,none,-1,
910000010053,False,none,-1,
910000010054,False,none,-1,
910000010055,False,none,-1,
910000010056,False,none,-1,
910000010057,False,none,-1,
910000010058,False,none,-1,
910000010059,False,none,-1,
910000010060,False,none,-1,
910000010061,False,none,-1,
910000010062,False,none,-1,
910000010063,False,none,-1,
910000010064,True,L3,25,910000004408
910000010065,False,none,-1,
910000010066,False,none,-1,
910000010067,False,none,-1,
910000010068,False,none,-1,
910000010069,False,none,-1,
910000010070,False,none,-1,
910000010071,False,none,-1,
910000010072,False,none,-1,
910000010073,False,none,-1,
910000010074,False,none,-1,
910000010075,False,none,-1,
910000010076,False,none,-1,
910000010077,False,none,-1,
910000010078,False,none,-1,
910000010079,False,none,-1,
910000010080,False,none,-1,
910000010081,False,none,-1,
910000010082,False,none,-1,
910000010083,False,none,-1,
910000010084,False,none,-1,
910000010085,False,none,-1,
910000010086,False,none,-1,
910000010087,False,none,-1,
910000010088,False,none,-1,
910000010089,False,none,-1,
910000010090,False,none,-1,
910000010091,False,none,-1,
910000010092,False,none,-1,
910000010093,False,none,-1,
910000010094,False,none,-1,
910000010095,True,L2,90,910000002815
910000010096,False,none,-1,
910000010097,False,none,-1,
910000010098,False,none,-1,
910000010099,False,none,-1,
910000010100,False,none,-1,
910000010101,False,none,-1,
910000010102,False,none,-1,
910000010103,False,none,-1,
910000010104,False,none,-1,
910000010105,False,none,-1,
910000010106,False,none,-1,
910000010107,False,none,-1,
910000010108,False,none,-1,
910000010109,False,none,-1,
910000010110,False,none,-1,
910000010111,False,none,-1,
910000010112,False,none,-1,
910000010113,False,none,-1,
910000010114,True,L2,74,910000002855
910000010115,False,none,-1,
910000010116,False,none,-1,
910000010117,False,none,-1,
910000010118,False,none,-1,
910000010119,False,none,-1,
910000010120,False,none,-1,
910000010121,False,none,-1,
910000010122,False,none,-1,
910000010123,False,none,-1,
910000010124,False,none,-1,
910000010125,False,none,-1,
910000010126,False,none,-1,
910000010127,False,none,-1,
910000010128,False,none,-1,
910000010129,False,none,-1,
910000010130,False,none,-1,
910000010131,True,L3,64,910000005320
910000010132,False,none,-1,
910000010133,False,none,-1,
910000010134,False,none,-1,
910000010135,False,none,-1,
910000010136,False,none,-1,
910000010137,False,none,-1,
910000010138,False,none,-1,
910000010139,False,none,-1,
910000010140,False,none,-1,
910000010141,False,none,-1,
910000010142,False,none,-1,
910000010143,False,none,-1,
910000010144,False,none,-1,
910000010145,False,none,-1,
910000010146,False,none,-1,
910000010147,False,none,-1,
910000010148,False,none,-1,
910000010149,False,none,-1,
910000010150,False,none,-1,
910000010151,False,none,-1,
910000010152,False,none,-1,
910000010153,True,L1,79,910000008111
910000010154,False,none,-1,
910000010155,False,none,-1,
910000010156,False,none,-1,
910000010157,False,none,-1,
910000010158,False,none,-1,
910000010159,False,none,-1,
910000010160,True,L1,89,910000024063
910000010161,False,none,-1,
910000010162,False,none,-1,
910000010163,False,none,-1,
910000010164,False,none,-1,
910000010165,False,none,-1,
910000010166,False,none,-1,
910000010167,False,none,-1,
910000010168,False,none,-1,
910000010169,True,L1,47,910000014570
910000010170,False,none,-1,
910000010171,False,none,-1,
910000010172,False,none,-1,
910000010173,False,none,-1,
910000010174,False,none,-1,
910000010175,False,none,-1,
910000010176,False,none,-1,
910000010177,False,none,-1,
910000010178,False,none,-1,
910000010179,False,none,-1,
910000010180,False,none,-1,
910000010181,False,none,-1,
910000010182,False,none,-1,
910000010183,False,none,-1,
910000010184,False,none,-1,
910000010185,False,none,-1,
910000010186,False,none,-1,
910000010187,False,none,-1,
910000010188,False,none,-1,
910000010189,False,none,-1,
910000010190,False,none,-1,
910000010191,False,none,-1,
910000010192,False,none,-1,
910000010193,True,L2,65,910000010732
910000010194,False,none,-1,
910000010195,False,none,-1,
910000010196,False,none,-1,
910000010197,False,none,-1,
910000010198,False,none,-1,
910000010199,False,none,-1,
910000010200,False,none,-1,
910000010201,False,none,-1,
910000010202,False,none,-1,
910000010203,False,none,-1,
910000010204,False,none,-1,
910000010205,False,none,-1,
910000010206,False,none,-1,
910000010207,False,none,-1,
910000010208,False,none,-1,
910000010209,False,none,-1,
910000010210,False,none,-1,
910000010211,True,L2,46,910000001459
910000010212,False,none,-1,
910000010213,False,none,-1,
910000010214,False,none,-1,
910000010215,False,none,-1,
910000010216,False,none,-1,
910000010217,False,none,-1,
910000010218,False,none,-1,
910000010219,False,none,-1,
910000010220,False,none,-1,
910000010221,False,none,-1,
910000010222,False,none,-1,
910000010223,False,none,-1,
910000010224,False,none,-1,
910000010225,False,none,-1,
910000010226,False,none,-1,
910000010227,False,none,-1,
910000010228,False,none,-1,
910000010229,True,L3,21,910000024175
910000010230,True,L2,29,910000015788
910000010231,False,none,-1,
910000010232,False,none,-1,
910000010233,False,none,-1,
910000010234,False,none,-1,
910000010235,False,none,-1,
910000010236,False,none,-1,
910000010237,False,none,-1,
910000010238,False,none,-1,
910000010239,False,none,-1,
910000010240,False,none,-1,
910000010241,False,none,-1,
910000010242,False,none,-1,
910000010243,False,none,-1,
910000010244,False,none,-1,
910000010245,True,L3,24,910000015900
910000010246,False,none,-1,
910000010247,False,none,-1,
910000010248,False,none,-1,
910000010249,False,none,-1,
910000010250,False,none,-1,
910000010251,False,none,-1,
910000010252,False,none,-1,
910000010253,False,none,-1,
910000010254,False,none,-1,
910000010255,False,none,-1,
910000010256,False,none,-1,
910000010257,False,none,-1,
910000010258,False,none,-1,
910000010259,False,none,-1,
910000010260,False,none,-1,
910000010261,False,none,-1,
910000010262,False,none,-1,
910000010263,False,none,-1,
910000010264,False,none,-1,
910000010265,False,none,-1,
910000010266,False,none,-1,
910000010267,False,none,-1,
910000010268,False,none,-1,
910000010269,False,none,-1,
910000010270,True,L2,94,910000014634
910000010271,False,none,-1,
910000010272,False,none,-1,
910000010273,False,none,-1,
910000010274,False,none,-1,
910000010275,False,none,-1,
910000010276,False,none,-1,
910000010277,False,none,-1,
910000010278,True,L2,2,910000017935
910000010279,False,none,-1,
910000010280,False,none,-1,
910000010281,True,L2,38,910000011933
910000010282,False,none,-1,
910000010283,False,none,-1,
910000010284,False,none,-1,
910000010285,False,none,-1,
910000010286,False,none,-1,
910000010287,False,none,-1,
910000010288,False,none,-1,
910000010289,False,none,-1,
910000010290,False,none,-1,
910000010291,False,none,-1,
910000010292,False,none,-1,
910000010293,False,none,-1,
910000010294,False,none,-1,
910000010295,True,L2,85,910000000362
910000010296,False,none,-1,
910000010297,True,L1,13,910000002736
910000010298,False,none,-1,
910000010299,False,none,-1,
910000010300,False,none,-1,
910000010301,False,none,-1,
910000010302,False,none,-1,
910000010303,False,none,-1,
910000010304,False,none,-1,
910000010305,False,none,-1,
910000010306,False,none,-1,
910000010307,False,none,-1,
910000010308,False,none,-1,
910000010309,False,none,-1,
910000010310,False,none,-1,
910000010311,False,none,-1,
910000010312,False,none,-1,
910000010313,True,L3,80,910000022510
910000010314,False,none,-1,
910000010315,False,none,-1,
910000010316,False,none,-1,
910000010317,False,none,-1,
910000010318,False,none,-1,
910000010319,False,none,-1,
910000010320,False,none,-1,
910000010321,False,none,-1,
910000010322,True,L2,27,910000019664
910000010323,False,none,-1,
910000010324,False,none,-1,
910000010325,False,none,-1,
910000010326,False,none,-1,
910000010327,False,none,-1,
910000010328,False,none,-1,
910000010329,True,L2,53,910000006860
910000010330,False,none,-1,
910000010331,False,none,-1,
910000010332,False,none,-1,
910000010333,False,none,-1,
910000010334,True,L1,90,910000002815
910000010335,False,none,-1,
910000010336,False,none,-1,
910000010337,False,none,-1,
910000010338,False,none,-1,
910000010339,False,none,-1,
910000010340,False,none,-1,
910000010341,False,none,-1,
910000010342,False,none,-1,
910000010343,False,none,-1,
910000010344,False,none,-1,
910000010345,False,none,-1,
910000010346,False,none,-1,
910000010347,False,none,-1,
910000010348,False,none,-1,
910000010349,False,none,-1,
910000010350,True,L2,83,910000004010
910000010351,False,none,-1,
910000010352,False,none,-1,
910000010353,False,none,-1,
910000010354,True,L1,87,910000024461
910000010355,False,none,-1,
910000010356,False,none,-1,
910000010357,False,none,-1,
910000010358,False,none,-1,
910000010359,False,none,-1,
910000010360,False,none,-1,
910000010361,False,none,-1,
910000010362,False,none,-1,
910000010363,False,none,-1,
910000010364,False,none,-1,
910000010365,False,none,-1,
910000010366,False,none,-1,
910000010367,False,none,-1,
910000010368,False,none,-1,
910000010369,False,none,-1,
910000010370,False,none,-1,
910000010371,False,none,-1,
910000010372,False,none,-1,
910000010373,True,L3,23,910000006128
910000010374,False,none,-1,
910000010375,False,none,-1,
910000010376,False,none,-1,
910000010377,False,none,-1,
910000010378,False,none,-1,
910000010379,False,none,-1,
910000010380,False,none,-1,
910000010381,False,none,-1,
910000010382,False,none,-1,
910000010383,False,none,-1,
910000010384,False,none,-1,
910000010385,False,none,-1,
910000010386,False,none,-1,
910000010387,False,none,-1,
910000010388,False,none,-1,
910000010389,False,none,-1,
910000010390,False,none,-1,
910000010391,False,none,-1,
910000010392,False,none,-1,
910000010393,False,none,-1,
910000010394,False,none,-1,
910000010395,False,none,-1,
910000010396,False,none,-1,
910000010397,False,none,-1,
910000010398,False,none,-1,
910000010399,False,none,-1,
910000010400,False,none,-1,
910000010401,False,none,-1,
910000010402,False,none,-1,
910000010403,False,none,-1,
910000010404,False,none,-1,
910000010405,False,none,-1,
910000010406,False,none,-1,
910000010407,False,none,-1,
910000010408,False,none,-1,
910000010409,True,L2,86,910000022980
910000010410,False,none,-1,
910000010411,False,none,-1,
910000010412,False,none,-1,
910000010413,False,none,-1,
910000010414,False,none,-1,
910000010415,False,none,-1,
910000010416,False,none,-1,
910000010417,False,none,-1,
910000010418,False,none,-1,
910000010419,False,none,-1,
910000010420,False,none,-1,
910000010421,False,none,-1,
910000010422,False,none,-1,
910000010423,True,L2,23,910000006128
910000010424,False,none,-1,
910000010425,False,none,-1,
910000010426,False,none,-1,
910000010427,False,none,-1,
910000010428,False,none,-1,
910000010429,False,none,-1,
910000010430,False,none,-1,
910000010431,False,none,-1,
910000010432,True,L1,61,910000009892
910000010433,False,none,-1,
910000010434,False,none,-1,
910000010435,False,none,-1,
910000010436,False,none,-1,
910000010437,False,none,-1,
910000010438,False,none,-1,
910000010439,False,none,-1,
910000010440,False,none,-1,
910000010441,False,none,-1,
910000010442,False,none,-1,
910000010443,False,none,-1,
910000010444,False,none,-1,
910000010445,False,none,-1,
910000010446,False,none,-1,
910000010447,False,none,-1,
910000010448,False,none,-1,
910000010449,False,none,-1,
910000010450,False,none,-1,
910000010451,False,none,-1,
910000010452,False,none,-1,
910000010453,False,none,-1,
910000010454,False,none,-1,
910000010455,False,none,-1,
910000010456,True,L2,83,910000004010
910000010457,False,none,-1,
910000010458,False,none,-1,
910000010459,False,none,-1,
910000010460,False,none,-1,
910000010461,False,none,-1,
910000010462,False,none,-1,
910000010463,True,L2,14,910000024141
910000010464,False,none,-1,
910000010465,False,none,-1,
910000010466,True,L2,37,910000010112
910000010467,False,none,-1,
910000010468,False,none,-1,
910000010469,False,none,-1,
910000010470,False,none,-1,
910000010471,False,none,-1,
910000010472,False,none,-1,
910000010473,False,none,-1,
910000010474,False,none,-1,
910000010475,False,none,-1,
910000010476,False,none,-1,
910000010477,False,none,-1,
910000010478,False,none,-1,
910000010479,False,none,-1,
910000010480,False,none,-1,
910000010481,False,none,-1,
910000010482,False,none,-1,
910000010483,False,none,-1,
910000010484,False,none,-1,
910000010485,False,none,-1,
910000010486,False,none,-1,
910000010487,False,none,-1,
910000010488,False,none,-1,
910000010489,False,none,-1,
910000010490,False,none,-1,
910000010491,False,none,-1,
910000010492,False,none,-1,
910000010493,False,none,-1,
910000010494,False,none,-1,
910000010495,False,none,-1,
910000010496,False,none,-1,
910000010497,False,none,-1,
910000010498,False,none,-1,
910000010499,False,none,-1,
910000010500,False,none,-1,
910000010501,True,L3,73,910000008345
910000010502,False,none,-1,
910000010503,False,none,-1,
910000010504,False,none,-1,
910000010505,False,none,-1,
910000010506,False,none,-1,
910000010507,True,L3,45,910000024669
910000010508,False,none,-1,
910000010509,False,none,-1,
910000010510,False,none,-1,
910000010511,False,none,-1,
910000010512,False,none,-1,
910000010513,False,none,-1,
910000010514,False,none,-1,
910000010515,False,none,-1,
910000010516,False,none,-1,
910000010517,False,none,-1,
910000010518,False,none,-1,
910000010519,False,none,-1,
910000010520,False,none,-1,
910000010521,False,none,-1,
910000010522,False,none,-1,
910000010523,False,none,-1,
910000010524,False,none,-1,
910000010525,False,none,-1,
910000010526,False,none,-1,
910000010527,False,none,-1,
910000010528,False,none,-1,
910000010529,False,none,-1,
910000010530,False,none,-1,
910000010531,False,none,-1,
910000010532,False,none,-1,
910000010533,False,none,-1,
910000010534,False,none,-1,
910000010535,False,none,-1,
910000010536,False,none,-1,
910000010537,False,none,-1,
910000010538,False,none,-1,
910000010539,False,none,-1,
910000010540,False,none,-1,
910000010541,False,none,-1,
910000010542,False,none,-1,
910000010543,False,none,-1,
910000010544,False,none,-1,
910000010545,False,none,-1,
910000010546,False,none,-1,
910000010547,False,none,-1,
910000010548,False,none,-1,
910000010549,False,none,-1,
910000010550,False,none,-1,
910000010551,False,none,-1,
910000010552,False,none,-1,
910000010553,False,none,-1,
910000010554,False,none,-1,
910000010555,False,none,-1,
910000010556,False,none,-1,
910000010557,False,none,-1,
910000010558,False,none,-1,
910000010559,False,none,-1,
910000010560,False,none,-1,
910000010561,True,L3,86,910000022980
910000010562,False,none,-1,
910000010563,False,none,-1,
910000010564,False,none,-1,
910000010565,False,none,-1,
910000010566,False,none,-1,
910000010567,False,none,-1,
910000010568,False,none,-1,
910000010569,False,none,-1,
910000010570,False,none,-1,
910000010571,False,none,-1,
910000010572,False,none,-1,
910000010573,False,none,-1,
910000010574,False,none,-1,
910000010575,False,none,-1,
910000010576,False,none,-1,
910000010577,False,none,-1,
910000010578,False,none,-1,
910000010579,False,none,-1,
910000010580,True,L2,31,910000017714
910000010581,False,none,-1,
910000010582,False,none,-1,
910000010583,False,none,-1,
910000010584,False,none,-1,
910000010585,False,none,-1,
910000010586,False,none,-1,
910000010587,False,none,-1,
910000010588,False,none,-1,
910000010589,False,none,-1,
910000010590,False,none,-1,
910000010591,False,none,-1,
910000010592,False,none,-1,
910000010593,False,none,-1,
910000010594,False,none,-1,
910000010595,False,none,-1,
910000010596,False,none,-1,
910000010597,True,L3,35,910000016466
910000010598,False,none,-1,
910000010599,False,none,-1,
910000010600,False,none,-1,
910000010601,True,L1,8,910000006300
910000010602,False,none,-1,
910000010603,False,none,-1,
910000010604,False,none,-1,
910000010605,False,none,-1,
910000010606,False,none,-1,
910000010607,True,L3,91,910000015936
910000010608,False,none,-1,
910000010609,False,none,-1,
910000010610,False,none,-1,
910000010611,False,none,-1,
910000010612,False,none,-1,
910000010613,False,none,-1,
910000010614,False,none,-1,
910000010615,False,none,-1,
910000010616,False,none,-1,
910000010617,False,none,-1,
910000010618,False,none,-1,
910000010619,False,none,-1,
910000010620,False,none,-1,
910000010621,False,none,-1,
910000010622,False,none,-1,
910000010623,False,none,-1,
910000010624,False,none,-1,
910000010625,False,none,-1,
910000010626,False,none,-1,
910000010627,False,none,-1,
910000010628,False,none,-1,
910000010629,True,L3,19,910000002009
910000010630,False,none,-1,
910000010631,False,none,-1,
910000010632,False,none,-1,
910000010633,False,none,-1,
910000010634,False,none,-1,
910000010635,False,none,-1,
910000010636,False,none,-1,
910000010637,False,none,-1,
910000010638,False,none,-1,
910000010639,False,none,-1,
910000010640,False,none,-1,
910000010641,False,none,-1,
910000010642,False,none,-1,
910000010643,False,none,-1,
910000010644,False,none,-1,
910000010645,False,none,-1,
910000010646,False,none,-1,
910000010647,False,none,-1,
910000010648,False,none,-1,
910000010649,False,none,-1,
910000010650,False,none,-1,
910000010651,False,none,-1,
910000010652,False,none,-1,
910000010653,False,none,-1,
910000010654,False,none,-1,
910000010655,False,none,-1,
910000010656,False,none,-1,
910000010657,False,none,-1,
910000010658,True,L2,58,910000016011
910000010659,False,none,-1,
910000010660,False,none,-1,
910000010661,False,none,-1,
910000010662,False,none,-1,
910000010663,False,none,-1,
910000010664,False,none,-1,
910000010665,False,none,-1,
910000010666,False,none,-1,
910000010667,False,none,-1,
910000010668,False,none,-1,
910000010669,False,none,-1,
910000010670,False,none,-1,
910000010671,True,L2,23,910000006128
910000010672,False,none,-1,
910000010673,False,none,-1,
910000010674,False,none,-1,
910000010675,False,none,-1,
910000010676,False,none,-1,
910000010677,False,none,-1,
910000010678,False,none,-1,
910000010679,False,none,-1,
910000010680,False,none,-1,
910000010681,False,none,-1,
910000010682,False,none,-1,
910000010683,False,none,-1,
910000010684,False,none,-1,
910000010685,False,none,-1,
910000010686,False,none,-1,
910000010687,False,none,-1,
910000010688,True,L1,63,910000019535
910000010689,False,none,-1,
910000010690,False,none,-1,
910000010691,False,none,-1,
910000010692,False,none,-1,
910000010693,False,none,-1,
910000010694,False,none,-1,
910000010695,False,none,-1,
910000010696,False,none,-1,
910000010697,False,none,-1,
910000010698,False,none,-1,
910000010699,False,none,-1,
910000010700,False,none,-1,
910000010701,False,none,-1,
910000010702,False,none,-1,
910000010703,False,none,-1,
910000010704,False,none,-1,
910000010705,False,none,-1,
910000010706,False,none,-1,
910000010707,False,none,-1,
910000010708,False,none,-1,
910000010709,False,none,-1,
910000010710,True,L3,99,910000017824
910000010711,False,none,-1,
910000010712,False,none,-1,
910000010713,True,L2,40,910000020852
910000010714,False,none,-1,
910000010715,False,none,-1,
910000010716,False,none,-1,
910000010717,False,none,-1,
910000010718,False,none,-1,
910000010719,False,none,-1,
910000010720,False,none,-1,
910000010721,False,none,-1,
910000010722,False,none,-1,
910000010723,False,none,-1,
910000010724,False,none,-1,
910000010725,False,none,-1,
910000010726,False,none,-1,
910000010727,False,none,-1,
910000010728,True,L3,78,910000024868
910000010729,False,none,-1,
910000010730,False,none,-1,
910000010731,False,none,-1,
910000010732,False,none,-1,
910000010733,False,none,-1,
910000010734,False,none,-1,
910000010735,True,L2,84,910000003083
910000010736,True,L3,82,910000003073
910000010737,False,none,-1,
910000010738,False,none,-1,
910000010739,False,none,-1,
910000010740,False,none,-1,
910000010741,False,none,-1,
910000010742,True,L3,48,910000019036
910000010743,False,none,-1,
910000010744,False,none,-1,
910000010745,False,none,-1,
910000010746,False,none,-1,
910000010747,False,none,-1,
910000010748,False,none,-1,
910000010749,False,none,-1,
910000010750,False,none,-1,
910000010751,False,none,-1,
910000010752,False,none,-1,
910000010753,True,L2,23,910000006128
910000010754,False,none,-1,
910000010755,False,none,-1,
910000010756,True,L3,97,910000017134
910000010757,False,none,-1,
910000010758,False,none,-1,
910000010759,False,none,-1,
910000010760,False,none,-1,
910000010761,False,none,-1,
910000010762,True,L3,11,910000010364
910000010763,False,none,-1,
910000010764,False,none,-1,
910000010765,False,none,-1,
910000010766,False,none,-1,
910000010767,False,none,-1,
910000010768,False,none,-1,
910000010769,False,none,-1,
910000010770,False,none,-1,
910000010771,False,none,-1,
910000010772,False,none,-1,
910000010773,True,L3,17,910000009375
910000010774,False,none,-1,
910000010775,False,none,-1,
910000010776,False,none,-1,
910000010777,False,none,-1,
910000010778,False,none,-1,
910000010779,False,none,-1,
910000010780,False,none,-1,
910000010781,False,none,-1,
910000010782,False,none,-1,
910000010783,False,none,-1,
910000010784,False,none,-1,
910000010785,False,none,-1,
910000010786,False,none,-1,
910000010787,False,none,-1,
910000010788,False,none,-1,
910000010789,False,none,-1,
910000010790,False,none,-1,
910000010791,False,none,-1,
910000010792,False,none,-1,
910000010793,False,none,-1,
910000010794,False,none,-1,
910000010795,False,none,-1,
910000010796,False,none,-1,
910000010797,False,none,-1,
910000010798,False,none,-1,
910000010799,False,none,-1,
910000010800,False,none,-1,
910000010801,False,none,-1,
910000010802,False,none,-1,
910000010803,False,none,-1,
910000010804,False,none,-1,
910000010805,False,none,-1,
910000010806,False,none,-1,
910000010807,False,none,-1,
910000010808,False,none,-1,
910000010809,False,none,-1,
910000010810,False,none,-1,
910000010811,False,none,-1,
910000010812,False,none,-1,
910000010813,False,none,-1,
910000010814,False,none,-1,
910000010815,False,none,-1,
910000010816,True,L1,41,910000005164
910000010817,False,none,-1,
910000010818,False,none,-1,
910000010819,False,none,-1,
910000010820,False,none,-1,
910000010821,False,none,-1,
910000010822,False,none,-1,
910000010823,False,none,-1,
910000010824,False,none,-1,
910000010825,False,none,-1,
910000010826,False,none,-1,
910000010827,False,none,-1,
910000010828,False,none,-1,
910000010829,False,none,-1,
910000010830,False,none,-1,
910000010831,False,none,-1,
910000010832,False,none,-1,
910000010833,False,none,-1,
910000010834,False,none,-1,
910000010835,False,none,-1,
910000010836,False,none,-1,
910000010837,False,none,-1,
910000010838,False,none,-1,
910000010839,False,none,-1,
910000010840,False,none,-1,
910000010841,True,L3,11,910000010364
910000010842,False,none,-1,
910000010843,False,none,-1,
910000010844,False,none,-1,
910000010845,False,none,-1,
910000010846,True,L3,58,910000016011
910000010847,False,none,-1,
910000010848,False,none,-1,
910000010849,False,none,-1,
910000010850,False,none,-1,
910000010851,False,none,-1,
910000010852,False,none,-1,
910000010853,False,none,-1,
910000010854,False,none,-1,
910000010855,False,none,-1,
910000010856,True,L3,73,910000008345
910000010857,False,none,-1,
910000010858,False,none,-1,
910000010859,False,none,-1,
910000010860,False,none,-1,
910000010861,False,none,-1,
910000010862,False,none,-1,
910000010863,False,none,-1,
910000010864,False,none,-1,
910000010865,False,none,-1,
910000010866,False,none,-1,
910000010867,False,none,-1,
910000010868,False,none,-1,
910000010869,False,none,-1,
910000010870,False,none,-1,
910000010871,False,none,-1,
910000010872,False,none,-1,
910000010873,False,none,-1,
910000010874,False,none,-1,
910000010875,False,none,-1,
910000010876,False,none,-1,
910000010877,False,none,-1,
910000010878,False,none,-1,
910000010879,False,none,-1,
910000010880,False,none,-1,
910000010881,False,none,-1,
910000010882,False,none,-1,
910000010883,False,none,-1,
910000010884,True,L1,95,910000000158
910000010885,False,none,-1,
910000010886,False,none,-1,
910000010887,False,none,-1,
910000010888,False,none,-1,
910000010889,False,none,-1,
910000010890,False,none,-1,
910000010891,True,L3,94,910000014634
910000010892,False,none,-1,
910000010893,False,none,-1,
910000010894,False,none,-1,
910000010895,False,none,-1,
910000010896,False,none,-1,
910000010897,False,none,-1,
910000010898,False,none,-1,
910000010899,False,none,-1,
910000010900,False,none,-1,
910000010901,False,none,-1,
910000010902,False,none,-1,
910000010903,False,none,-1,
910000010904,False,none,-1,
910000010905,False,none,-1,
910000010906,False,none,-1,
910000010907,False,none,-1,
910000010908,False,none,-1,
910000010909,True,L1,82,910000003073
910000010910,False,none,-1,
910000010911,False,none,-1,
910000010912,False,none,-1,
910000010913,False,none,-1,
910000010914,False,none,-1,
910000010915,True,L3,73,910000008345
910000010916,False,none,-1,
910000010917,False,none,-1,
910000010918,False,none,-1,
910000010919,False,none,-1,
910000010920,False,none,-1,
910000010921,False,none,-1,
910000010922,False,none,-1,
910000010923,False,none,-1,
910000010924,False,none,-1,
910000010925,False,none,-1,
910000010926,False,none,-1,
910000010927,False,none,-1,
910000010928,False,none,-1,
910000010929,False,none,-1,
910000010930,False,none,-1,
910000010931,True,L2,75,910000008084
910000010932,False,none,-1,
910000010933,False,none,-1,
910000010934,False,none,-1,
910000010935,False,none,-1,
910000010936,False,none,-1,
910000010937,False,none,-1,
910000010938,False,none,-1,
910000010939,False,none,-1,
910000010940,False,none,-1,
910000010941,False,none,-1,
910000010942,False,none,-1,
910000010943,False,none,-1,
910000010944,False,none,-1,
910000010945,False,none,-1,
910000010946,False,none,-1,
910000010947,False,none,-1,
910000010948,False,none,-1,
910000010949,True,L2,35,910000016466
910000010950,False,none,-1,
910000010951,False,none,-1,
910000010952,False,none,-1,
910000010953,False,none,-1,
910000010954,False,none,-1,
910000010955,False,none,-1,
910000010956,False,none,-1,
910000010957,False,none,-1,
910000010958,True,L3,93,910000005922
910000010959,False,none,-1,
910000010960,False,none,-1,
910000010961,False,none,-1,
910000010962,False,none,-1,
910000010963,False,none,-1,
910000010964,False,none,-1,
910000010965,False,none,-1,
910000010966,False,none,-1,
910000010967,False,none,-1,
910000010968,False,none,-1,
910000010969,False,none,-1,
910000010970,False,none,-1,
910000010971,False,none,-1,
910000010972,False,none,-1,
910000010973,False,none,-1,
910000010974,False,none,-1,
910000010975,False,none,-1,
910000010976,False,none,-1,
910000010977,False,none,-1,
910000010978,False,none,-1,
910000010979,False,none,-1,
910000010980,False,none,-1,
910000010981,False,none,-1,
910000010982,True,L2,22,910000010458
910000010983,False,none,-1,
910000010984,False,none,-1,
910000010985,False,none,-1,
910000010986,False,none,-1,
910000010987,False,none,-1,
910000010988,False,none,-1,
910000010989,False,none,-1,
910000010990,False,none,-1,
910000010991,True,L3,54,910000005950
910000010992,False,none,-1,
910000010993,False,none,-1,
910000010994,False,none,-1,
910000010995,False,none,-1,
910000010996,False,none,-1,
910000010997,False,none,-1,
910000010998,False,none,-1,
910000010999,False,none,-1,
910000011000,False,none,-1,
910000011001,True,L3,88,910000000548
910000011002,False,none,-1,
910000011003,False,none,-1,
910000011004,False,none,-1,
910000011005,False,none,-1,
910000011006,False,none,-1,
910000011007,True,L1,86,910000022980
910000011008,False,none,-1,
910000011009,False,none,-1,
910000011010,False,none,-1,
910000011011,False,none,-1,
910000011012,False,none,-1,
910000011013,False,none,-1,
910000011014,False,none,-1,
910000011015,False,none,-1,
910000011016,False,none,-1,
910000011017,False,none,-1,
910000011018,False,none,-1,
910000011019,False,none,-1,
910000011020,False,none,-1,
910000011021,False,none,-1,
910000011022,False,none,-1,
910000011023,False,none,-1,
910000011024,False,none,-1,
910000011025,False,none,-1,
910000011026,False,none,-1,
910000011027,False,none,-1,
910000011028,False,none,-1,
910000011029,False,none,-1,
910000011030,False,none,-1,
910000011031,False,none,-1,
910000011032,True,L2,50,910000021944
910000011033,False,none,-1,
910000011034,False,none,-1,
910000011035,False,none,-1,
910000011036,False,none,-1,
910000011037,False,none,-1,
910000011038,False,none,-1,
910000011039,False,none,-1,
910000011040,False,none,-1,
910000011041,False,none,-1,
910000011042,False,none,-1,
910000011043,False,none,-1,
910000011044,False,none,-1,
910000011045,False,none,-1,
910000011046,False,none,-1,
910000011047,False,none,-1,
910000011048,False,none,-1,
910000011049,False,none,-1,
910000011050,False,none,-1,
910000011051,False,none,-1,
910000011052,False,none,-1,
910000011053,False,none,-1,
910000011054,False,none,-1,
910000011055,False,none,-1,
910000011056,False,none,-1,
910000011057,False,none,-1,
910000011058,False,none,-1,
910000011059,False,none,-1,
910000011060,False,none,-1,
910000011061,False,none,-1,
910000011062,False,none,-1,
910000011063,False,none,-1,
910000011064,True,L1,26,910000012293
910000011065,False,none,-1,
910000011066,False,none,-1,
910000011067,False,none,-1,
910000011068,False,none,-1,
910000011069,False,none,-1,
910000011070,False,none,-1,
910000011071,False,none,-1,
910000011072,False,none,-1,
910000011073,False,none,-1,
910000011074,False,none,-1,
910000011075,False,none,-1,
910000011076,True,L2,43,910000018047
910000011077,False,none,-1,
910000011078,False,none,-1,
910000011079,True,L1,99,910000017824
910000011080,False,none,-1,
910000011081,False,none,-1,
910000011082,False,none,-1,
910000011083,False,none,-1,
910000011084,False,none,-1,
910000011085,False,none,-1,
910000011086,False,none,-1,
910000011087,False,none,-1,
910000011088,False,none,-1,
910000011089,False,none,-1,
910000011090,False,none,-1,
910000011091,False,none,-1,
910000011092,False,none,-1,
910000011093,True,L1,70,910000003386
910000011094,False,none,-1,
910000011095,False,none,-1,
910000011096,False,none,-1,
910000011097,False,none,-1,
910000011098,False,none,-1,
910000011099,False,none,-1,
910000011100,False,none,-1,
910000011101,False,none,-1,
910000011102,False,none,-1,
910000011103,False,none,-1,
910000011104,False,none,-1,
910000011105,False,none,-1,
910000011106,False,none,-1,
910000011107,False,none,-1,
910000011108,False,none,-1,
910000011109,False,none,-1,
910000011110,False,none,-1,
910000011111,False,none,-1,
910000011112,False,none,-1,
910000011113,False,none,-1,
910000011114,False,none,-1,
910000011115,False,none,-1,
910000011116,False,none,-1,
910000011117,False,none,-1,
910000011118,True,L3,89,910000024063
910000011119,False,none,-1,
910000011120,False,none,-1,
910000011121,False,none,-1,
910000011122,True,L3,75,910000008084
910000011123,False,none,-1,
910000011124,False,none,-1,
910000011125,False,none,-1,
910000011126,False,none,-1,
910000011127,False,none,-1,
910000011128,True,L2,10,910000002246
910000011129,False,none,-1,
910000011130,False,none,-1,
910000011131,False,none,-1,
910000011132,False,none,-1,
910000011133,False,none,-1,
910000011134,False,none,-1,
910000011135,False,none,-1,
910000011136,False,none,-1,
910000011137,False,none,-1,
910000011138,False,none,-1,
910000011139,False,none,-1,
910000011140,False,none,-1,
910000011141,False,none,-1,
910000011142,False,none,-1,
910000011143,False,none,-1,
910000011144,False,none,-1,
910000011145,False,none,-1,
910000011146,False,none,-1,
910000011147,False,none,-1,
910000011148,False,none,-1,
910000011149,True,L3,62,910000013403
910000011150,False,none,-1,
910000011151,False,none,-1,
910000011152,False,none,-1,
910000011153,False,none,-1,
910000011154,False,none,-1,
910000011155,False,none,-1,
910000011156,False,none,-1,
910000011157,False,none,-1,
910000011158,False,none,-1,
910000011159,False,none,-1,
910000011160,False,none,-1,
910000011161,False,none,-1,
910000011162,False,none,-1,
910000011163,False,none,-1,
910000011164,False,none,-1,
910000011165,False,none,-1,
910000011166,False,none,-1,
910000011167,False,none,-1,
910000011168,False,none,-1,
910000011169,False,none,-1,
910000011170,False,none,-1,
910000011171,False,none,-1,
910000011172,False,none,-1,
910000011173,False,none,-1,
910000011174,False,none,-1,
910000011175,False,none,-1,
910000011176,False,none,-1,
910000011177,False,none,-1,
910000011178,False,none,-1,
910000011179,True,L3,40,910000020852
910000011180,False,none,-1,
910000011181,False,none,-1,
910000011182,False,none,-1,
910000011183,False,none,-1,
910000011184,False,none,-1,
910000011185,False,none,-1,
910000011186,False,none,-1,
910000011187,False,none,-1,
910000011188,False,none,-1,
910000011189,False,none,-1,
910000011190,False,none,-1,
910000011191,False,none,-1,
910000011192,False,none,-1,
910000011193,True,L2,62,910000013403
910000011194,False,none,-1,
910000011195,False,none,-1,
910000011196,False,none,-1,
910000011197,False,none,-1,
910000011198,False,none,-1,
910000011199,False,none,-1,
910000011200,False,none,-1,
910000011201,False,none,-1,
910000011202,False,none,-1,
910000011203,False,none,-1,
910000011204,False,none,-1,
910000011205,False,none,-1,
910000011206,False,none,-1,
910000011207,False,none,-1,
910000011208,False,none,-1,
910000011209,False,none,-1,
910000011210,False,none,-1,
910000011211,False,none,-1,
910000011212,False,none,-1,
910000011213,False,none,-1,
910000011214,False,none,-1,
910000011215,True,L2,30,910000002311
910000011216,False,none,-1,
910000011217,False,none,-1,
910000011218,False,none,-1,
910000011219,False,none,-1,
910000011220,False,none,-1,
910000011221,False,none,-1,
910000011222,False,none,-1,
910000011223,False,none,-1,
910000011224,False,none,-1,
910000011225,True,L1,63,910000019535
910000011226,False,none,-1,
910000011227,False,none,-1,
910000011228,False,none,-1,
910000011229,False,none,-1,
910000011230,False,none,-1,
910000011231,False,none,-1,
910000011232,False,none,-1,
910000011233,False,none,-1,
910000011234,False,none,-1,
910000011235,False,none,-1,
910000011236,False,none,-1,
910000011237,False,none,-1,
910000011238,False,none,-1,
910000011239,False,none,-1,
910000011240,False,none,-1,
910000011241,False,none,-1,
910000011242,False,none,-1,
910000011243,True,L2,21,910000024175
910000011244,True,L2,69,910000006862
910000011245,False,none,-1,
910000011246,False,none,-1,
910000011247,False,none,-1,
910000011248,False,none,-1,
910000011249,False,none,-1,
910000011250,False,none,-1,
910000011251,False,none,-1,
910000011252,False,none,-1,
910000011253,False,none,-1,
910000011254,False,none,-1,
910000011255,False,none,-1,
910000011256,False,none,-1,
910000011257,False,none,-1,
910000011258,False,none,-1,
910000011259,False,none,-1,
910000011260,False,none,-1,
910000011261,False,none,-1,
910000011262,False,none,-1,
910000011263,False,none,-1,
910000011264,False,none,-1,
910000011265,False,none,-1,
910000011266,False,none,-1,
910000011267,False,none,-1,
910000011268,False,none,-1,
910000011269,False,none,-1,
910000011270,False,none,-1,
910000011271,False,none,-1,
910000011272,False,none,-1,
910000011273,False,none,-1,
910000011274,False,none,-1,
910000011275,False,none,-1,
910000011276,False,none,-1,
910000011277,False,none,-1,
910000011278,False,none,-1,
910000011279,False,none,-1,
910000011280,False,none,-1,
910000011281,False,none,-1,
910000011282,False,none,-1,
910000011283,False,none,-1,
910000011284,False,none,-1,
910000011285,False,none,-1,
910000011286,False,none,-1,
910000011287,False,none,-1,
910000011288,False,none,-1,
910000011289,False,none,-1,
910000011290,False,none,-1,
910000011291,False,none,-1,
910000011292,False,none,-1,
910000011293,False,none,-1,
910000011294,False,none,-1,
910000011295,False,none,-1,
910000011296,False,none,-1,
910000011297,False,none,-1,
910000011298,False,none,-1,
910000011299,False,none,-1,
910000011300,False,none,-1,
910000011301,False,none,-1,
910000011302,False,none,-1,
910000011303,False,none,-1,
910000011304,False,none,-1,
910000011305,False,none,-1,
910000011306,False,none,-1,
910000011307,False,none,-1,
910000011308,False,none,-1,
910000011309,False,none,-1,
910000011310,False,none,-1,
910000011311,False,none,-1,
910000011312,False,none,-1,
910000011313,False,none,-1,
910000011314,False,none,-1,
910000011315,False,none,-1,
910000011316,False,none,-1,
910000011317,True,L1,25,910000004408
910000011318,False,none,-1,
910000011319,False,none,-1,
910000011320,False,none,-1,
910000011321,False,none,-1,
910000011322,False,none,-1,
910000011323,False,none,-1,
910000011324,False,none,-1,
910000011325,False,none,-1,
910000011326,False,none,-1,
910000011327,False,none,-1,
910000011328,False,none,-1,
910000011329,False,none,-1,
910000011330,False,none,-1,
910000011331,False,none,-1,
910000011332,False,none,-1,
910000011333,False,none,-1,
910000011334,False,none,-1,
910000011335,False,none,-1,
910000011336,False,none,-1,
910000011337,False,none,-1,
910000011338,False,none,-1,
910000011339,False,none,-1,
910000011340,False,none,-1,
910000011341,False,none,-1,
910000011342,True,L3,60,910000007647
910000011343,False,none,-1,
910000011344,False,none,-1,
910000011345,False,none,-1,
910000011346,False,none,-1,
910000011347,True,L3,36,910000007400
910000011348,False,none,-1,
910000011349,False,none,-1,
910000011350,False,none,-1,
910000011351,False,none,-1,
910000011352,False,none,-1,
910000011353,False,none,-1,
910000011354,False,none,-1,
910000011355,False,none,-1,
910000011356,False,none,-1,
910000011357,False,none,-1,
910000011358,False,none,-1,
910000011359,False,none,-1,
910000011360,False,none,-1,
910000011361,False,none,-1,
910000011362,False,none,-1,
910000011363,False,none,-1,
910000011364,False,none,-1,
910000011365,False,none,-1,
910000011366,False,none,-1,
910000011367,False,none,-1,
910000011368,False,none,-1,
910000011369,False,none,-1,
910000011370,False,none,-1,
910000011371,False,none,-1,
910000011372,False,none,-1,
910000011373,False,none,-1,
910000011374,False,none,-1,
910000011375,True,L2,51,910000010225
910000011376,False,none,-1,
910000011377,False,none,-1,
910000011378,False,none,-1,
910000011379,False,none,-1,
910000011380,False,none,-1,
910000011381,False,none,-1,
910000011382,False,none,-1,
910000011383,False,none,-1,
910000011384,False,none,-1,
910000011385,False,none,-1,
910000011386,False,none,-1,
910000011387,False,none,-1,
910000011388,False,none,-1,
910000011389,False,none,-1,
910000011390,False,none,-1,
910000011391,False,none,-1,
910000011392,False,none,-1,
910000011393,False,none,-1,
910000011394,False,none,-1,
910000011395,False,none,-1,
910000011396,False,none,-1,
910000011397,False,none,-1,
910000011398,False,none,-1,
910000011399,False,none,-1,
910000011400,False,none,-1,
910000011401,False,none,-1,
910000011402,False,none,-1,
910000011403,False,none,-1,
910000011404,False,none,-1,
910000011405,False,none,-1,
910000011406,False,none,-1,
910000011407,True,L2,52,910000023417
910000011408,False,none,-1,
910000011409,False,none,-1,
910000011410,False,none,-1,
910000011411,False,none,-1,
910000011412,False,none,-1,
910000011413,False,none,-1,
910000011414,False,none,-1,
910000011415,False,none,-1,
910000011416,False,none,-1,
910000011417,False,none,-1,
910000011418,False,none,-1,
910000011419,False,none,-1,
910000011420,False,none,-1,
910000011421,False,none,-1,
910000011422,False,none,-1,
910000011423,False,none,-1,
910000011424,False,none,-1,
910000011425,False,none,-1,
910000011426,False,none,-1,
910000011427,False,none,-1,
910000011428,False,none,-1,
910000011429,False,none,-1,
910000011430,False,none,-1,
910000011431,True,L3,94,910000014634
910000011432,False,none,-1,
910000011433,False,none,-1,
910000011434,False,none,-1,
910000011435,False,none,-1,
910000011436,False,none,-1,
910000011437,False,none,-1,
910000011438,False,none,-1,
910000011439,False,none,-1,
910000011440,False,none,-1,
910000011441,False,none,-1,
910000011442,False,none,-1,
910000011443,False,none,-1,
910000011444,False,none,-1,
910000011445,False,none,-1,
910000011446,False,none,-1,
910000011447,False,none,-1,
910000011448,False,none,-1,
910000011449,True,L1,53,910000006860
910000011450,False,none,-1,
910000011451,False,none,-1,
910000011452,False,none,-1,
910000011453,False,none,-1,
910000011454,False,none,-1,
910000011455,False,none,-1,
910000011456,False,none,-1,
910000011457,False,none,-1,
910000011458,False,none,-1,
910000011459,False,none,-1,
910000011460,False,none,-1,
910000011461,False,none,-1,
910000011462,False,none,-1,
910000011463,False,none,-1,
910000011464,False,none,-1,
910000011465,False,none,-1,
910000011466,True,L3,98,910000006246
910000011467,False,none,-1,
910000011468,True,L3,86,910000022980
910000011469,False,none,-1,
910000011470,False,none,-1,
910000011471,False,none,-1,
910000011472,False,none,-1,
910000011473,False,none,-1,
910000011474,False,none,-1,
910000011475,False,none,-1,
910000011476,False,none,-1,
910000011477,False,none,-1,
910000011478,False,none,-1,
910000011479,False,none,-1,
910000011480,False,none,-1,
910000011481,True,L2,98,910000006246
910000011482,False,none,-1,
910000011483,False,none,-1,
910000011484,False,none,-1,
910000011485,False,none,-1,
910000011486,False,none,-1,
910000011487,False,none,-1,
910000011488,False,none,-1,
910000011489,True,L3,75,910000008084
910000011490,False,none,-1,
910000011491,False,none,-1,
910000011492,False,none,-1,
910000011493,False,none,-1,
910000011494,False,none,-1,
910000011495,False,none,-1,
910000011496,False,none,-1,
910000011497,False,none,-1,
910000011498,False,none,-1,
910000011499,False,none,-1,
910000011500,False,none,-1,
910000011501,False,none,-1,
910000011502,False,none,-1,
910000011503,False,none,-1,
910000011504,False,none,-1,
910000011505,False,none,-1,
910000011506,True,L2,65,910000010732
910000011507,True,L2,5,910000013728
910000011508,False,none,-1,
910000011509,False,none,-1,
910000011510,False,none,-1,
910000011511,False,none,-1,
910000011512,False,none,-1,
910000011513,False,none,-1,
910000011514,False,none,-1,
910000011515,False,none,-1,
910000011516,False,none,-1,
910000011517,False,none,-1,
910000011518,False,none,-1,
910000011519,False,none,-1,
910000011520,False,none,-1,
910000011521,False,none,-1,
910000011522,False,none,-1,
910000011523,False,none,-1,
910000011524,False,none,-1,
910000011525,False,none,-1,
910000011526,False,none,-1,
910000011527,False,none,-1,
910000011528,False,none,-1,
910000011529,False,none,-1,
910000011530,False,none,-1,
910000011531,False,none,-1,
910000011532,False,none,-1,
910000011533,False,none,-1,
910000011534,False,none,-1,
910000011535,False,none,-1,
910000011536,False,none,-1,
910000011537,False,none,-1,
910000011538,False,none,-1,
910000011539,False,none,-1,
910000011540,False,none,-1,
910000011541,False,none,-1,
910000011542,False,none,-1,
910000011543,False,none,-1,
910000011544,False,none,-1,
910000011545,False,none,-1,
910000011546,False,none,-1,
910000011547,False,none,-1,
910000011548,False,none,-1,
910000011549,False,none,-1,
910000011550,False,none,-1,
910000011551,False,none,-1,
910000011552,False,none,-1,
910000011553,False,none,-1,
910000011554,False,none,-1,
910000011555,False,none,-1,
910000011556,False,none,-1,
910000011557,False,none,-1,
910000011558,False,none,-1,
910000011559,False,none,-1,
910000011560,False,none,-1,
910000011561,False,none,-1,
910000011562,False,none,-1,
910000011563,False,none,-1,
910000011564,False,none,-1,
910000011565,False,none,-1,
910000011566,False,none,-1,
910000011567,False,none,-1,
910000011568,False,none,-1,
910000011569,False,none,-1,
910000011570,False,none,-1,
910000011571,False,none,-1,
910000011572,False,none,-1,
910000011573,False,none,-1,
910000011574,False,none,-1,
910000011575,False,none,-1,
910000011576,False,none,-1,
910000011577,False,none,-1,
910000011578,False,none,-1,
910000011579,False,none,-1,
910000011580,False,none,-1,
910000011581,False,none,-1,
910000011582,False,none,-1,
910000011583,False,none,-1,
910000011584,False,none,-1,
910000011585,False,none,-1,
910000011586,True,L2,74,910000002855
910000011587,False,none,-1,
910000011588,False,none,-1,
910000011589,False,none,-1,
910000011590,False,none,-1,
910000011591,False,none,-1,
910000011592,False,none,-1,
910000011593,False,none,-1,
910000011594,False,none,-1,
910000011595,False,none,-1,
910000011596,False,none,-1,
910000011597,False,none,-1,
910000011598,False,none,-1,
910000011599,False,none,-1,
910000011600,False,none,-1,
910000011601,False,none,-1,
910000011602,False,none,-1,
910000011603,False,none,-1,
910000011604,False,none,-1,
910000011605,False,none,-1,
910000011606,False,none,-1,
910000011607,False,none,-1,
910000011608,False,none,-1,
910000011609,False,none,-1,
910000011610,False,none,-1,
910000011611,True,L3,47,910000014570
910000011612,False,none,-1,
910000011613,False,none,-1,
910000011614,False,none,-1,
910000011615,False,none,-1,
910000011616,False,none,-1,
910000011617,False,none,-1,
910000011618,False,none,-1,
910000011619,False,none,-1,
910000011620,False,none,-1,
910000011621,False,none,-1,
910000011622,False,none,-1,
910000011623,False,none,-1,
910000011624,False,none,-1,
910000011625,False,none,-1,
910000011626,False,none,-1,
910000011627,False,none,-1,
910000011628,False,none,-1,
910000011629,False,none,-1,
910000011630,False,none,-1,
910000011631,False,none,-1,
910000011632,False,none,-1,
910000011633,False,none,-1,
910000011634,False,none,-1,
910000011635,False,none,-1,
910000011636,False,none,-1,
910000011637,False,none,-1,
910000011638,False,none,-1,
910000011639,False,none,-1,
910000011640,False,none,-1,
910000011641,False,none,-1,
910000011642,False,none,-1,
910000011643,False,none,-1,
910000011644,False,none,-1,
910000011645,True,L2,44,910000020451
910000011646,False,none,-1,
910000011647,False,none,-1,
910000011648,False,none,-1,
910000011649,False,none,-1,
910000011650,False,none,-1,
910000011651,False,none,-1,
910000011652,False,none,-1,
910000011653,False,none,-1,
910000011654,False,none,-1,
910000011655,False,none,-1,
910000011656,False,none,-1,
910000011657,False,none,-1,
910000011658,False,none,-1,
910000011659,False,none,-1,
910000011660,False,none,-1,
910000011661,True,L3,67,910000017540
910000011662,False,none,-1,
910000011663,False,none,-1,
910000011664,False,none,-1,
910000011665,False,none,-1,
910000011666,False,none,-1,
910000011667,False,none,-1,
910000011668,False,none,-1,
910000011669,False,none,-1,
910000011670,False,none,-1,
910000011671,False,none,-1,
910000011672,False,none,-1,
910000011673,False,none,-1,
910000011674,False,none,-1,
910000011675,False,none,-1,
910000011676,False,none,-1,
910000011677,False,none,-1,
910000011678,False,none,-1,
910000011679,False,none,-1,
910000011680,True,L3,61,910000009892
910000011681,False,none,-1,
910000011682,False,none,-1,
910000011683,False,none,-1,
910000011684,False,none,-1,
910000011685,False,none,-1,
910000011686,False,none,-1,
910000011687,False,none,-1,
910000011688,False,none,-1,
910000011689,False,none,-1,
910000011690,False,none,-1,
910000011691,False,none,-1,
910000011692,False,none,-1,
910000011693,False,none,-1,
910000011694,True,L2,41,910000005164
910000011695,False,none,-1,
910000011696,False,none,-1,
910000011697,False,none,-1,
910000011698,False,none,-1,
910000011699,False,none,-1,
910000011700,False,none,-1,
910000011701,False,none,-1,
910000011702,False,none,-1,
910000011703,False,none,-1,
910000011704,False,none,-1,
910000011705,False,none,-1,
910000011706,False,none,-1,
910000011707,False,none,-1,
910000011708,False,none,-1,
910000011709,False,none,-1,
910000011710,False,none,-1,
910000011711,False,none,-1,
910000011712,False,none,-1,
910000011713,True,L3,40,910000020852
910000011714,False,none,-1,
910000011715,False,none,-1,
910000011716,False,none,-1,
910000011717,False,none,-1,
910000011718,False,none,-1,
910000011719,False,none,-1,
910000011720,False,none,-1,
910000011721,False,none,-1,
910000011722,False,none,-1,
910000011723,False,none,-1,
910000011724,False,none,-1,
910000011725,False,none,-1,
910000011726,False,none,-1,
910000011727,False,none,-1,
910000011728,True,L3,44,910000020451
910000011729,False,none,-1,
910000011730,False,none,-1,
910000011731,False,none,-1,
910000011732,False,none,-1,
910000011733,False,none,-1,
910000011734,False,none,-1,
910000011735,False,none,-1,
910000011736,False,none,-1,
910000011737,False,none,-1,
910000011738,False,none,-1,
910000011739,False,none,-1,
910000011740,False,none,-1,
910000011741,False,none,-1,
910000011742,False,none,-1,
910000011743,False,none,-1,
910000011744,False,none,-1,
910000011745,False,none,-1,
910000011746,False,none,-1,
910000011747,False,none,-1,
910000011748,False,none,-1,
910000011749,False,none,-1,
910000011750,False,none,-1,
910000011751,False,none,-1,
910000011752,False,none,-1,
910000011753,False,none,-1,
910000011754,True,L3,29,910000015788
910000011755,False,none,-1,
910000011756,False,none,-1,
910000011757,False,none,-1,
910000011758,False,none,-1,
910000011759,True,L1,60,910000007647
910000011760,False,none,-1,
910000011761,False,none,-1,
910000011762,False,none,-1,
910000011763,False,none,-1,
910000011764,False,none,-1,
910000011765,False,none,-1,
910000011766,False,none,-1,
910000011767,False,none,-1,
910000011768,False,none,-1,
910000011769,False,none,-1,
910000011770,True,L3,68,910000023712
910000011771,False,none,-1,
910000011772,False,none,-1,
910000011773,False,none,-1,
910000011774,False,none,-1,
910000011775,False,none,-1,
910000011776,False,none,-1,
910000011777,False,none,-1,
910000011778,False,none,-1,
910000011779,False,none,-1,
910000011780,False,none,-1,
910000011781,False,none,-1,
910000011782,False,none,-1,
910000011783,False,none,-1,
910000011784,False,none,-1,
910000011785,False,none,-1,
910000011786,False,none,-1,
910000011787,False,none,-1,
910000011788,False,none,-1,
910000011789,False,none,-1,
910000011790,False,none,-1,
910000011791,False,none,-1,
910000011792,False,none,-1,
910000011793,False,none,-1,
910000011794,True,L3,84,910000003083
910000011795,False,none,-1,
910000011796,False,none,-1,
910000011797,False,none,-1,
910000011798,False,none,-1,
910000011799,False,none,-1,
910000011800,True,L2,70,910000003386
910000011801,False,none,-1,
910000011802,False,none,-1,
910000011803,False,none,-1,
910000011804,False,none,-1,
910000011805,False,none,-1,
910000011806,False,none,-1,
910000011807,False,none,-1,
910000011808,False,none,-1,
910000011809,False,none,-1,
910000011810,False,none,-1,
910000011811,False,none,-1,
910000011812,False,none,-1,
910000011813,False,none,-1,
910000011814,False,none,-1,
910000011815,False,none,-1,
910000011816,False,none,-1,
910000011817,True,L1,8,910000006300
910000011818,False,none,-1,
910000011819,False,none,-1,
910000011820,False,none,-1,
910000011821,False,none,-1,
910000011822,False,none,-1,
910000011823,True,L2,94,910000014634
910000011824,False,none,-1,
910000011825,False,none,-1,
910000011826,False,none,-1,
910000011827,False,none,-1,
910000011828,False,none,-1,
910000011829,False,none,-1,
910000011830,False,none,-1,
910000011831,False,none,-1,
910000011832,False,none,-1,
910000011833,True,L2,78,910000024868
910000011834,False,none,-1,
910000011835,False,none,-1,
910000011836,False,none,-1,
910000011837,False,none,-1,
910000011838,False,none,-1,
910000011839,False,none,-1,
910000011840,False,none,-1,
910000011841,False,none,-1,
910000011842,False,none,-1,
910000011843,False,none,-1,
910000011844,False,none,-1,
910000011845,False,none,-1,
910000011846,False,none,-1,
910000011847,False,none,-1,
910000011848,False,none,-1,
910000011849,False,none,-1,
910000011850,False,none,-1,
910000011851,False,none,-1,
910000011852,False,none,-1,
910000011853,False,none,-1,
910000011854,False,none,-1,
910000011855,True,L2,79,910000008111
910000011856,False,none,-1,
910000011857,False,none,-1,
910000011858,False,none,-1,
910000011859,False,none,-1,
910000011860,False,none,-1,
910000011861,False,none,-1,
910000011862,False,none,-1,
910000011863,False,none,-1,
910000011864,False,none,-1,
910000011865,False,none,-1,
910000011866,False,none,-1,
910000011867,False,none,-1,
910000011868,False,none,-1,
910000011869,False,none,-1,
910000011870,False,none,-1,
910000011871,False,none,-1,
910000011872,False,none,-1,
910000011873,False,none,-1,
910000011874,False,none,-1,
910000011875,False,none,-1,
910000011876,False,none,-1,
910000011877,False,none,-1,
910000011878,False,none,-1,
910000011879,False,none,-1,
910000011880,False,none,-1,
910000011881,False,none,-1,
910000011882,False,none,-1,
910000011883,False,none,-1,
910000011884,False,none,-1,
910000011885,False,none,-1,
910000011886,False,none,-1,
910000011887,False,none,-1,
910000011888,False,none,-1,
910000011889,False,none,-1,
910000011890,False,none,-1,
910000011891,False,none,-1,
910000011892,False,none,-1,
910000011893,False,none,-1,
910000011894,False,none,-1,
910000011895,False,none,-1,
910000011896,False,none,-1,
910000011897,False,none,-1,
910000011898,False,none,-1,
910000011899,False,none,-1,
910000011900,False,none,-1,
910000011901,False,none,-1,
910000011902,False,none,-1,
910000011903,False,none,-1,
910000011904,False,none,-1,
910000011905,False,none,-1,
910000011906,False,none,-1,
910000011907,False,none,-1,
910000011908,False,none,-1,
910000011909,False,none,-1,
910000011910,False,none,-1,
910000011911,False,none,-1,
910000011912,False,none,-1,
910000011913,False,none,-1,
910000011914,False,none,-1,
910000011915,False,none,-1,
910000011916,False,none,-1,
910000011917,False,none,-1,
910000011918,False,none,-1,
910000011919,False,none,-1,
910000011920,True,L2,77,910000004550
910000011921,False,none,-1,
910000011922,True,L2,31,910000017714
910000011923,False,none,-1,
910000011924,False,none,-1,
910000011925,True,L2,23,910000006128
910000011926,False,none,-1,
910000011927,False,none,-1,
910000011928,False,none,-1,
910000011929,False,none,-1,
910000011930,False,none,-1,
910000011931,False,none,-1,
910000011932,False,none,-1,
910000011933,False,none,-1,
910000011934,False,none,-1,
910000011935,False,none,-1,
910000011936,False,none,-1,
910000011937,False,none,-1,
910000011938,False,none,-1,
910000011939,False,none,-1,
910000011940,False,none,-1,
910000011941,False,none,-1,
910000011942,False,none,-1,
910000011943,False,none,-1,
910000011944,False,none,-1,
910000011945,False,none,-1,
910000011946,False,none,-1,
910000011947,False,none,-1,
910000011948,False,none,-1,
910000011949,False,none,-1,
910000011950,False,none,-1,
910000011951,False,none,-1,
910000011952,False,none,-1,
910000011953,False,none,-1,
910000011954,False,none,-1,
910000011955,False,none,-1,
910000011956,False,none,-1,
910000011957,False,none,-1,
910000011958,False,none,-1,
910000011959,False,none,-1,
910000011960,False,none,-1,
910000011961,False,none,-1,
910000011962,False,none,-1,
910000011963,False,none,-1,
910000011964,False,none,-1,
910000011965,False,none,-1,
910000011966,False,none,-1,
910000011967,False,none,-1,
910000011968,False,none,-1,
910000011969,True,L1,78,910000024868
910000011970,False,none,-1,
910000011971,False,none,-1,
910000011972,False,none,-1,
910000011973,False,none,-1,
910000011974,True,L3,28,910000002949
910000011975,False,none,-1,
910000011976,False,none,-1,
910000011977,False,none,-1,
910000011978,False,none,-1,
910000011979,False,none,-1,
910000011980,False,none,-1,
910000011981,False,none,-1,
910000011982,False,none,-1,
910000011983,False,none,-1,
910000011984,False,none,-1,
910000011985,False,none,-1,
910000011986,False,none,-1,
910000011987,False,none,-1,
910000011988,False,none,-1,
910000011989,True,L2,19,910000002009
910000011990,False,none,-1,
910000011991,False,none,-1,
910000011992,False,none,-1,
910000011993,False,none,-1,
910000011994,False,none,-1,
910000011995,False,none,-1,
910000011996,False,none,-1,
910000011997,False,none,-1,
910000011998,False,none,-1,
910000011999,False,none,-1,
910000012000,False,none,-1,
910000012001,False,none,-1,
910000012002,False,none,-1,
910000012003,False,none,-1,
910000012004,False,none,-1,
910000012005,False,none,-1,
910000012006,False,none,-1,
910000012007,False,none,-1,
910000012008,False,none,-1,
910000012009,False,none,-1,
910000012010,False,none,-1,
910000012011,False,none,-1,
910000012012,False,none,-1,
910000012013,False,none,-1,
910000012014,False,none,-1,
910000012015,False,none,-1,
910000012016,False,none,-1,
910000012017,False,none,-1,
910000012018,False,none,-1,
910000012019,False,none,-1,
910000012020,False,none,-1,
910000012021,False,none,-1,
910000012022,False,none,-1,
910000012023,False,none,-1,
910000012024,False,none,-1,
910000012025,False,none,-1,
910000012026,False,none,-1,
910000012027,False,none,-1,
910000012028,False,none,-1,
910000012029,False,none,-1,
910000012030,False,none,-1,
910000012031,False,none,-1,
910000012032,False,none,-1,
910000012033,False,none,-1,
910000012034,False,none,-1,
910000012035,True,L2,21,910000024175
910000012036,False,none,-1,
910000012037,False,none,-1,
910000012038,False,none,-1,
910000012039,False,none,-1,
910000012040,False,none,-1,
910000012041,False,none,-1,
910000012042,False,none,-1,
910000012043,True,L3,4,910000018706
910000012044,False,none,-1,
910000012045,True,L3,49,910000014166
910000012046,False,none,-1,
910000012047,False,none,-1,
910000012048,False,none,-1,
910000012049,False,none,-1,
910000012050,False,none,-1,
910000012051,False,none,-1,
910000012052,False,none,-1,
910000012053,False,none,-1,
910000012054,False,none,-1,
910000012055,False,none,-1,
910000012056,False,none,-1,
910000012057,False,none,-1,
910000012058,False,none,-1,
910000012059,True,L2,6,910000011918
910000012060,False,none,-1,
910000012061,True,L3,1,910000024661
910000012062,False,none,-1,
910000012063,False,none,-1,
910000012064,False,none,-1,
910000012065,False,none,-1,
910000012066,False,none,-1,
910000012067,False,none,-1,
910000012068,False,none,-1,
910000012069,False,none,-1,
910000012070,False,none,-1,
910000012071,False,none,-1,
910000012072,False,none,-1,
910000012073,False,none,-1,
910000012074,False,none,-1,
910000012075,False,none,-1,
910000012076,False,none,-1,
910000012077,False,none,-1,
910000012078,False,none,-1,
910000012079,False,none,-1,
910000012080,False,none,-1,
910000012081,False,none,-1,
910000012082,False,none,-1,
910000012083,False,none,-1,
910000012084,False,none,-1,
910000012085,False,none,-1,
910000012086,False,none,-1,
910000012087,False,none,-1,
910000012088,False,none,-1,
910000012089,False,none,-1,
910000012090,False,none,-1,
910000012091,False,none,-1,
910000012092,False,none,-1,
910000012093,False,none,-1,
910000012094,False,none,-1,
910000012095,False,none,-1,
910000012096,False,none,-1,
910000012097,False,none,-1,
910000012098,False,none,-1,
910000012099,False,none,-1,
910000012100,False,none,-1,
910000012101,False,none,-1,
910000012102,False,none,-1,
910000012103,False,none,-1,
910000012104,False,none,-1,
910000012105,False,none,-1,
910000012106,False,none,-1,
910000012107,False,none,-1,
910000012108,False,none,-1,
910000012109,False,none,-1,
910000012110,False,none,-1,
910000012111,False,none,-1,
910000012112,True,L2,84,910000003083
910000012113,False,none,-1,
910000012114,False,none,-1,
910000012115,True,L1,86,910000022980
910000012116,False,none,-1,
910000012117,False,none,-1,
910000012118,False,none,-1,
910000012119,False,none,-1,
910000012120,False,none,-1,
910000012121,False,none,-1,
910000012122,False,none,-1,
910000012123,False,none,-1,
910000012124,False,none,-1,
910000012125,False,none,-1,
910000012126,False,none,-1,
910000012127,False,none,-1,
910000012128,False,none,-1,
910000012129,False,none,-1,
910000012130,False,none,-1,
910000012131,False,none,-1,
910000012132,False,none,-1,
910000012133,False,none,-1,
910000012134,False,none,-1,
910000012135,False,none,-1,
910000012136,False,none,-1,
910000012137,True,L1,17,910000009375
910000012138,False,none,-1,
910000012139,False,none,-1,
910000012140,False,none,-1,
910000012141,False,none,-1,
910000012142,False,none,-1,
910000012143,False,none,-1,
910000012144,False,none,-1,
910000012145,False,none,-1,
910000012146,False,none,-1,
910000012147,True,L1,6,910000011918
910000012148,True,L3,81,910000021910
910000012149,False,none,-1,
910000012150,False,none,-1,
910000012151,False,none,-1,
910000012152,False,none,-1,
910000012153,False,none,-1,
910000012154,False,none,-1,
910000012155,False,none,-1,
910000012156,False,none,-1,
910000012157,False,none,-1,
910000012158,False,none,-1,
910000012159,False,none,-1,
910000012160,False,none,-1,
910000012161,False,none,-1,
910000012162,False,none,-1,
910000012163,False,none,-1,
910000012164,False,none,-1,
910000012165,False,none,-1,
910000012166,False,none,-1,
910000012167,False,none,-1,
910000012168,False,none,-1,
910000012169,False,none,-1,
910000012170,False,none,-1,
910000012171,False,none,-1,
910000012172,False,none,-1,
910000012173,False,none,-1,
910000012174,False,none,-1,
910000012175,False,none,-1,
910000012176,False,none,-1,
910000012177,False,none,-1,
910000012178,False,none,-1,
910000012179,False,none,-1,
910000012180,False,none,-1,
910000012181,False,none,-1,
910000012182,False,none,-1,
910000012183,False,none,-1,
910000012184,False,none,-1,
910000012185,False,none,-1,
910000012186,False,none,-1,
910000012187,False,none,-1,
910000012188,False,none,-1,
910000012189,False,none,-1,
910000012190,False,none,-1,
910000012191,False,none,-1,
910000012192,False,none,-1,
910000012193,False,none,-1,
910000012194,False,none,-1,
910000012195,False,none,-1,
910000012196,False,none,-1,
910000012197,False,none,-1,
910000012198,False,none,-1,
910000012199,False,none,-1,
910000012200,False,none,-1,
910000012201,False,none,-1,
910000012202,False,none,-1,
910000012203,False,none,-1,
910000012204,False,none,-1,
910000012205,False,none,-1,
910000012206,False,none,-1,
910000012207,False,none,-1,
910000012208,False,none,-1,
910000012209,False,none,-1,
910000012210,False,none,-1,
910000012211,False,none,-1,
910000012212,False,none,-1,
910000012213,False,none,-1,
910000012214,False,none,-1,
910000012215,False,none,-1,
910000012216,False,none,-1,
910000012217,False,none,-1,
910000012218,False,none,-1,
910000012219,True,L3,43,910000018047
910000012220,False,none,-1,
910000012221,False,none,-1,
910000012222,False,none,-1,
910000012223,False,none,-1,
910000012224,False,none,-1,
910000012225,False,none,-1,
910000012226,False,none,-1,
910000012227,False,none,-1,
910000012228,False,none,-1,
910000012229,False,none,-1,
910000012230,False,none,-1,
910000012231,False,none,-1,
910000012232,False,none,-1,
910000012233,False,none,-1,
910000012234,False,none,-1,
910000012235,False,none,-1,
910000012236,False,none,-1,
910000012237,False,none,-1,
910000012238,False,none,-1,
910000012239,False,none,-1,
910000012240,False,none,-1,
910000012241,False,none,-1,
910000012242,False,none,-1,
910000012243,False,none,-1,
910000012244,False,none,-1,
910000012245,True,L1,48,910000019036
910000012246,False,none,-1,
910000012247,False,none,-1,
910000012248,False,none,-1,
910000012249,False,none,-1,
910000012250,False,none,-1,
910000012251,False,none,-1,
910000012252,False,none,-1,
910000012253,False,none,-1,
910000012254,False,none,-1,
910000012255,False,none,-1,
910000012256,False,none,-1,
910000012257,False,none,-1,
910000012258,False,none,-1,
910000012259,False,none,-1,
910000012260,False,none,-1,
910000012261,False,none,-1,
910000012262,False,none,-1,
910000012263,False,none,-1,
910000012264,False,none,-1,
910000012265,False,none,-1,
910000012266,False,none,-1,
910000012267,False,none,-1,
910000012268,False,none,-1,
910000012269,False,none,-1,
910000012270,False,none,-1,
910000012271,False,none,-1,
910000012272,False,none,-1,
910000012273,False,none,-1,
910000012274,True,L3,21,910000024175
910000012275,False,none,-1,
910000012276,False,none,-1,
910000012277,False,none,-1,
910000012278,False,none,-1,
910000012279,False,none,-1,
910000012280,True,L3,1,910000024661
910000012281,False,none,-1,
910000012282,True,L2,33,910000018608
910000012283,False,none,-1,
910000012284,False,none,-1,
910000012285,False,none,-1,
910000012286,False,none,-1,
910000012287,True,L3,83,910000004010
910000012288,False,none,-1,
910000012289,False,none,-1,
910000012290,False,none,-1,
910000012291,False,none,-1,
910000012292,False,none,-1,
910000012293,False,none,-1,
910000012294,False,none,-1,
910000012295,False,none,-1,
910000012296,False,none,-1,
910000012297,False,none,-1,
910000012298,False,none,-1,
910000012299,False,none,-1,
910000012300,False,none,-1,
910000012301,False,none,-1,
910000012302,False,none,-1,
910000012303,False,none,-1,
910000012304,False,none,-1,
910000012305,False,none,-1,
910000012306,False,none,-1,
910000012307,False,none,-1,
910000012308,False,none,-1,
910000012309,False,none,-1,
910000012310,False,none,-1,
910000012311,False,none,-1,
910000012312,False,none,-1,
910000012313,False,none,-1,
910000012314,False,none,-1,
910000012315,False,none,-1,
910000012316,False,none,-1,
910000012317,False,none,-1,
910000012318,False,none,-1,
910000012319,False,none,-1,
910000012320,False,none,-1,
910000012321,False,none,-1,
910000012322,False,none,-1,
910000012323,False,none,-1,
910000012324,False,none,-1,
910000012325,False,none,-1,
910000012326,True,L2,59,910000017341
910000012327,False,none,-1,
910000012328,False,none,-1,
910000012329,False,none,-1,
910000012330,False,none,-1,
910000012331,False,none,-1,
910000012332,True,L1,5,910000013728
910000012333,False,none,-1,
910000012334,False,none,-1,
910000012335,False,none,-1,
910000012336,False,none,-1,
910000012337,False,none,-1,
910000012338,False,none,-1,
910000012339,False,none,-1,
910000012340,False,none,-1,
910000012341,False,none,-1,
910000012342,False,none,-1,
910000012343,False,none,-1,
910000012344,False,none,-1,
910000012345,False,none,-1,
910000012346,False,none,-1,
910000012347,False,none,-1,
910000012348,False,none,-1,
910000012349,False,none,-1,
910000012350,False,none,-1,
910000012351,False,none,-1,
910000012352,False,none,-1,
910000012353,False,none,-1,
910000012354,False,none,-1,
910000012355,False,none,-1,
910000012356,False,none,-1,
910000012357,False,none,-1,
910000012358,False,none,-1,
910000012359,False,none,-1,
910000012360,False,none,-1,
910000012361,False,none,-1,
910000012362,False,none,-1,
910000012363,False,none,-1,
910000012364,False,none,-1,
910000012365,False,none,-1,
910000012366,True,L2,12,910000020672
910000012367,False,none,-1,
910000012368,False,none,-1,
910000012369,False,none,-1,
910000012370,False,none,-1,
910000012371,False,none,-1,
910000012372,False,none,-1,
910000012373,False,none,-1,
910000012374,False,none,-1,
910000012375,False,none,-1,
910000012376,False,none,-1,
910000012377,False,none,-1,
910000012378,True,L3,51,910000010225
910000012379,False,none,-1,
910000012380,False,none,-1,
910000012381,False,none,-1,
910000012382,False,none,-1,
910000012383,False,none,-1,
910000012384,False,none,-1,
910000012385,False,none,-1,
910000012386,False,none,-1,
910000012387,False,none,-1,
910000012388,False,none,-1,
910000012389,False,none,-1,
910000012390,False,none,-1,
910000012391,False,none,-1,
910000012392,False,none,-1,
910000012393,False,none,-1,
910000012394,False,none,-1,
910000012395,False,none,-1,
910000012396,False,none,-1,
910000012397,True,L3,12,910000020672
910000012398,False,none,-1,
910000012399,False,none,-1,
910000012400,False,none,-1,
910000012401,False,none,-1,
910000012402,False,none,-1,
910000012403,True,L2,7,910000021465
910000012404,False,none,-1,
910000012405,False,none,-1,
910000012406,False,none,-1,
910000012407,False,none,-1,
910000012408,False,none,-1,
910000012409,False,none,-1,
910000012410,False,none,-1,
910000012411,False,none,-1,
910000012412,False,none,-1,
910000012413,False,none,-1,
910000012414,False,none,-1,
910000012415,False,none,-1,
910000012416,False,none,-1,
910000012417,False,none,-1,
910000012418,False,none,-1,
910000012419,False,none,-1,
910000012420,False,none,-1,
910000012421,False,none,-1,
910000012422,False,none,-1,
910000012423,True,L3,72,910000017637
910000012424,False,none,-1,
910000012425,False,none,-1,
910000012426,False,none,-1,
910000012427,False,none,-1,
910000012428,False,none,-1,
910000012429,False,none,-1,
910000012430,False,none,-1,
910000012431,False,none,-1,
910000012432,True,L3,18,910000003772
910000012433,False,none,-1,
910000012434,False,none,-1,
910000012435,False,none,-1,
910000012436,False,none,-1,
910000012437,False,none,-1,
910000012438,False,none,-1,
910000012439,False,none,-1,
910000012440,False,none,-1,
910000012441,False,none,-1,
910000012442,False,none,-1,
910000012443,False,none,-1,
910000012444,False,none,-1,
910000012445,False,none,-1,
910000012446,False,none,-1,
910000012447,False,none,-1,
910000012448,False,none,-1,
910000012449,False,none,-1,
910000012450,False,none,-1,
910000012451,False,none,-1,
910000012452,False,none,-1,
910000012453,False,none,-1,
910000012454,False,none,-1,
910000012455,False,none,-1,
910000012456,False,none,-1,
910000012457,True,L2,2,910000017935
910000012458,False,none,-1,
910000012459,False,none,-1,
910000012460,False,none,-1,
910000012461,False,none,-1,
910000012462,False,none,-1,
910000012463,False,none,-1,
910000012464,True,L3,42,910000012324
910000012465,False,none,-1,
910000012466,False,none,-1,
910000012467,False,none,-1,
910000012468,False,none,-1,
910000012469,False,none,-1,
910000012470,False,none,-1,
910000012471,False,none,-1,
910000012472,False,none,-1,
910000012473,False,none,-1,
910000012474,False,none,-1,
910000012475,False,none,-1,
910000012476,False,none,-1,
910000012477,False,none,-1,
910000012478,False,none,-1,
910000012479,False,none,-1,
910000012480,False,none,-1,
910000012481,False,none,-1,
910000012482,False,none,-1,
910000012483,False,none,-1,
910000012484,False,none,-1,
910000012485,False,none,-1,
910000012486,False,none,-1,
910000012487,False,none,-1,
910000012488,False,none,-1,
910000012489,False,none,-1,
910000012490,False,none,-1,
910000012491,False,none,-1,
910000012492,False,none,-1,
910000012493,False,none,-1,
910000012494,False,none,-1,
910000012495,False,none,-1,
910000012496,False,none,-1,
910000012497,False,none,-1,
910000012498,False,none,-1,
910000012499,False,none,-1,
910000012500,False,none,-1,
910000012501,False,none,-1,
910000012502,False,none,-1,
910000012503,False,none,-1,
910000012504,False,none,-1,
910000012505,False,none,-1,
910000012506,False,none,-1,
910000012507,False,none,-1,
910000012508,False,none,-1,
910000012509,False,none,-1,
910000012510,False,none,-1,
910000012511,False,none,-1,
910000012512,False,none,-1,
910000012513,False,none,-1,
910000012514,False,none,-1,
910000012515,False,none,-1,
910000012516,False,none,-1,
910000012517,False,none,-1,
910000012518,False,none,-1,
910000012519,False,none,-1,
910000012520,False,none,-1,
910000012521,False,none,-1,
910000012522,False,none,-1,
910000012523,False,none,-1,
910000012524,False,none,-1,
910000012525,False,none,-1,
910000012526,False,none,-1,
910000012527,False,none,-1,
910000012528,False,none,-1,
910000012529,False,none,-1,
910000012530,False,none,-1,
910000012531,False,none,-1,
910000012532,False,none,-1,
910000012533,False,none,-1,
910000012534,False,none,-1,
910000012535,False,none,-1,
910000012536,True,L1,66,910000009406
910000012537,True,L1,22,910000010458
910000012538,False,none,-1,
910000012539,False,none,-1,
910000012540,False,none,-1,
910000012541,False,none,-1,
910000012542,False,none,-1,
910000012543,False,none,-1,
910000012544,False,none,-1,
910000012545,False,none,-1,
910000012546,False,none,-1,
910000012547,False,none,-1,
910000012548,False,none,-1,
910000012549,False,none,-1,
910000012550,False,none,-1,
910000012551,False,none,-1,
910000012552,False,none,-1,
910000012553,False,none,-1,
910000012554,False,none,-1,
910000012555,False,none,-1,
910000012556,False,none,-1,
910000012557,False,none,-1,
910000012558,False,none,-1,
910000012559,False,none,-1,
910000012560,False,none,-1,
910000012561,False,none,-1,
910000012562,False,none,-1,
910000012563,False,none,-1,
910000012564,False,none,-1,
910000012565,False,none,-1,
910000012566,False,none,-1,
910000012567,False,none,-1,
910000012568,False,none,-1,
910000012569,False,none,-1,
910000012570,False,none,-1,
910000012571,True,L2,15,910000017309
910000012572,False,none,-1,
910000012573,True,L2,92,910000021432
910000012574,False,none,-1,
910000012575,False,none,-1,
910000012576,False,none,-1,
910000012577,False,none,-1,
910000012578,False,none,-1,
910000012579,False,none,-1,
910000012580,False,none,-1,
910000012581,False,none,-1,
910000012582,False,none,-1,
910000012583,False,none,-1,
910000012584,False,none,-1,
910000012585,False,none,-1,
910000012586,False,none,-1,
910000012587,False,none,-1,
910000012588,False,none,-1,
910000012589,False,none,-1,
910000012590,False,none,-1,
910000012591,False,none,-1,
910000012592,True,L2,15,910000017309
910000012593,False,none,-1,
910000012594,False,none,-1,
910000012595,False,none,-1,
910000012596,False,none,-1,
910000012597,False,none,-1,
910000012598,False,none,-1,
910000012599,False,none,-1,
910000012600,True,L2,63,910000019535
910000012601,False,none,-1,
910000012602,False,none,-1,
910000012603,False,none,-1,
910000012604,False,none,-1,
910000012605,False,none,-1,
910000012606,False,none,-1,
910000012607,True,L2,22,910000010458
910000012608,False,none,-1,
910000012609,False,none,-1,
910000012610,False,none,-1,
910000012611,False,none,-1,
910000012612,False,none,-1,
910000012613,False,none,-1,
910000012614,False,none,-1,
910000012615,False,none,-1,
910000012616,False,none,-1,
910000012617,False,none,-1,
910000012618,False,none,-1,
910000012619,False,none,-1,
910000012620,False,none,-1,
910000012621,False,none,-1,
910000012622,False,none,-1,
910000012623,False,none,-1,
910000012624,True,L3,80,910000022510
910000012625,True,L3,87,910000024461
910000012626,False,none,-1,
910000012627,False,none,-1,
910000012628,False,none,-1,
910000012629,False,none,-1,
910000012630,False,none,-1,
910000012631,True,L3,36,910000007400
910000012632,False,none,-1,
910000012633,False,none,-1,
910000012634,False,none,-1,
910000012635,False,none,-1,
910000012636,False,none,-1,
910000012637,False,none,-1,
910000012638,False,none,-1,
910000012639,False,none,-1,
910000012640,False,none,-1,
910000012641,False,none,-1,
910000012642,False,none,-1,
910000012643,False,none,-1,
910000012644,False,none,-1,
910000012645,False,none,-1,
910000012646,False,none,-1,
910000012647,False,none,-1,
910000012648,False,none,-1,
910000012649,False,none,-1,
910000012650,False,none,-1,
910000012651,True,L3,29,910000015788
910000012652,False,none,-1,
910000012653,False,none,-1,
910000012654,False,none,-1,
910000012655,False,none,-1,
910000012656,False,none,-1,
910000012657,False,none,-1,
910000012658,False,none,-1,
910000012659,False,none,-1,
910000012660,False,none,-1,
910000012661,True,L3,74,910000002855
910000012662,False,none,-1,
910000012663,False,none,-1,
910000012664,False,none,-1,
910000012665,False,none,-1,
910000012666,False,none,-1,
910000012667,False,none,-1,
910000012668,False,none,-1,
910000012669,False,none,-1,
910000012670,False,none,-1,
910000012671,False,none,-1,
910000012672,False,none,-1,
910000012673,False,none,-1,
910000012674,False,none,-1,
910000012675,False,none,-1,
910000012676,False,none,-1,
910000012677,False,none,-1,
910000012678,False,none,-1,
910000012679,True,L2,82,910000003073
910000012680,False,none,-1,
910000012681,False,none,-1,
910000012682,False,none,-1,
910000012683,False,none,-1,
910000012684,False,none,-1,
910000012685,True,L2,91,910000015936
910000012686,False,none,-1,
910000012687,False,none,-1,
910000012688,False,none,-1,
910000012689,False,none,-1,
910000012690,False,none,-1,
910000012691,False,none,-1,
910000012692,False,none,-1,
910000012693,False,none,-1,
910000012694,False,none,-1,
910000012695,False,none,-1,
910000012696,False,none,-1,
910000012697,False,none,-1,
910000012698,False,none,-1,
910000012699,False,none,-1,
910000012700,False,none,-1,
910000012701,False,none,-1,
910000012702,False,none,-1,
910000012703,False,none,-1,
910000012704,False,none,-1,
910000012705,False,none,-1,
910000012706,False,none,-1,
910000012707,False,none,-1,
910000012708,False,none,-1,
910000012709,False,none,-1,
910000012710,False,none,-1,
910000012711,False,none,-1,
910000012712,False,none,-1,
910000012713,False,none,-1,
910000012714,False,none,-1,
910000012715,False,none,-1,
910000012716,False,none,-1,
910000012717,False,none,-1,
910000012718,False,none,-1,
910000012719,False,none,-1,
910000012720,False,none,-1,
910000012721,False,none,-1,
910000012722,False,none,-1,
910000012723,False,none,-1,
910000012724,False,none,-1,
910000012725,True,L2,10,910000002246
910000012726,True,L2,48,910000019036
910000012727,False,none,-1,
910000012728,False,none,-1,
910000012729,False,none,-1,
910000012730,False,none,-1,
910000012731,False,none,-1,
910000012732,False,none,-1,
910000012733,False,none,-1,
910000012734,False,none,-1,
910000012735,False,none,-1,
910000012736,False,none,-1,
910000012737,False,none,-1,
910000012738,False,none,-1,
910000012739,False,none,-1,
910000012740,False,none,-1,
910000012741,False,none,-1,
910000012742,False,none,-1,
910000012743,False,none,-1,
910000012744,False,none,-1,
910000012745,False,none,-1,
910000012746,False,none,-1,
910000012747,False,none,-1,
910000012748,False,none,-1,
910000012749,False,none,-1,
910000012750,False,none,-1,
910000012751,True,L2,13,910000002736
910000012752,False,none,-1,
910000012753,False,none,-1,
910000012754,False,none,-1,
910000012755,False,none,-1,
910000012756,False,none,-1,
910000012757,False,none,-1,
910000012758,False,none,-1,
910000012759,True,L2,5,910000013728
910000012760,False,none,-1,
910000012761,False,none,-1,
910000012762,False,none,-1,
910000012763,False,none,-1,
910000012764,False,none,-1,
910000012765,False,none,-1,
910000012766,False,none,-1,
910000012767,False,none,-1,
910000012768,False,none,-1,
910000012769,False,none,-1,
910000012770,False,none,-1,
910000012771,False,none,-1,
910000012772,False,none,-1,
910000012773,False,none,-1,
910000012774,False,none,-1,
910000012775,False,none,-1,
910000012776,False,none,-1,
910000012777,False,none,-1,
910000012778,True,L2,96,910000022031
910000012779,False,none,-1,
910000012780,False,none,-1,
910000012781,False,none,-1,
910000012782,False,none,-1,
910000012783,False,none,-1,
910000012784,False,none,-1,
910000012785,False,none,-1,
910000012786,True,L3,92,910000021432
910000012787,False,none,-1,
910000012788,False,none,-1,
910000012789,False,none,-1,
910000012790,False,none,-1,
910000012791,False,none,-1,
910000012792,False,none,-1,
910000012793,False,none,-1,
910000012794,False,none,-1,
910000012795,False,none,-1,
910000012796,False,none,-1,
910000012797,False,none,-1,
910000012798,False,none,-1,
910000012799,False,none,-1,
910000012800,False,none,-1,
910000012801,False,none,-1,
910000012802,False,none,-1,
910000012803,False,none,-1,
910000012804,False,none,-1,
910000012805,False,none,-1,
910000012806,False,none,-1,
910000012807,False,none,-1,
910000012808,False,none,-1,
910000012809,False,none,-1,
910000012810,False,none,-1,
910000012811,False,none,-1,
910000012812,True,L2,53,910000006860
910000012813,False,none,-1,
910000012814,False,none,-1,
910000012815,False,none,-1,
910000012816,False,none,-1,
910000012817,False,none,-1,
910000012818,False,none,-1,
910000012819,False,none,-1,
910000012820,False,none,-1,
910000012821,False,none,-1,
910000012822,False,none,-1,
910000012823,False,none,-1,
910000012824,False,none,-1,
910000012825,False,none,-1,
910000012826,False,none,-1,
910000012827,False,none,-1,
910000012828,False,none,-1,
910000012829,False,none,-1,
910000012830,False,none,-1,
910000012831,False,none,-1,
910000012832,True,L2,35,910000016466
910000012833,True,L3,61,910000009892
910000012834,False,none,-1,
910000012835,False,none,-1,
910000012836,False,none,-1,
910000012837,False,none,-1,
910000012838,False,none,-1,
910000012839,False,none,-1,
910000012840,False,none,-1,
910000012841,True,L3,87,910000024461
910000012842,False,none,-1,
910000012843,False,none,-1,
910000012844,False,none,-1,
910000012845,False,none,-1,
910000012846,False,none,-1,
910000012847,False,none,-1,
910000012848,False,none,-1,
910000012849,False,none,-1,
910000012850,False,none,-1,
910000012851,False,none,-1,
910000012852,False,none,-1,
910000012853,False,none,-1,
910000012854,False,none,-1,
910000012855,False,none,-1,
910000012856,False,none,-1,
910000012857,False,none,-1,
910000012858,False,none,-1,
910000012859,False,none,-1,
910000012860,False,none,-1,
910000012861,False,none,-1,
910000012862,False,none,-1,
910000012863,False,none,-1,
910000012864,False,none,-1,
910000012865,False,none,-1,
910000012866,False,none,-1,
910000012867,False,none,-1,
910000012868,False,none,-1,
910000012869,False,none,-1,
910000012870,False,none,-1,
910000012871,False,none,-1,
910000012872,False,none,-1,
910000012873,False,none,-1,
910000012874,False,none,-1,
910000012875,False,none,-1,
910000012876,False,none,-1,
910000012877,False,none,-1,
910000012878,False,none,-1,
910000012879,False,none,-1,
910000012880,False,none,-1,
910000012881,False,none,-1,
910000012882,False,none,-1,
910000012883,False,none,-1,
910000012884,False,none,-1,
910000012885,False,none,-1,
910000012886,False,none,-1,
910000012887,False,none,-1,
910000012888,False,none,-1,
910000012889,False,none,-1,
910000012890,False,none,-1,
910000012891,True,L2,5,910000013728
910000012892,False,none,-1,
910000012893,False,none,-1,
910000012894,False,none,-1,
910000012895,False,none,-1,
910000012896,False,none,-1,
910000012897,False,none,-1,
910000012898,False,none,-1,
910000012899,True,L2,56,910000008837
910000012900,False,none,-1,
910000012901,False,none,-1,
910000012902,False,none,-1,
910000012903,False,none,-1,
910000012904,False,none,-1,
910000012905,False,none,-1,
910000012906,False,none,-1,
910000012907,False,none,-1,
910000012908,False,none,-1,
910000012909,False,none,-1,
910000012910,True,L2,0,910000024789
910000012911,False,none,-1,
910000012912,False,none,-1,
910000012913,False,none,-1,
910000012914,False,none,-1,
910000012915,False,none,-1,
910000012916,False,none,-1,
910000012917,False,none,-1,
910000012918,False,none,-1,
910000012919,False,none,-1,
910000012920,False,none,-1,
910000012921,False,none,-1,
910000012922,False,none,-1,
910000012923,False,none,-1,
910000012924,False,none,-1,
910000012925,False,none,-1,
910000012926,False,none,-1,
910000012927,False,none,-1,
910000012928,False,none,-1,
910000012929,False,none,-1,
910000012930,False,none,-1,
910000012931,False,none,-1,
910000012932,False,none,-1,
910000012933,False,none,-1,
910000012934,False,none,-1,
910000012935,False,none,-1,
910000012936,False,none,-1,
910000012937,False,none,-1,
910000012938,False,none,-1,
910000012939,False,none,-1,
910000012940,False,none,-1,
910000012941,False,none,-1,
910000012942,False,none,-1,
910000012943,False,none,-1,
910000012944,False,none,-1,
910000012945,False,none,-1,
910000012946,False,none,-1,
910000012947,False,none,-1,
910000012948,False,none,-1,
910000012949,False,none,-1,
910000012950,False,none,-1,
910000012951,False,none,-1,
910000012952,False,none,-1,
910000012953,True,L3,65,910000010732
910000012954,False,none,-1,
910000012955,False,none,-1,
910000012956,False,none,-1,
910000012957,False,none,-1,
910000012958,False,none,-1,
910000012959,True,L1,84,910000003083
910000012960,True,L1,95,910000000158
910000012961,False,none,-1,
910000012962,False,none,-1,
910000012963,False,none,-1,
910000012964,False,none,-1,
910000012965,False,none,-1,
910000012966,False,none,-1,
910000012967,False,none,-1,
910000012968,False,none,-1,
910000012969,False,none,-1,
910000012970,False,none,-1,
910000012971,False,none,-1,
910000012972,False,none,-1,
910000012973,False,none,-1,
910000012974,False,none,-1,
910000012975,False,none,-1,
910000012976,False,none,-1,
910000012977,False,none,-1,
910000012978,False,none,-1,
910000012979,False,none,-1,
910000012980,False,none,-1,
910000012981,False,none,-1,
910000012982,False,none,-1,
910000012983,False,none,-1,
910000012984,True,L3,87,910000024461
910000012985,False,none,-1,
910000012986,False,none,-1,
910000012987,False,none,-1,
910000012988,False,none,-1,
910000012989,False,none,-1,
910000012990,False,none,-1,
910000012991,False,none,-1,
910000012992,False,none,-1,
910000012993,False,none,-1,
910000012994,False,none,-1,
910000012995,False,none,-1,
910000012996,False,none,-1,
910000012997,False,none,-1,
910000012998,False,none,-1,
910000012999,False,none,-1,
910000013000,False,none,-1,
910000013001,False,none,-1,
910000013002,False,none,-1,
910000013003,True,L3,55,910000001567
910000013004,False,none,-1,
910000013005,False,none,-1,
910000013006,False,none,-1,
910000013007,False,none,-1,
910000013008,False,none,-1,
910000013009,False,none,-1,
910000013010,False,none,-1,
910000013011,True,L3,31,910000017714
910000013012,False,none,-1,
910000013013,False,none,-1,
910000013014,False,none,-1,
910000013015,False,none,-1,
910000013016,False,none,-1,
910000013017,False,none,-1,
910000013018,False,none,-1,
910000013019,False,none,-1,
910000013020,True,L2,26,910000012293
910000013021,True,L2,85,910000000362
910000013022,False,none,-1,
910000013023,False,none,-1,
910000013024,False,none,-1,
910000013025,False,none,-1,
910000013026,False,none,-1,
910000013027,False,none,-1,
910000013028,False,none,-1,
910000013029,False,none,-1,
910000013030,False,none,-1,
910000013031,False,none,-1,
910000013032,False,none,-1,
910000013033,False,none,-1,
910000013034,False,none,-1,
910000013035,False,none,-1,
910000013036,True,L3,47,910000014570
910000013037,False,none,-1,
910000013038,False,none,-1,
910000013039,False,none,-1,
910000013040,False,none,-1,
910000013041,False,none,-1,
910000013042,False,none,-1,
910000013043,False,none,-1,
910000013044,False,none,-1,
910000013045,False,none,-1,
910000013046,False,none,-1,
910000013047,False,none,-1,
910000013048,False,none,-1,
910000013049,False,none,-1,
910000013050,False,none,-1,
910000013051,False,none,-1,
910000013052,False,none,-1,
910000013053,False,none,-1,
910000013054,False,none,-1,
910000013055,False,none,-1,
910000013056,False,none,-1,
910000013057,False,none,-1,
910000013058,False,none,-1,
910000013059,False,none,-1,
910000013060,False,none,-1,
910000013061,False,none,-1,
910000013062,True,L3,37,910000010112
910000013063,False,none,-1,
910000013064,False,none,-1,
910000013065,False,none,-1,
910000013066,False,none,-1,
910000013067,False,none,-1,
910000013068,False,none,-1,
910000013069,False,none,-1,
910000013070,False,none,-1,
910000013071,False,none,-1,
910000013072,False,none,-1,
910000013073,False,none,-1,
910000013074,True,L2,15,910000017309
910000013075,False,none,-1,
910000013076,False,none,-1,
910000013077,False,none,-1,
910000013078,False,none,-1,
910000013079,False,none,-1,
910000013080,False,none,-1,
910000013081,False,none,-1,
910000013082,False,none,-1,
910000013083,False,none,-1,
910000013084,True,L1,85,910000000362
910000013085,False,none,-1,
910000013086,False,none,-1,
910000013087,False,none,-1,
910000013088,False,none,-1,
910000013089,False,none,-1,
910000013090,False,none,-1,
910000013091,False,none,-1,
910000013092,False,none,-1,
910000013093,False,none,-1,
910000013094,False,none,-1,
910000013095,True,L3,79,910000008111
910000013096,False,none,-1,
910000013097,False,none,-1,
910000013098,False,none,-1,
910000013099,False,none,-1,
910000013100,False,none,-1,
910000013101,False,none,-1,
910000013102,False,none,-1,
910000013103,False,none,-1,
910000013104,False,none,-1,
910000013105,False,none,-1,
910000013106,False,none,-1,
910000013107,False,none,-1,
910000013108,False,none,-1,
910000013109,False,none,-1,
910000013110,False,none,-1,
910000013111,False,none,-1,
910000013112,False,none,-1,
910000013113,False,none,-1,
910000013114,False,none,-1,
910000013115,False,none,-1,
910000013116,True,L3,51,910000010225
910000013117,False,none,-1,
910000013118,False,none,-1,
910000013119,False,none,-1,
910000013120,False,none,-1,
910000013121,False,none,-1,
910000013122,False,none,-1,
910000013123,False,none,-1,
910000013124,False,none,-1,
910000013125,False,none,-1,
910000013126,False,none,-1,
910000013127,False,none,-1,
910000013128,False,none,-1,
910000013129,False,none,-1,
910000013130,False,none,-1,
910000013131,False,none,-1,
910000013132,False,none,-1,
910000013133,False,none,-1,
910000013134,False,none,-1,
910000013135,False,none,-1,
910000013136,False,none,-1,
910000013137,False,none,-1,
910000013138,False,none,-1,
910000013139,False,none,-1,
910000013140,False,none,-1,
910000013141,False,none,-1,
910000013142,False,none,-1,
910000013143,False,none,-1,
910000013144,False,none,-1,
910000013145,False,none,-1,
910000013146,False,none,-1,
910000013147,False,none,-1,
910000013148,False,none,-1,
910000013149,False,none,-1,
910000013150,False,none,-1,
910000013151,False,none,-1,
910000013152,False,none,-1,
910000013153,False,none,-1,
910000013154,False,none,-1,
910000013155,False,none,-1,
910000013156,False,none,-1,
910000013157,False,none,-1,
910000013158,False,none,-1,
910000013159,False,none,-1,
910000013160,False,none,-1,
910000013161,False,none,-1,
910000013162,False,none,-1,
910000013163,False,none,-1,
910000013164,False,none,-1,
910000013165,False,none,-1,
910000013166,False,none,-1,
910000013167,False,none,-1,
910000013168,False,none,-1,
910000013169,False,none,-1,
910000013170,True,L3,17,910000009375
910000013171,False,none,-1,
910000013172,False,none,-1,
910000013173,False,none,-1,
910000013174,True,L3,66,910000009406
910000013175,False,none,-1,
910000013176,False,none,-1,
910000013177,False,none,-1,
910000013178,False,none,-1,
910000013179,False,none,-1,
910000013180,False,none,-1,
910000013181,False,none,-1,
910000013182,False,none,-1,
910000013183,False,none,-1,
910000013184,False,none,-1,
910000013185,False,none,-1,
910000013186,False,none,-1,
910000013187,False,none,-1,
910000013188,False,none,-1,
910000013189,False,none,-1,
910000013190,False,none,-1,
910000013191,False,none,-1,
910000013192,True,L3,62,910000013403
910000013193,False,none,-1,
910000013194,False,none,-1,
910000013195,True,L2,51,910000010225
910000013196,False,none,-1,
910000013197,True,L2,82,910000003073
910000013198,True,L3,32,910000012163
910000013199,False,none,-1,
910000013200,True,L1,30,910000002311
910000013201,False,none,-1,
910000013202,False,none,-1,
910000013203,True,L2,84,910000003083
910000013204,False,none,-1,
910000013205,False,none,-1,
910000013206,False,none,-1,
910000013207,False,none,-1,
910000013208,True,L2,78,910000024868
910000013209,False,none,-1,
910000013210,False,none,-1,
910000013211,False,none,-1,
910000013212,False,none,-1,
910000013213,False,none,-1,
910000013214,False,none,-1,
910000013215,False,none,-1,
910000013216,False,none,-1,
910000013217,False,none,-1,
910000013218,False,none,-1,
910000013219,False,none,-1,
910000013220,False,none,-1,
910000013221,False,none,-1,
910000013222,False,none,-1,
910000013223,False,none,-1,
910000013224,False,none,-1,
910000013225,False,none,-1,
910000013226,False,none,-1,
910000013227,False,none,-1,
910000013228,False,none,-1,
910000013229,False,none,-1,
910000013230,False,none,-1,
910000013231,False,none,-1,
910000013232,False,none,-1,
910000013233,False,none,-1,
910000013234,False,none,-1,
910000013235,False,none,-1,
910000013236,False,none,-1,
910000013237,False,none,-1,
910000013238,False,none,-1,
910000013239,False,none,-1,
910000013240,False,none,-1,
910000013241,False,none,-1,
910000013242,False,none,-1,
910000013243,False,none,-1,
910000013244,True,L1,82,910000003073
910000013245,False,none,-1,
910000013246,False,none,-1,
910000013247,False,none,-1,
910000013248,False,none,-1,
910000013249,False,none,-1,
910000013250,False,none,-1,
910000013251,False,none,-1,
910000013252,False,none,-1,
910000013253,False,none,-1,
910000013254,False,none,-1,
910000013255,False,none,-1,
910000013256,False,none,-1,
910000013257,False,none,-1,
910000013258,False,none,-1,
910000013259,False,none,-1,
910000013260,False,none,-1,
910000013261,False,none,-1,
910000013262,False,none,-1,
910000013263,False,none,-1,
910000013264,False,none,-1,
910000013265,False,none,-1,
910000013266,False,none,-1,
910000013267,False,none,-1,
910000013268,False,none,-1,
910000013269,False,none,-1,
910000013270,False,none,-1,
910000013271,False,none,-1,
910000013272,False,none,-1,
910000013273,False,none,-1,
910000013274,False,none,-1,
910000013275,False,none,-1,
910000013276,False,none,-1,
910000013277,False,none,-1,
910000013278,False,none,-1,
910000013279,False,none,-1,
910000013280,False,none,-1,
910000013281,False,none,-1,
910000013282,False,none,-1,
910000013283,False,none,-1,
910000013284,False,none,-1,
910000013285,False,none,-1,
910000013286,False,none,-1,
910000013287,False,none,-1,
910000013288,True,L2,24,910000015900
910000013289,False,none,-1,
910000013290,False,none,-1,
910000013291,False,none,-1,
910000013292,False,none,-1,
910000013293,False,none,-1,
910000013294,False,none,-1,
910000013295,False,none,-1,
910000013296,False,none,-1,
910000013297,False,none,-1,
910000013298,False,none,-1,
910000013299,False,none,-1,
910000013300,False,none,-1,
910000013301,False,none,-1,
910000013302,False,none,-1,
910000013303,False,none,-1,
910000013304,False,none,-1,
910000013305,False,none,-1,
910000013306,False,none,-1,
910000013307,False,none,-1,
910000013308,False,none,-1,
910000013309,False,none,-1,
910000013310,False,none,-1,
910000013311,False,none,-1,
910000013312,False,none,-1,
910000013313,False,none,-1,
910000013314,False,none,-1,
910000013315,False,none,-1,
910000013316,False,none,-1,
910000013317,False,none,-1,
910000013318,False,none,-1,
910000013319,False,none,-1,
910000013320,False,none,-1,
910000013321,False,none,-1,
910000013322,False,none,-1,
910000013323,False,none,-1,
910000013324,False,none,-1,
910000013325,False,none,-1,
910000013326,False,none,-1,
910000013327,False,none,-1,
910000013328,False,none,-1,
910000013329,False,none,-1,
910000013330,False,none,-1,
910000013331,False,none,-1,
910000013332,False,none,-1,
910000013333,False,none,-1,
910000013334,False,none,-1,
910000013335,False,none,-1,
910000013336,False,none,-1,
910000013337,False,none,-1,
910000013338,True,L2,87,910000024461
910000013339,True,L3,6,910000011918
910000013340,False,none,-1,
910000013341,True,L1,58,910000016011
910000013342,False,none,-1,
910000013343,False,none,-1,
910000013344,False,none,-1,
910000013345,False,none,-1,
910000013346,False,none,-1,
910000013347,False,none,-1,
910000013348,False,none,-1,
910000013349,False,none,-1,
910000013350,False,none,-1,
910000013351,False,none,-1,
910000013352,True,L1,91,910000015936
910000013353,False,none,-1,
910000013354,False,none,-1,
910000013355,False,none,-1,
910000013356,False,none,-1,
910000013357,False,none,-1,
910000013358,False,none,-1,
910000013359,False,none,-1,
910000013360,False,none,-1,
910000013361,False,none,-1,
910000013362,True,L1,1,910000024661
910000013363,False,none,-1,
910000013364,False,none,-1,
910000013365,False,none,-1,
910000013366,True,L3,17,910000009375
910000013367,False,none,-1,
910000013368,False,none,-1,
910000013369,False,none,-1,
910000013370,False,none,-1,
910000013371,False,none,-1,
910000013372,False,none,-1,
910000013373,False,none,-1,
910000013374,False,none,-1,
910000013375,False,none,-1,
910000013376,False,none,-1,
910000013377,False,none,-1,
910000013378,False,none,-1,
910000013379,False,none,-1,
910000013380,False,none,-1,
910000013381,False,none,-1,
910000013382,False,none,-1,
910000013383,False,none,-1,
910000013384,False,none,-1,
910000013385,True,L3,98,910000006246
910000013386,False,none,-1,
910000013387,False,none,-1,
910000013388,False,none,-1,
910000013389,False,none,-1,
910000013390,False,none,-1,
910000013391,False,none,-1,
910000013392,False,none,-1,
910000013393,False,none,-1,
910000013394,False,none,-1,
910000013395,False,none,-1,
910000013396,False,none,-1,
910000013397,False,none,-1,
910000013398,False,none,-1,
910000013399,False,none,-1,
910000013400,False,none,-1,
910000013401,False,none,-1,
910000013402,False,none,-1,
910000013403,False,none,-1,
910000013404,False,none,-1,
910000013405,False,none,-1,
910000013406,False,none,-1,
910000013407,False,none,-1,
910000013408,False,none,-1,
910000013409,False,none,-1,
910000013410,False,none,-1,
910000013411,False,none,-1,
910000013412,False,none,-1,
910000013413,False,none,-1,
910000013414,False,none,-1,
910000013415,False,none,-1,
910000013416,False,none,-1,
910000013417,False,none,-1,
910000013418,False,none,-1,
910000013419,False,none,-1,
910000013420,False,none,-1,
910000013421,False,none,-1,
910000013422,True,L2,45,910000024669
910000013423,False,none,-1,
910000013424,False,none,-1,
910000013425,False,none,-1,
910000013426,False,none,-1,
910000013427,False,none,-1,
910000013428,False,none,-1,
910000013429,False,none,-1,
910000013430,False,none,-1,
910000013431,False,none,-1,
910000013432,False,none,-1,
910000013433,False,none,-1,
910000013434,False,none,-1,
910000013435,False,none,-1,
910000013436,False,none,-1,
910000013437,False,none,-1,
910000013438,False,none,-1,
910000013439,False,none,-1,
910000013440,False,none,-1,
910000013441,False,none,-1,
910000013442,False,none,-1,
910000013443,False,none,-1,
910000013444,False,none,-1,
910000013445,False,none,-1,
910000013446,False,none,-1,
910000013447,False,none,-1,
910000013448,False,none,-1,
910000013449,False,none,-1,
910000013450,False,none,-1,
910000013451,False,none,-1,
910000013452,False,none,-1,
910000013453,False,none,-1,
910000013454,False,none,-1,
910000013455,False,none,-1,
910000013456,False,none,-1,
910000013457,False,none,-1,
910000013458,False,none,-1,
910000013459,False,none,-1,
910000013460,False,none,-1,
910000013461,False,none,-1,
910000013462,False,none,-1,
910000013463,False,none,-1,
910000013464,False,none,-1,
910000013465,False,none,-1,
910000013466,False,none,-1,
910000013467,False,none,-1,
910000013468,False,none,-1,
910000013469,False,none,-1,
910000013470,False,none,-1,
910000013471,False,none,-1,
910000013472,False,none,-1,
910000013473,False,none,-1,
910000013474,False,none,-1,
910000013475,False,none,-1,
910000013476,False,none,-1,
910000013477,False,none,-1,
910000013478,False,none,-1,
910000013479,False,none,-1,
910000013480,False,none,-1,
910000013481,False,none,-1,
910000013482,False,none,-1,
910000013483,False,none,-1,
910000013484,False,none,-1,
910000013485,False,none,-1,
910000013486,True,L3,90,910000002815
910000013487,False,none,-1,
910000013488,False,none,-1,
910000013489,False,none,-1,
910000013490,False,none,-1,
910000013491,False,none,-1,
910000013492,False,none,-1,
910000013493,False,none,-1,
910000013494,False,none,-1,
910000013495,False,none,-1,
910000013496,False,none,-1,
910000013497,False,none,-1,
910000013498,False,none,-1,
910000013499,False,none,-1,
910000013500,False,none,-1,
910000013501,False,none,-1,
910000013502,False,none,-1,
910000013503,False,none,-1,
910000013504,False,none,-1,
910000013505,False,none,-1,
910000013506,False,none,-1,
910000013507,False,none,-1,
910000013508,False,none,-1,
910000013509,False,none,-1,
910000013510,False,none,-1,
910000013511,False,none,-1,
910000013512,False,none,-1,
910000013513,False,none,-1,
910000013514,False,none,-1,
910000013515,True,L3,13,910000002736
910000013516,False,none,-1,
910000013517,False,none,-1,
910000013518,False,none,-1,
910000013519,False,none,-1,
910000013520,False,none,-1,
910000013521,False,none,-1,
910000013522,False,none,-1,
910000013523,False,none,-1,
910000013524,False,none,-1,
910000013525,False,none,-1,
910000013526,True,L2,73,910000008345
910000013527,False,none,-1,
910000013528,False,none,-1,
910000013529,False,none,-1,
910000013530,True,L2,52,910000023417
910000013531,False,none,-1,
910000013532,False,none,-1,
910000013533,False,none,-1,
910000013534,False,none,-1,
910000013535,False,none,-1,
910000013536,False,none,-1,
910000013537,False,none,-1,
910000013538,False,none,-1,
910000013539,True,L1,84,910000003083
910000013540,False,none,-1,
910000013541,False,none,-1,
910000013542,False,none,-1,
910000013543,False,none,-1,
910000013544,False,none,-1,
910000013545,False,none,-1,
910000013546,False,none,-1,
910000013547,False,none,-1,
910000013548,False,none,-1,
910000013549,True,L2,71,910000012327
910000013550,False,none,-1,
910000013551,False,none,-1,
910000013552,False,none,-1,
910000013553,True,L3,80,910000022510
910000013554,True,L2,10,910000002246
910000013555,False,none,-1,
910000013556,True,L2,80,910000022510
910000013557,False,none,-1,
910000013558,False,none,-1,
910000013559,False,none,-1,
910000013560,False,none,-1,
910000013561,False,none,-1,
910000013562,False,none,-1,
910000013563,False,none,-1,
910000013564,False,none,-1,
910000013565,False,none,-1,
910000013566,False,none,-1,
910000013567,False,none,-1,
910000013568,False,none,-1,
910000013569,False,none,-1,
910000013570,False,none,-1,
910000013571,True,L3,2,910000017935
910000013572,False,none,-1,
910000013573,False,none,-1,
910000013574,False,none,-1,
910000013575,False,none,-1,
910000013576,False,none,-1,
910000013577,False,none,-1,
910000013578,False,none,-1,
910000013579,False,none,-1,
910000013580,False,none,-1,
910000013581,False,none,-1,
910000013582,False,none,-1,
910000013583,False,none,-1,
910000013584,False,none,-1,
910000013585,False,none,-1,
910000013586,False,none,-1,
910000013587,False,none,-1,
910000013588,False,none,-1,
910000013589,False,none,-1,
910000013590,False,none,-1,
910000013591,False,none,-1,
910000013592,False,none,-1,
910000013593,False,none,-1,
910000013594,False,none,-1,
910000013595,False,none,-1,
910000013596,False,none,-1,
910000013597,False,none,-1,
910000013598,False,none,-1,
910000013599,False,none,-1,
910000013600,False,none,-1,
910000013601,False,none,-1,
910000013602,False,none,-1,
910000013603,False,none,-1,
910000013604,False,none,-1,
910000013605,False,none,-1,
910000013606,False,none,-1,
910000013607,False,none,-1,
910000013608,False,none,-1,
910000013609,False,none,-1,
910000013610,True,L2,8,910000006300
910000013611,False,none,-1,
910000013612,False,none,-1,
910000013613,False,none,-1,
910000013614,False,none,-1,
910000013615,False,none,-1,
910000013616,False,none,-1,
910000013617,False,none,-1,
910000013618,False,none,-1,
910000013619,False,none,-1,
910000013620,False,none,-1,
910000013621,True,L3,11,910000010364
910000013622,False,none,-1,
910000013623,False,none,-1,
910000013624,False,none,-1,
910000013625,False,none,-1,
910000013626,False,none,-1,
910000013627,False,none,-1,
910000013628,False,none,-1,
910000013629,False,none,-1,
910000013630,False,none,-1,
910000013631,False,none,-1,
910000013632,False,none,-1,
910000013633,False,none,-1,
910000013634,False,none,-1,
910000013635,False,none,-1,
910000013636,False,none,-1,
910000013637,False,none,-1,
910000013638,False,none,-1,
910000013639,False,none,-1,
910000013640,False,none,-1,
910000013641,True,L2,0,910000024789
910000013642,False,none,-1,
910000013643,False,none,-1,
910000013644,False,none,-1,
910000013645,False,none,-1,
910000013646,False,none,-1,
910000013647,True,L3,95,910000000158
910000013648,False,none,-1,
910000013649,False,none,-1,
910000013650,True,L2,42,910000012324
910000013651,False,none,-1,
910000013652,False,none,-1,
910000013653,False,none,-1,
910000013654,False,none,-1,
910000013655,False,none,-1,
910000013656,False,none,-1,
910000013657,False,none,-1,
910000013658,False,none,-1,
910000013659,False,none,-1,
910000013660,False,none,-1,
910000013661,False,none,-1,
910000013662,False,none,-1,
910000013663,False,none,-1,
910000013664,False,none,-1,
910000013665,False,none,-1,
910000013666,False,none,-1,
910000013667,False,none,-1,
910000013668,False,none,-1,
910000013669,False,none,-1,
910000013670,False,none,-1,
910000013671,False,none,-1,
910000013672,False,none,-1,
910000013673,False,none,-1,
910000013674,False,none,-1,
910000013675,False,none,-1,
910000013676,False,none,-1,
910000013677,False,none,-1,
910000013678,False,none,-1,
910000013679,False,none,-1,
910000013680,False,none,-1,
910000013681,False,none,-1,
910000013682,False,none,-1,
910000013683,False,none,-1,
910000013684,False,none,-1,
910000013685,False,none,-1,
910000013686,False,none,-1,
910000013687,False,none,-1,
910000013688,False,none,-1,
910000013689,False,none,-1,
910000013690,False,none,-1,
910000013691,False,none,-1,
910000013692,False,none,-1,
910000013693,False,none,-1,
910000013694,False,none,-1,
910000013695,False,none,-1,
910000013696,False,none,-1,
910000013697,False,none,-1,
910000013698,False,none,-1,
910000013699,False,none,-1,
910000013700,False,none,-1,
910000013701,False,none,-1,
910000013702,False,none,-1,
910000013703,False,none,-1,
910000013704,False,none,-1,
910000013705,False,none,-1,
910000013706,False,none,-1,
910000013707,False,none,-1,
910000013708,False,none,-1,
910000013709,False,none,-1,
910000013710,False,none,-1,
910000013711,False,none,-1,
910000013712,False,none,-1,
910000013713,False,none,-1,
910000013714,False,none,-1,
910000013715,False,none,-1,
910000013716,False,none,-1,
910000013717,False,none,-1,
910000013718,False,none,-1,
910000013719,False,none,-1,
910000013720,False,none,-1,
910000013721,False,none,-1,
910000013722,False,none,-1,
910000013723,False,none,-1,
910000013724,False,none,-1,
910000013725,False,none,-1,
910000013726,False,none,-1,
910000013727,False,none,-1,
910000013728,False,none,-1,
910000013729,False,none,-1,
910000013730,False,none,-1,
910000013731,True,L2,92,910000021432
910000013732,False,none,-1,
910000013733,False,none,-1,
910000013734,False,none,-1,
910000013735,False,none,-1,
910000013736,False,none,-1,
910000013737,False,none,-1,
910000013738,False,none,-1,
910000013739,False,none,-1,
910000013740,False,none,-1,
910000013741,False,none,-1,
910000013742,False,none,-1,
910000013743,False,none,-1,
910000013744,False,none,-1,
910000013745,False,none,-1,
910000013746,False,none,-1,
910000013747,False,none,-1,
910000013748,False,none,-1,
910000013749,False,none,-1,
910000013750,False,none,-1,
910000013751,False,none,-1,
910000013752,False,none,-1,
910000013753,False,none,-1,
910000013754,False,none,-1,
910000013755,False,none,-1,
910000013756,False,none,-1,
910000013757,False,none,-1,
910000013758,False,none,-1,
910000013759,True,L3,16,910000008831
910000013760,False,none,-1,
910000013761,False,none,-1,
910000013762,False,none,-1,
910000013763,False,none,-1,
910000013764,False,none,-1,
910000013765,False,none,-1,
910000013766,False,none,-1,
910000013767,False,none,-1,
910000013768,False,none,-1,
910000013769,False,none,-1,
910000013770,False,none,-1,
910000013771,False,none,-1,
910000013772,True,L2,97,910000017134
910000013773,False,none,-1,
910000013774,False,none,-1,
910000013775,False,none,-1,
910000013776,False,none,-1,
910000013777,False,none,-1,
910000013778,False,none,-1,
910000013779,False,none,-1,
910000013780,False,none,-1,
910000013781,False,none,-1,
910000013782,False,none,-1,
910000013783,False,none,-1,
910000013784,False,none,-1,
910000013785,False,none,-1,
910000013786,False,none,-1,
910000013787,False,none,-1,
910000013788,False,none,-1,
910000013789,True,L3,72,910000017637
910000013790,False,none,-1,
910000013791,False,none,-1,
910000013792,False,none,-1,
910000013793,False,none,-1,
910000013794,False,none,-1,
910000013795,False,none,-1,
910000013796,False,none,-1,
910000013797,False,none,-1,
910000013798,False,none,-1,
910000013799,False,none,-1,
910000013800,False,none,-1,
910000013801,False,none,-1,
910000013802,False,none,-1,
910000013803,False,none,-1,
910000013804,False,none,-1,
910000013805,False,none,-1,
910000013806,False,none,-1,
910000013807,False,none,-1,
910000013808,False,none,-1,
910000013809,False,none,-1,
910000013810,False,none,-1,
910000013811,False,none,-1,
910000013812,False,none,-1,
910000013813,True,L2,89,910000024063
910000013814,False,none,-1,
910000013815,False,none,-1,
910000013816,False,none,-1,
910000013817,False,none,-1,
910000013818,False,none,-1,
910000013819,False,none,-1,
910000013820,False,none,-1,
910000013821,False,none,-1,
910000013822,False,none,-1,
910000013823,False,none,-1,
910000013824,False,none,-1,
910000013825,False,none,-1,
910000013826,False,none,-1,
910000013827,False,none,-1,
910000013828,False,none,-1,
910000013829,False,none,-1,
910000013830,False,none,-1,
910000013831,False,none,-1,
910000013832,False,none,-1,
910000013833,False,none,-1,
910000013834,False,none,-1,
910000013835,False,none,-1,
910000013836,False,none,-1,
910000013837,True,L3,13,910000002736
910000013838,False,none,-1,
910000013839,True,L3,24,910000015900
910000013840,False,none,-1,
910000013841,False,none,-1,
910000013842,False,none,-1,
910000013843,False,none,-1,
910000013844,False,none,-1,
910000013845,False,none,-1,
910000013846,False,none,-1,
910000013847,False,none,-1,
910000013848,False,none,-1,
910000013849,False,none,-1,
910000013850,False,none,-1,
910000013851,False,none,-1,
910000013852,False,none,-1,
910000013853,False,none,-1,
910000013854,False,none,-1,
910000013855,False,none,-1,
910000013856,False,none,-1,
910000013857,False,none,-1,
910000013858,False,none,-1,
910000013859,False,none,-1,
910000013860,False,none,-1,
910000013861,False,none,-1,
910000013862,False,none,-1,
910000013863,False,none,-1,
910000013864,False,none,-1,
910000013865,False,none,-1,
910000013866,False,none,-1,
910000013867,False,none,-1,
910000013868,False,none,-1,
910000013869,False,none,-1,
910000013870,False,none,-1,
910000013871,False,none,-1,
910000013872,False,none,-1,
910000013873,False,none,-1,
910000013874,False,none,-1,
910000013875,False,none,-1,
910000013876,False,none,-1,
910000013877,False,none,-1,
910000013878,False,none,-1,
910000013879,False,none,-1,
910000013880,False,none,-1,
910000013881,False,none,-1,
910000013882,False,none,-1,
910000013883,False,none,-1,
910000013884,False,none,-1,
910000013885,False,none,-1,
910000013886,False,none,-1,
910000013887,False,none,-1,
910000013888,False,none,-1,
910000013889,False,none,-1,
910000013890,False,none,-1,
910000013891,False,none,-1,
910000013892,False,none,-1,
910000013893,False,none,-1,
910000013894,False,none,-1,
910000013895,False,none,-1,
910000013896,False,none,-1,
910000013897,False,none,-1,
910000013898,False,none,-1,
910000013899,False,none,-1,
910000013900,False,none,-1,
910000013901,False,none,-1,
910000013902,False,none,-1,
910000013903,False,none,-1,
910000013904,False,none,-1,
910000013905,False,none,-1,
910000013906,True,L1,65,910000010732
910000013907,False,none,-1,
910000013908,False,none,-1,
910000013909,False,none,-1,
910000013910,False,none,-1,
910000013911,False,none,-1,
910000013912,False,none,-1,
910000013913,False,none,-1,
910000013914,False,none,-1,
910000013915,False,none,-1,
910000013916,False,none,-1,
910000013917,False,none,-1,
910000013918,False,none,-1,
910000013919,False,none,-1,
910000013920,False,none,-1,
910000013921,False,none,-1,
910000013922,False,none,-1,
910000013923,False,none,-1,
910000013924,False,none,-1,
910000013925,False,none,-1,
910000013926,False,none,-1,
910000013927,False,none,-1,
910000013928,False,none,-1,
910000013929,False,none,-1,
910000013930,False,none,-1,
910000013931,False,none,-1,
910000013932,False,none,-1,
910000013933,False,none,-1,
910000013934,True,L1,73,910000008345
910000013935,False,none,-1,
910000013936,False,none,-1,
910000013937,False,none,-1,
910000013938,False,none,-1,
910000013939,False,none,-1,
910000013940,False,none,-1,
910000013941,False,none,-1,
910000013942,False,none,-1,
910000013943,False,none,-1,
910000013944,False,none,-1,
910000013945,False,none,-1,
910000013946,False,none,-1,
910000013947,False,none,-1,
910000013948,False,none,-1,
910000013949,False,none,-1,
910000013950,False,none,-1,
910000013951,False,none,-1,
910000013952,False,none,-1,
910000013953,True,L2,6,910000011918
910000013954,False,none,-1,
910000013955,False,none,-1,
910000013956,False,none,-1,
910000013957,False,none,-1,
910000013958,False,none,-1,
910000013959,True,L2,32,910000012163
910000013960,False,none,-1,
910000013961,False,none,-1,
910000013962,False,none,-1,
910000013963,False,none,-1,
910000013964,False,none,-1,
910000013965,False,none,-1,
910000013966,False,none,-1,
910000013967,False,none,-1,
910000013968,False,none,-1,
910000013969,False,none,-1,
910000013970,False,none,-1,
910000013971,False,none,-1,
910000013972,False,none,-1,
910000013973,False,none,-1,
910000013974,False,none,-1,
910000013975,False,none,-1,
910000013976,False,none,-1,
910000013977,False,none,-1,
910000013978,True,L2,11,910000010364
910000013979,True,L1,23,910000006128
910000013980,False,none,-1,
910000013981,False,none,-1,
910000013982,False,none,-1,
910000013983,False,none,-1,
910000013984,False,none,-1,
910000013985,False,none,-1,
910000013986,False,none,-1,
910000013987,False,none,-1,
910000013988,False,none,-1,
910000013989,False,none,-1,
910000013990,False,none,-1,
910000013991,False,none,-1,
910000013992,False,none,-1,
910000013993,False,none,-1,
910000013994,False,none,-1,
910000013995,False,none,-1,
910000013996,True,L2,26,910000012293
910000013997,False,none,-1,
910000013998,False,none,-1,
910000013999,False,none,-1,
910000014000,False,none,-1,
910000014001,False,none,-1,
910000014002,False,none,-1,
910000014003,False,none,-1,
910000014004,False,none,-1,
910000014005,True,L1,83,910000004010
910000014006,False,none,-1,
910000014007,False,none,-1,
910000014008,False,none,-1,
910000014009,False,none,-1,
910000014010,False,none,-1,
910000014011,False,none,-1,
910000014012,False,none,-1,
910000014013,False,none,-1,
910000014014,False,none,-1,
910000014015,False,none,-1,
910000014016,False,none,-1,
910000014017,False,none,-1,
910000014018,False,none,-1,
910000014019,True,L2,0,910000024789
910000014020,False,none,-1,
910000014021,False,none,-1,
910000014022,False,none,-1,
910000014023,False,none,-1,
910000014024,False,none,-1,
910000014025,False,none,-1,
910000014026,False,none,-1,
910000014027,False,none,-1,
910000014028,False,none,-1,
910000014029,False,none,-1,
910000014030,False,none,-1,
910000014031,False,none,-1,
910000014032,False,none,-1,
910000014033,False,none,-1,
910000014034,False,none,-1,
910000014035,False,none,-1,
910000014036,False,none,-1,
910000014037,False,none,-1,
910000014038,False,none,-1,
910000014039,False,none,-1,
910000014040,False,none,-1,
910000014041,False,none,-1,
910000014042,False,none,-1,
910000014043,False,none,-1,
910000014044,False,none,-1,
910000014045,False,none,-1,
910000014046,True,L3,58,910000016011
910000014047,False,none,-1,
910000014048,False,none,-1,
910000014049,False,none,-1,
910000014050,False,none,-1,
910000014051,False,none,-1,
910000014052,False,none,-1,
910000014053,False,none,-1,
910000014054,False,none,-1,
910000014055,False,none,-1,
910000014056,False,none,-1,
910000014057,False,none,-1,
910000014058,False,none,-1,
910000014059,False,none,-1,
910000014060,False,none,-1,
910000014061,False,none,-1,
910000014062,False,none,-1,
910000014063,False,none,-1,
910000014064,True,L2,70,910000003386
910000014065,False,none,-1,
910000014066,False,none,-1,
910000014067,False,none,-1,
910000014068,False,none,-1,
910000014069,False,none,-1,
910000014070,False,none,-1,
910000014071,True,L3,86,910000022980
910000014072,False,none,-1,
910000014073,False,none,-1,
910000014074,False,none,-1,
910000014075,False,none,-1,
910000014076,False,none,-1,
910000014077,False,none,-1,
910000014078,False,none,-1,
910000014079,False,none,-1,
910000014080,False,none,-1,
910000014081,False,none,-1,
910000014082,False,none,-1,
910000014083,False,none,-1,
910000014084,False,none,-1,
910000014085,False,none,-1,
910000014086,False,none,-1,
910000014087,False,none,-1,
910000014088,False,none,-1,
910000014089,False,none,-1,
910000014090,False,none,-1,
910000014091,False,none,-1,
910000014092,False,none,-1,
910000014093,True,L2,4,910000018706
910000014094,False,none,-1,
910000014095,False,none,-1,
910000014096,False,none,-1,
910000014097,False,none,-1,
910000014098,False,none,-1,
910000014099,False,none,-1,
910000014100,False,none,-1,
910000014101,True,L3,59,910000017341
910000014102,False,none,-1,
910000014103,False,none,-1,
910000014104,False,none,-1,
910000014105,False,none,-1,
910000014106,False,none,-1,
910000014107,False,none,-1,
910000014108,False,none,-1,
910000014109,False,none,-1,
910000014110,False,none,-1,
910000014111,False,none,-1,
910000014112,False,none,-1,
910000014113,False,none,-1,
910000014114,False,none,-1,
910000014115,False,none,-1,
910000014116,False,none,-1,
910000014117,False,none,-1,
910000014118,False,none,-1,
910000014119,False,none,-1,
910000014120,False,none,-1,
910000014121,False,none,-1,
910000014122,False,none,-1,
910000014123,False,none,-1,
910000014124,False,none,-1,
910000014125,False,none,-1,
910000014126,False,none,-1,
910000014127,False,none,-1,
910000014128,False,none,-1,
910000014129,False,none,-1,
910000014130,False,none,-1,
910000014131,False,none,-1,
910000014132,False,none,-1,
910000014133,False,none,-1,
910000014134,False,none,-1,
910000014135,False,none,-1,
910000014136,False,none,-1,
910000014137,False,none,-1,
910000014138,False,none,-1,
910000014139,False,none,-1,
910000014140,False,none,-1,
910000014141,False,none,-1,
910000014142,False,none,-1,
910000014143,False,none,-1,
910000014144,False,none,-1,
910000014145,False,none,-1,
910000014146,False,none,-1,
910000014147,False,none,-1,
910000014148,False,none,-1,
910000014149,False,none,-1,
910000014150,False,none,-1,
910000014151,False,none,-1,
910000014152,False,none,-1,
910000014153,False,none,-1,
910000014154,False,none,-1,
910000014155,False,none,-1,
910000014156,False,none,-1,
910000014157,False,none,-1,
910000014158,False,none,-1,
910000014159,False,none,-1,
910000014160,False,none,-1,
910000014161,False,none,-1,
910000014162,False,none,-1,
910000014163,False,none,-1,
910000014164,False,none,-1,
910000014165,False,none,-1,
910000014166,False,none,-1,
910000014167,False,none,-1,
910000014168,False,none,-1,
910000014169,False,none,-1,
910000014170,False,none,-1,
910000014171,False,none,-1,
910000014172,False,none,-1,
910000014173,False,none,-1,
910000014174,False,none,-1,
910000014175,False,none,-1,
910000014176,False,none,-1,
910000014177,False,none,-1,
910000014178,False,none,-1,
910000014179,False,none,-1,
910000014180,False,none,-1,
910000014181,False,none,-1,
910000014182,False,none,-1,
910000014183,False,none,-1,
910000014184,False,none,-1,
910000014185,False,none,-1,
910000014186,False,none,-1,
910000014187,False,none,-1,
910000014188,False,none,-1,
910000014189,False,none,-1,
910000014190,False,none,-1,
910000014191,False,none,-1,
910000014192,False,none,-1,
910000014193,True,L2,58,910000016011
910000014194,False,none,-1,
910000014195,False,none,-1,
910000014196,False,none,-1,
910000014197,False,none,-1,
910000014198,False,none,-1,
910000014199,False,none,-1,
910000014200,False,none,-1,
910000014201,False,none,-1,
910000014202,False,none,-1,
910000014203,False,none,-1,
910000014204,False,none,-1,
910000014205,True,L1,92,910000021432
910000014206,False,none,-1,
910000014207,False,none,-1,
910000014208,False,none,-1,
910000014209,False,none,-1,
910000014210,False,none,-1,
910000014211,False,none,-1,
910000014212,False,none,-1,
910000014213,False,none,-1,
910000014214,False,none,-1,
910000014215,True,L3,37,910000010112
910000014216,False,none,-1,
910000014217,False,none,-1,
910000014218,False,none,-1,
910000014219,False,none,-1,
910000014220,False,none,-1,
910000014221,False,none,-1,
910000014222,False,none,-1,
910000014223,True,L2,69,910000006862
910000014224,False,none,-1,
910000014225,False,none,-1,
910000014226,False,none,-1,
910000014227,False,none,-1,
910000014228,False,none,-1,
910000014229,True,L1,34,910000007044
910000014230,True,L3,95,910000000158
910000014231,False,none,-1,
910000014232,False,none,-1,
910000014233,False,none,-1,
910000014234,False,none,-1,
910000014235,False,none,-1,
910000014236,False,none,-1,
910000014237,False,none,-1,
910000014238,False,none,-1,
910000014239,False,none,-1,
910000014240,False,none,-1,
910000014241,False,none,-1,
910000014242,False,none,-1,
910000014243,False,none,-1,
910000014244,False,none,-1,
910000014245,False,none,-1,
910000014246,False,none,-1,
910000014247,False,none,-1,
910000014248,False,none,-1,
910000014249,False,none,-1,
910000014250,False,none,-1,
910000014251,False,none,-1,
910000014252,False,none,-1,
910000014253,False,none,-1,
910000014254,True,L2,90,910000002815
910000014255,False,none,-1,
910000014256,False,none,-1,
910000014257,False,none,-1,
910000014258,False,none,-1,
910000014259,False,none,-1,
910000014260,False,none,-1,
910000014261,False,none,-1,
910000014262,False,none,-1,
910000014263,False,none,-1,
910000014264,False,none,-1,
910000014265,True,L2,31,910000017714
910000014266,False,none,-1,
910000014267,False,none,-1,
910000014268,False,none,-1,
910000014269,False,none,-1,
910000014270,False,none,-1,
910000014271,False,none,-1,
910000014272,False,none,-1,
910000014273,True,L3,53,910000006860
910000014274,False,none,-1,
910000014275,False,none,-1,
910000014276,False,none,-1,
910000014277,False,none,-1,
910000014278,False,none,-1,
910000014279,False,none,-1,
910000014280,True,L3,12,910000020672
910000014281,False,none,-1,
910000014282,False,none,-1,
910000014283,False,none,-1,
910000014284,False,none,-1,
910000014285,False,none,-1,
910000014286,False,none,-1,
910000014287,False,none,-1,
910000014288,False,none,-1,
910000014289,False,none,-1,
910000014290,False,none,-1,
910000014291,False,none,-1,
910000014292,False,none,-1,
910000014293,False,none,-1,
910000014294,False,none,-1,
910000014295,False,none,-1,
910000014296,False,none,-1,
910000014297,False,none,-1,
910000014298,False,none,-1,
910000014299,False,none,-1,
910000014300,False,none,-1,
910000014301,False,none,-1,
910000014302,False,none,-1,
910000014303,False,none,-1,
910000014304,False,none,-1,
910000014305,False,none,-1,
910000014306,False,none,-1,
910000014307,False,none,-1,
910000014308,False,none,-1,
910000014309,False,none,-1,
910000014310,False,none,-1,
910000014311,False,none,-1,
910000014312,False,none,-1,
910000014313,False,none,-1,
910000014314,False,none,-1,
910000014315,False,none,-1,
910000014316,False,none,-1,
910000014317,False,none,-1,
910000014318,False,none,-1,
910000014319,False,none,-1,
910000014320,False,none,-1,
910000014321,False,none,-1,
910000014322,False,none,-1,
910000014323,False,none,-1,
910000014324,False,none,-1,
910000014325,False,none,-1,
910000014326,False,none,-1,
910000014327,False,none,-1,
910000014328,False,none,-1,
910000014329,False,none,-1,
910000014330,True,L3,46,910000001459
910000014331,False,none,-1,
910000014332,False,none,-1,
910000014333,True,L2,50,910000021944
910000014334,False,none,-1,
910000014335,False,none,-1,
910000014336,False,none,-1,
910000014337,False,none,-1,
910000014338,True,L1,2,910000017935
910000014339,False,none,-1,
910000014340,False,none,-1,
910000014341,False,none,-1,
910000014342,False,none,-1,
910000014343,False,none,-1,
910000014344,False,none,-1,
910000014345,False,none,-1,
910000014346,False,none,-1,
910000014347,False,none,-1,
910000014348,False,none,-1,
910000014349,False,none,-1,
910000014350,False,none,-1,
910000014351,False,none,-1,
910000014352,False,none,-1,
910000014353,False,none,-1,
910000014354,False,none,-1,
910000014355,True,L3,3,910000005391
910000014356,False,none,-1,
910000014357,False,none,-1,
910000014358,False,none,-1,
910000014359,False,none,-1,
910000014360,True,L2,54,910000005950
910000014361,False,none,-1,
910000014362,False,none,-1,
910000014363,False,none,-1,
910000014364,False,none,-1,
910000014365,False,none,-1,
910000014366,False,none,-1,
910000014367,False,none,-1,
910000014368,False,none,-1,
910000014369,False,none,-1,
910000014370,False,none,-1,
910000014371,False,none,-1,
910000014372,False,none,-1,
910000014373,False,none,-1,
910000014374,False,none,-1,
910000014375,False,none,-1,
910000014376,False,none,-1,
910000014377,False,none,-1,
910000014378,False,none,-1,
910000014379,True,L3,9,910000016343
910000014380,False,none,-1,
910000014381,False,none,-1,
910000014382,False,none,-1,
910000014383,False,none,-1,
910000014384,False,none,-1,
910000014385,False,none,-1,
910000014386,False,none,-1,
910000014387,False,none,-1,
910000014388,False,none,-1,
910000014389,False,none,-1,
910000014390,False,none,-1,
910000014391,False,none,-1,
910000014392,False,none,-1,
910000014393,False,none,-1,
910000014394,False,none,-1,
910000014395,False,none,-1,
910000014396,False,none,-1,
910000014397,False,none,-1,
910000014398,False,none,-1,
910000014399,False,none,-1,
910000014400,False,none,-1,
910000014401,False,none,-1,
910000014402,False,none,-1,
910000014403,False,none,-1,
910000014404,False,none,-1,
910000014405,False,none,-1,
910000014406,False,none,-1,
910000014407,False,none,-1,
910000014408,False,none,-1,
910000014409,False,none,-1,
910000014410,False,none,-1,
910000014411,False,none,-1,
910000014412,False,none,-1,
910000014413,False,none,-1,
910000014414,False,none,-1,
910000014415,False,none,-1,
910000014416,True,L3,7,910000021465
910000014417,False,none,-1,
910000014418,True,L1,18,910000003772
910000014419,False,none,-1,
910000014420,False,none,-1,
910000014421,False,none,-1,
910000014422,False,none,-1,
910000014423,False,none,-1,
910000014424,False,none,-1,
910000014425,False,none,-1,
910000014426,False,none,-1,
910000014427,False,none,-1,
910000014428,False,none,-1,
910000014429,False,none,-1,
910000014430,False,none,-1,
910000014431,False,none,-1,
910000014432,False,none,-1,
910000014433,False,none,-1,
910000014434,False,none,-1,
910000014435,False,none,-1,
910000014436,False,none,-1,
910000014437,False,none,-1,
910000014438,False,none,-1,
910000014439,False,none,-1,
910000014440,False,none,-1,
910000014441,False,none,-1,
910000014442,False,none,-1,
910000014443,False,none,-1,
910000014444,False,none,-1,
910000014445,False,none,-1,
910000014446,False,none,-1,
910000014447,False,none,-1,
910000014448,True,L2,64,910000005320
910000014449,False,none,-1,
910000014450,False,none,-1,
910000014451,False,none,-1,
910000014452,False,none,-1,
910000014453,False,none,-1,
910000014454,False,none,-1,
910000014455,False,none,-1,
910000014456,False,none,-1,
910000014457,False,none,-1,
910000014458,False,none,-1,
910000014459,False,none,-1,
910000014460,False,none,-1,
910000014461,False,none,-1,
910000014462,False,none,-1,
910000014463,False,none,-1,
910000014464,False,none,-1,
910000014465,False,none,-1,
910000014466,False,none,-1,
910000014467,False,none,-1,
910000014468,False,none,-1,
910000014469,False,none,-1,
910000014470,False,none,-1,
910000014471,False,none,-1,
910000014472,False,none,-1,
910000014473,False,none,-1,
910000014474,False,none,-1,
910000014475,False,none,-1,
910000014476,False,none,-1,
910000014477,False,none,-1,
910000014478,False,none,-1,
910000014479,False,none,-1,
910000014480,True,L1,49,910000014166
910000014481,False,none,-1,
910000014482,False,none,-1,
910000014483,False,none,-1,
910000014484,False,none,-1,
910000014485,False,none,-1,
910000014486,False,none,-1,
910000014487,False,none,-1,
910000014488,False,none,-1,
910000014489,False,none,-1,
910000014490,False,none,-1,
910000014491,False,none,-1,
910000014492,False,none,-1,
910000014493,False,none,-1,
910000014494,False,none,-1,
910000014495,False,none,-1,
910000014496,False,none,-1,
910000014497,False,none,-1,
910000014498,False,none,-1,
910000014499,False,none,-1,
910000014500,True,L3,33,910000018608
910000014501,False,none,-1,
910000014502,False,none,-1,
910000014503,False,none,-1,
910000014504,False,none,-1,
910000014505,False,none,-1,
910000014506,False,none,-1,
910000014507,False,none,-1,
910000014508,False,none,-1,
910000014509,False,none,-1,
910000014510,False,none,-1,
910000014511,True,L2,55,910000001567
910000014512,False,none,-1,
910000014513,False,none,-1,
910000014514,False,none,-1,
910000014515,False,none,-1,
910000014516,False,none,-1,
910000014517,False,none,-1,
910000014518,False,none,-1,
910000014519,False,none,-1,
910000014520,False,none,-1,
910000014521,False,none,-1,
910000014522,False,none,-1,
910000014523,False,none,-1,
910000014524,False,none,-1,
910000014525,True,L3,32,910000012163
910000014526,False,none,-1,
910000014527,False,none,-1,
910000014528,False,none,-1,
910000014529,False,none,-1,
910000014530,False,none,-1,
910000014531,False,none,-1,
910000014532,False,none,-1,
910000014533,False,none,-1,
910000014534,False,none,-1,
910000014535,False,none,-1,
910000014536,True,L3,84,910000003083
910000014537,False,none,-1,
910000014538,False,none,-1,
910000014539,False,none,-1,
910000014540,False,none,-1,
910000014541,False,none,-1,
910000014542,False,none,-1,
910000014543,False,none,-1,
910000014544,False,none,-1,
910000014545,False,none,-1,
910000014546,False,none,-1,
910000014547,False,none,-1,
910000014548,False,none,-1,
910000014549,False,none,-1,
910000014550,False,none,-1,
910000014551,False,none,-1,
910000014552,False,none,-1,
910000014553,False,none,-1,
910000014554,False,none,-1,
910000014555,False,none,-1,
910000014556,False,none,-1,
910000014557,False,none,-1,
910000014558,False,none,-1,
910000014559,False,none,-1,
910000014560,False,none,-1,
910000014561,False,none,-1,
910000014562,False,none,-1,
910000014563,False,none,-1,
910000014564,False,none,-1,
910000014565,False,none,-1,
910000014566,False,none,-1,
910000014567,False,none,-1,
910000014568,False,none,-1,
910000014569,False,none,-1,
910000014570,False,none,-1,
910000014571,False,none,-1,
910000014572,False,none,-1,
910000014573,False,none,-1,
910000014574,False,none,-1,
910000014575,False,none,-1,
910000014576,False,none,-1,
910000014577,False,none,-1,
910000014578,False,none,-1,
910000014579,False,none,-1,
910000014580,False,none,-1,
910000014581,False,none,-1,
910000014582,False,none,-1,
910000014583,True,L2,83,910000004010
910000014584,False,none,-1,
910000014585,False,none,-1,
910000014586,True,L1,79,910000008111
910000014587,False,none,-1,
910000014588,True,L2,11,910000010364
910000014589,False,none,-1,
910000014590,False,none,-1,
910000014591,False,none,-1,
910000014592,False,none,-1,
910000014593,False,none,-1,
910000014594,False,none,-1,
910000014595,False,none,-1,
910000014596,False,none,-1,
910000014597,False,none,-1,
910000014598,False,none,-1,
910000014599,False,none,-1,
910000014600,False,none,-1,
910000014601,False,none,-1,
910000014602,False,none,-1,
910000014603,False,none,-1,
910000014604,False,none,-1,
910000014605,True,L3,67,910000017540
910000014606,False,none,-1,
910000014607,False,none,-1,
910000014608,False,none,-1,
910000014609,False,none,-1,
910000014610,False,none,-1,
910000014611,False,none,-1,
910000014612,False,none,-1,
910000014613,False,none,-1,
910000014614,False,none,-1,
910000014615,False,none,-1,
910000014616,True,L3,57,910000022134
910000014617,False,none,-1,
910000014618,False,none,-1,
910000014619,False,none,-1,
910000014620,False,none,-1,
910000014621,False,none,-1,
910000014622,False,none,-1,
910000014623,False,none,-1,
910000014624,False,none,-1,
910000014625,False,none,-1,
910000014626,False,none,-1,
910000014627,False,none,-1,
910000014628,False,none,-1,
910000014629,False,none,-1,
910000014630,False,none,-1,
910000014631,False,none,-1,
910000014632,False,none,-1,
910000014633,False,none,-1,
910000014634,False,none,-1,
910000014635,False,none,-1,
910000014636,False,none,-1,
910000014637,False,none,-1,
910000014638,False,none,-1,
910000014639,False,none,-1,
910000014640,False,none,-1,
910000014641,False,none,-1,
910000014642,False,none,-1,
910000014643,False,none,-1,
910000014644,False,none,-1,
910000014645,False,none,-1,
910000014646,False,none,-1,
910000014647,False,none,-1,
910000014648,False,none,-1,
910000014649,False,none,-1,
910000014650,True,L1,43,910000018047
910000014651,False,none,-1,
910000014652,False,none,-1,
910000014653,False,none,-1,
910000014654,False,none,-1,
910000014655,False,none,-1,
910000014656,False,none,-1,
910000014657,False,none,-1,
910000014658,False,none,-1,
910000014659,False,none,-1,
910000014660,False,none,-1,
910000014661,False,none,-1,
910000014662,True,L1,67,910000017540
910000014663,False,none,-1,
910000014664,False,none,-1,
910000014665,False,none,-1,
910000014666,False,none,-1,
910000014667,False,none,-1,
910000014668,False,none,-1,
910000014669,False,none,-1,
910000014670,False,none,-1,
910000014671,False,none,-1,
910000014672,False,none,-1,
910000014673,False,none,-1,
910000014674,False,none,-1,
910000014675,False,none,-1,
910000014676,False,none,-1,
910000014677,False,none,-1,
910000014678,False,none,-1,
910000014679,False,none,-1,
910000014680,False,none,-1,
910000014681,False,none,-1,
910000014682,False,none,-1,
910000014683,False,none,-1,
910000014684,False,none,-1,
910000014685,False,none,-1,
910000014686,False,none,-1,
910000014687,False,none,-1,
910000014688,False,none,-1,
910000014689,False,none,-1,
910000014690,False,none,-1,
910000014691,False,none,-1,
910000014692,False,none,-1,
910000014693,False,none,-1,
910000014694,False,none,-1,
910000014695,False,none,-1,
910000014696,False,none,-1,
910000014697,False,none,-1,
910000014698,False,none,-1,
910000014699,False,none,-1,
910000014700,False,none,-1,
910000014701,False,none,-1,
910000014702,False,none,-1,
910000014703,False,none,-1,
910000014704,False,none,-1,
910000014705,False,none,-1,
910000014706,False,none,-1,
910000014707,False,none,-1,
910000014708,False,none,-1,
910000014709,False,none,-1,
910000014710,False,none,-1,
910000014711,False,none,-1,
910000014712,False,none,-1,
910000014713,False,none,-1,
910000014714,False,none,-1,
910000014715,False,none,-1,
910000014716,False,none,-1,
910000014717,False,none,-1,
910000014718,True,L2,81,910000021910
910000014719,False,none,-1,
910000014720,False,none,-1,
910000014721,False,none,-1,
910000014722,False,none,-1,
910000014723,False,none,-1,
910000014724,False,none,-1,
910000014725,False,none,-1,
910000014726,False,none,-1,
910000014727,True,L2,36,910000007400
910000014728,False,none,-1,
910000014729,False,none,-1,
910000014730,False,none,-1,
910000014731,False,none,-1,
910000014732,False,none,-1,
910000014733,False,none,-1,
910000014734,False,none,-1,
910000014735,False,none,-1,
910000014736,False,none,-1,
910000014737,False,none,-1,
910000014738,False,none,-1,
910000014739,False,none,-1,
910000014740,False,none,-1,
910000014741,False,none,-1,
910000014742,False,none,-1,
910000014743,False,none,-1,
910000014744,False,none,-1,
910000014745,False,none,-1,
910000014746,False,none,-1,
910000014747,False,none,-1,
910000014748,False,none,-1,
910000014749,False,none,-1,
910000014750,False,none,-1,
910000014751,True,L2,50,910000021944
910000014752,False,none,-1,
910000014753,False,none,-1,
910000014754,False,none,-1,
910000014755,False,none,-1,
910000014756,False,none,-1,
910000014757,True,L3,58,910000016011
910000014758,False,none,-1,
910000014759,False,none,-1,
910000014760,False,none,-1,
910000014761,True,L3,48,910000019036
910000014762,False,none,-1,
910000014763,False,none,-1,
910000014764,False,none,-1,
910000014765,False,none,-1,
910000014766,False,none,-1,
910000014767,False,none,-1,
910000014768,False,none,-1,
910000014769,False,none,-1,
910000014770,False,none,-1,
910000014771,False,none,-1,
910000014772,False,none,-1,
910000014773,False,none,-1,
910000014774,False,none,-1,
910000014775,False,none,-1,
910000014776,False,none,-1,
910000014777,False,none,-1,
910000014778,False,none,-1,
910000014779,False,none,-1,
910000014780,False,none,-1,
910000014781,False,none,-1,
910000014782,False,none,-1,
910000014783,False,none,-1,
910000014784,False,none,-1,
910000014785,False,none,-1,
910000014786,False,none,-1,
910000014787,False,none,-1,
910000014788,False,none,-1,
910000014789,False,none,-1,
910000014790,False,none,-1,
910000014791,False,none,-1,
910000014792,True,L3,78,910000024868
910000014793,False,none,-1,
910000014794,False,none,-1,
910000014795,False,none,-1,
910000014796,False,none,-1,
910000014797,False,none,-1,
910000014798,False,none,-1,
910000014799,True,L2,8,910000006300
910000014800,False,none,-1,
910000014801,False,none,-1,
910000014802,False,none,-1,
910000014803,False,none,-1,
910000014804,False,none,-1,
910000014805,False,none,-1,
910000014806,False,none,-1,
910000014807,False,none,-1,
910000014808,False,none,-1,
910000014809,False,none,-1,
910000014810,False,none,-1,
910000014811,False,none,-1,
910000014812,True,L3,71,910000012327
910000014813,False,none,-1,
910000014814,False,none,-1,
910000014815,False,none,-1,
910000014816,False,none,-1,
910000014817,False,none,-1,
910000014818,False,none,-1,
910000014819,False,none,-1,
910000014820,False,none,-1,
910000014821,False,none,-1,
910000014822,False,none,-1,
910000014823,False,none,-1,
910000014824,False,none,-1,
910000014825,False,none,-1,
910000014826,False,none,-1,
910000014827,False,none,-1,
910000014828,False,none,-1,
910000014829,False,none,-1,
910000014830,False,none,-1,
910000014831,False,none,-1,
910000014832,False,none,-1,
910000014833,False,none,-1,
910000014834,False,none,-1,
910000014835,False,none,-1,
910000014836,False,none,-1,
910000014837,False,none,-1,
910000014838,False,none,-1,
910000014839,False,none,-1,
910000014840,False,none,-1,
910000014841,False,none,-1,
910000014842,False,none,-1,
910000014843,False,none,-1,
910000014844,False,none,-1,
910000014845,False,none,-1,
910000014846,False,none,-1,
910000014847,False,none,-1,
910000014848,False,none,-1,
910000014849,False,none,-1,
910000014850,False,none,-1,
910000014851,False,none,-1,
910000014852,False,none,-1,
910000014853,False,none,-1,
910000014854,False,none,-1,
910000014855,False,none,-1,
910000014856,False,none,-1,
910000014857,False,none,-1,
910000014858,False,none,-1,
910000014859,False,none,-1,
910000014860,False,none,-1,
910000014861,False,none,-1,
910000014862,False,none,-1,
910000014863,False,none,-1,
910000014864,False,none,-1,
910000014865,True,L1,64,910000005320
910000014866,False,none,-1,
910000014867,False,none,-1,
910000014868,False,none,-1,
910000014869,False,none,-1,
910000014870,False,none,-1,
910000014871,False,none,-1,
910000014872,False,none,-1,
910000014873,False,none,-1,
910000014874,False,none,-1,
910000014875,False,none,-1,
910000014876,False,none,-1,
910000014877,False,none,-1,
910000014878,False,none,-1,
910000014879,False,none,-1,
910000014880,False,none,-1,
910000014881,False,none,-1,
910000014882,False,none,-1,
910000014883,False,none,-1,
910000014884,False,none,-1,
910000014885,False,none,-1,
910000014886,False,none,-1,
910000014887,False,none,-1,
910000014888,True,L2,35,910000016466
910000014889,False,none,-1,
910000014890,False,none,-1,
910000014891,False,none,-1,
910000014892,False,none,-1,
910000014893,False,none,-1,
910000014894,False,none,-1,
910000014895,False,none,-1,
910000014896,False,none,-1,
910000014897,False,none,-1,
910000014898,False,none,-1,
910000014899,False,none,-1,
910000014900,False,none,-1,
910000014901,False,none,-1,
910000014902,False,none,-1,
910000014903,False,none,-1,
910000014904,False,none,-1,
910000014905,False,none,-1,
910000014906,False,none,-1,
910000014907,False,none,-1,
910000014908,False,none,-1,
910000014909,False,none,-1,
910000014910,False,none,-1,
910000014911,False,none,-1,
910000014912,False,none,-1,
910000014913,False,none,-1,
910000014914,False,none,-1,
910000014915,False,none,-1,
910000014916,False,none,-1,
910000014917,False,none,-1,
910000014918,False,none,-1,
910000014919,False,none,-1,
910000014920,False,none,-1,
910000014921,False,none,-1,
910000014922,False,none,-1,
910000014923,False,none,-1,
910000014924,False,none,-1,
910000014925,False,none,-1,
910000014926,False,none,-1,
910000014927,False,none,-1,
910000014928,False,none,-1,
910000014929,False,none,-1,
910000014930,False,none,-1,
910000014931,True,L2,34,910000007044
910000014932,False,none,-1,
910000014933,False,none,-1,
910000014934,False,none,-1,
910000014935,False,none,-1,
910000014936,False,none,-1,
910000014937,False,none,-1,
910000014938,False,none,-1,
910000014939,True,L2,7,910000021465
910000014940,False,none,-1,
910000014941,False,none,-1,
910000014942,False,none,-1,
910000014943,False,none,-1,
910000014944,False,none,-1,
910000014945,False,none,-1,
910000014946,False,none,-1,
910000014947,False,none,-1,
910000014948,False,none,-1,
910000014949,False,none,-1,
910000014950,False,none,-1,
910000014951,False,none,-1,
910000014952,False,none,-1,
910000014953,False,none,-1,
910000014954,False,none,-1,
910000014955,False,none,-1,
910000014956,False,none,-1,
910000014957,False,none,-1,
910000014958,False,none,-1,
910000014959,False,none,-1,
910000014960,False,none,-1,
910000014961,False,none,-1,
910000014962,False,none,-1,
910000014963,False,none,-1,
910000014964,False,none,-1,
910000014965,False,none,-1,
910000014966,False,none,-1,
910000014967,False,none,-1,
910000014968,False,none,-1,
910000014969,False,none,-1,
910000014970,False,none,-1,
910000014971,False,none,-1,
910000014972,False,none,-1,
910000014973,False,none,-1,
910000014974,False,none,-1,
910000014975,False,none,-1,
910000014976,False,none,-1,
910000014977,False,none,-1,
910000014978,False,none,-1,
910000014979,False,none,-1,
910000014980,False,none,-1,
910000014981,False,none,-1,
910000014982,False,none,-1,
910000014983,True,L3,24,910000015900
910000014984,False,none,-1,
910000014985,False,none,-1,
910000014986,True,L2,65,910000010732
910000014987,False,none,-1,
910000014988,False,none,-1,
910000014989,False,none,-1,
910000014990,False,none,-1,
910000014991,False,none,-1,
910000014992,False,none,-1,
910000014993,False,none,-1,
910000014994,False,none,-1,
910000014995,False,none,-1,
910000014996,False,none,-1,
910000014997,False,none,-1,
910000014998,False,none,-1,
910000014999,False,none,-1,
910000015000,False,none,-1,
910000015001,False,none,-1,
910000015002,False,none,-1,
910000015003,True,L2,97,910000017134
910000015004,False,none,-1,
910000015005,True,L2,44,910000020451
910000015006,True,L2,48,910000019036
910000015007,False,none,-1,
910000015008,False,none,-1,
910000015009,False,none,-1,
910000015010,False,none,-1,
910000015011,False,none,-1,
910000015012,False,none,-1,
910000015013,False,none,-1,
910000015014,False,none,-1,
910000015015,False,none,-1,
910000015016,False,none,-1,
910000015017,False,none,-1,
910000015018,False,none,-1,
910000015019,False,none,-1,
910000015020,False,none,-1,
910000015021,False,none,-1,
910000015022,False,none,-1,
910000015023,False,none,-1,
910000015024,False,none,-1,
910000015025,False,none,-1,
910000015026,False,none,-1,
910000015027,False,none,-1,
910000015028,False,none,-1,
910000015029,False,none,-1,
910000015030,False,none,-1,
910000015031,False,none,-1,
910000015032,False,none,-1,
910000015033,False,none,-1,
910000015034,False,none,-1,
910000015035,False,none,-1,
910000015036,False,none,-1,
910000015037,False,none,-1,
910000015038,False,none,-1,
910000015039,False,none,-1,
910000015040,False,none,-1,
910000015041,False,none,-1,
910000015042,False,none,-1,
910000015043,False,none,-1,
910000015044,False,none,-1,
910000015045,True,L3,88,910000000548
910000015046,False,none,-1,
910000015047,False,none,-1,
910000015048,False,none,-1,
910000015049,False,none,-1,
910000015050,False,none,-1,
910000015051,True,L2,81,910000021910
910000015052,False,none,-1,
910000015053,False,none,-1,
910000015054,False,none,-1,
910000015055,False,none,-1,
910000015056,False,none,-1,
910000015057,False,none,-1,
910000015058,False,none,-1,
910000015059,False,none,-1,
910000015060,False,none,-1,
910000015061,True,L3,62,910000013403
910000015062,False,none,-1,
910000015063,False,none,-1,
910000015064,False,none,-1,
910000015065,False,none,-1,
910000015066,True,L2,67,910000017540
910000015067,False,none,-1,
910000015068,False,none,-1,
910000015069,False,none,-1,
910000015070,False,none,-1,
910000015071,False,none,-1,
910000015072,False,none,-1,
910000015073,False,none,-1,
910000015074,False,none,-1,
910000015075,False,none,-1,
910000015076,False,none,-1,
910000015077,False,none,-1,
910000015078,False,none,-1,
910000015079,False,none,-1,
910000015080,False,none,-1,
910000015081,False,none,-1,
910000015082,False,none,-1,
910000015083,False,none,-1,
910000015084,False,none,-1,
910000015085,False,none,-1,
910000015086,False,none,-1,
910000015087,False,none,-1,
910000015088,False,none,-1,
910000015089,False,none,-1,
910000015090,False,none,-1,
910000015091,False,none,-1,
910000015092,False,none,-1,
910000015093,False,none,-1,
910000015094,False,none,-1,
910000015095,False,none,-1,
910000015096,False,none,-1,
910000015097,False,none,-1,
910000015098,False,none,-1,
910000015099,False,none,-1,
910000015100,False,none,-1,
910000015101,False,none,-1,
910000015102,False,none,-1,
910000015103,False,none,-1,
910000015104,False,none,-1,
910000015105,False,none,-1,
910000015106,False,none,-1,
910000015107,False,none,-1,
910000015108,False,none,-1,
910000015109,False,none,-1,
910000015110,False,none,-1,
910000015111,False,none,-1,
910000015112,False,none,-1,
910000015113,False,none,-1,
910000015114,False,none,-1,
910000015115,False,none,-1,
910000015116,False,none,-1,
910000015117,False,none,-1,
910000015118,False,none,-1,
910000015119,False,none,-1,
910000015120,False,none,-1,
910000015121,False,none,-1,
910000015122,False,none,-1,
910000015123,False,none,-1,
910000015124,False,none,-1,
910000015125,False,none,-1,
910000015126,False,none,-1,
910000015127,False,none,-1,
910000015128,False,none,-1,
910000015129,False,none,-1,
910000015130,False,none,-1,
910000015131,False,none,-1,
910000015132,False,none,-1,
910000015133,False,none,-1,
910000015134,False,none,-1,
910000015135,False,none,-1,
910000015136,False,none,-1,
910000015137,False,none,-1,
910000015138,False,none,-1,
910000015139,False,none,-1,
910000015140,False,none,-1,
910000015141,False,none,-1,
910000015142,False,none,-1,
910000015143,False,none,-1,
910000015144,False,none,-1,
910000015145,False,none,-1,
910000015146,False,none,-1,
910000015147,False,none,-1,
910000015148,False,none,-1,
910000015149,False,none,-1,
910000015150,False,none,-1,
910000015151,False,none,-1,
910000015152,False,none,-1,
910000015153,False,none,-1,
910000015154,False,none,-1,
910000015155,False,none,-1,
910000015156,False,none,-1,
910000015157,False,none,-1,
910000015158,False,none,-1,
910000015159,False,none,-1,
910000015160,False,none,-1,
910000015161,False,none,-1,
910000015162,False,none,-1,
910000015163,False,none,-1,
910000015164,False,none,-1,
910000015165,False,none,-1,
910000015166,False,none,-1,
910000015167,False,none,-1,
910000015168,False,none,-1,
910000015169,True,L1,37,910000010112
910000015170,False,none,-1,
910000015171,False,none,-1,
910000015172,False,none,-1,
910000015173,False,none,-1,
910000015174,False,none,-1,
910000015175,False,none,-1,
910000015176,False,none,-1,
910000015177,False,none,-1,
910000015178,False,none,-1,
910000015179,False,none,-1,
910000015180,False,none,-1,
910000015181,False,none,-1,
910000015182,False,none,-1,
910000015183,False,none,-1,
910000015184,False,none,-1,
910000015185,False,none,-1,
910000015186,False,none,-1,
910000015187,False,none,-1,
910000015188,False,none,-1,
910000015189,False,none,-1,
910000015190,False,none,-1,
910000015191,False,none,-1,
910000015192,True,L3,3,910000005391
910000015193,False,none,-1,
910000015194,False,none,-1,
910000015195,False,none,-1,
910000015196,False,none,-1,
910000015197,False,none,-1,
910000015198,False,none,-1,
910000015199,False,none,-1,
910000015200,False,none,-1,
910000015201,False,none,-1,
910000015202,False,none,-1,
910000015203,False,none,-1,
910000015204,False,none,-1,
910000015205,False,none,-1,
910000015206,False,none,-1,
910000015207,False,none,-1,
910000015208,False,none,-1,
910000015209,False,none,-1,
910000015210,False,none,-1,
910000015211,False,none,-1,
910000015212,False,none,-1,
910000015213,False,none,-1,
910000015214,False,none,-1,
910000015215,False,none,-1,
910000015216,False,none,-1,
910000015217,False,none,-1,
910000015218,False,none,-1,
910000015219,False,none,-1,
910000015220,False,none,-1,
910000015221,True,L2,59,910000017341
910000015222,False,none,-1,
910000015223,False,none,-1,
910000015224,False,none,-1,
910000015225,False,none,-1,
910000015226,False,none,-1,
910000015227,False,none,-1,
910000015228,False,none,-1,
910000015229,False,none,-1,
910000015230,False,none,-1,
910000015231,False,none,-1,
910000015232,False,none,-1,
910000015233,False,none,-1,
910000015234,False,none,-1,
910000015235,False,none,-1,
910000015236,False,none,-1,
910000015237,False,none,-1,
910000015238,False,none,-1,
910000015239,True,L2,58,910000016011
910000015240,False,none,-1,
910000015241,False,none,-1,
910000015242,False,none,-1,
910000015243,False,none,-1,
910000015244,False,none,-1,
910000015245,False,none,-1,
910000015246,False,none,-1,
910000015247,False,none,-1,
910000015248,False,none,-1,
910000015249,False,none,-1,
910000015250,False,none,-1,
910000015251,True,L1,60,910000007647
910000015252,False,none,-1,
910000015253,True,L1,11,910000010364
910000015254,False,none,-1,
910000015255,False,none,-1,
910000015256,False,none,-1,
910000015257,True,L2,38,910000011933
910000015258,False,none,-1,
910000015259,False,none,-1,
910000015260,True,L3,14,910000024141
910000015261,True,L2,78,910000024868
910000015262,False,none,-1,
910000015263,False,none,-1,
910000015264,False,none,-1,
910000015265,False,none,-1,
910000015266,False,none,-1,
910000015267,False,none,-1,
910000015268,False,none,-1,
910000015269,False,none,-1,
910000015270,False,none,-1,
910000015271,False,none,-1,
910000015272,False,none,-1,
910000015273,False,none,-1,
910000015274,False,none,-1,
910000015275,False,none,-1,
910000015276,False,none,-1,
910000015277,False,none,-1,
910000015278,False,none,-1,
910000015279,False,none,-1,
910000015280,False,none,-1,
910000015281,False,none,-1,
910000015282,False,none,-1,
910000015283,False,none,-1,
910000015284,False,none,-1,
910000015285,False,none,-1,
910000015286,True,L2,53,910000006860
910000015287,False,none,-1,
910000015288,False,none,-1,
910000015289,False,none,-1,
910000015290,False,none,-1,
910000015291,False,none,-1,
910000015292,False,none,-1,
910000015293,False,none,-1,
910000015294,False,none,-1,
910000015295,False,none,-1,
910000015296,False,none,-1,
910000015297,False,none,-1,
910000015298,False,none,-1,
910000015299,False,none,-1,
910000015300,False,none,-1,
910000015301,False,none,-1,
910000015302,False,none,-1,
910000015303,False,none,-1,
910000015304,False,none,-1,
910000015305,False,none,-1,
910000015306,False,none,-1,
910000015307,False,none,-1,
910000015308,False,none,-1,
910000015309,False,none,-1,
910000015310,False,none,-1,
910000015311,False,none,-1,
910000015312,False,none,-1,
910000015313,False,none,-1,
910000015314,False,none,-1,
910000015315,False,none,-1,
910000015316,False,none,-1,
910000015317,False,none,-1,
910000015318,False,none,-1,
910000015319,False,none,-1,
910000015320,False,none,-1,
910000015321,False,none,-1,
910000015322,False,none,-1,
910000015323,False,none,-1,
910000015324,False,none,-1,
910000015325,False,none,-1,
910000015326,False,none,-1,
910000015327,False,none,-1,
910000015328,False,none,-1,
910000015329,False,none,-1,
910000015330,False,none,-1,
910000015331,False,none,-1,
910000015332,False,none,-1,
910000015333,False,none,-1,
910000015334,False,none,-1,
910000015335,False,none,-1,
910000015336,False,none,-1,
910000015337,False,none,-1,
910000015338,False,none,-1,
910000015339,False,none,-1,
910000015340,False,none,-1,
910000015341,False,none,-1,
910000015342,False,none,-1,
910000015343,False,none,-1,
910000015344,False,none,-1,
910000015345,False,none,-1,
910000015346,False,none,-1,
910000015347,False,none,-1,
910000015348,False,none,-1,
910000015349,False,none,-1,
910000015350,False,none,-1,
910000015351,False,none,-1,
910000015352,False,none,-1,
910000015353,False,none,-1,
910000015354,False,none,-1,
910000015355,False,none,-1,
910000015356,True,L2,93,910000005922
910000015357,False,none,-1,
910000015358,False,none,-1,
910000015359,False,none,-1,
910000015360,False,none,-1,
910000015361,False,none,-1,
910000015362,False,none,-1,
910000015363,False,none,-1,
910000015364,False,none,-1,
910000015365,False,none,-1,
910000015366,False,none,-1,
910000015367,False,none,-1,
910000015368,False,none,-1,
910000015369,False,none,-1,
910000015370,False,none,-1,
910000015371,False,none,-1,
910000015372,False,none,-1,
910000015373,False,none,-1,
910000015374,False,none,-1,
910000015375,False,none,-1,
910000015376,False,none,-1,
910000015377,False,none,-1,
910000015378,False,none,-1,
910000015379,False,none,-1,
910000015380,False,none,-1,
910000015381,False,none,-1,
910000015382,False,none,-1,
910000015383,False,none,-1,
910000015384,False,none,-1,
910000015385,False,none,-1,
910000015386,False,none,-1,
910000015387,False,none,-1,
910000015388,True,L3,35,910000016466
910000015389,False,none,-1,
910000015390,False,none,-1,
910000015391,False,none,-1,
910000015392,False,none,-1,
910000015393,False,none,-1,
910000015394,False,none,-1,
910000015395,False,none,-1,
910000015396,False,none,-1,
910000015397,True,L3,44,910000020451
910000015398,False,none,-1,
910000015399,False,none,-1,
910000015400,False,none,-1,
910000015401,False,none,-1,
910000015402,False,none,-1,
910000015403,False,none,-1,
910000015404,False,none,-1,
910000015405,False,none,-1,
910000015406,False,none,-1,
910000015407,False,none,-1,
910000015408,False,none,-1,
910000015409,False,none,-1,
910000015410,False,none,-1,
910000015411,False,none,-1,
910000015412,False,none,-1,
910000015413,False,none,-1,
910000015414,False,none,-1,
910000015415,False,none,-1,
910000015416,False,none,-1,
910000015417,False,none,-1,
910000015418,False,none,-1,
910000015419,False,none,-1,
910000015420,True,L3,64,910000005320
910000015421,False,none,-1,
910000015422,False,none,-1,
910000015423,False,none,-1,
910000015424,False,none,-1,
910000015425,False,none,-1,
910000015426,False,none,-1,
910000015427,False,none,-1,
910000015428,False,none,-1,
910000015429,False,none,-1,
910000015430,False,none,-1,
910000015431,False,none,-1,
910000015432,False,none,-1,
910000015433,False,none,-1,
910000015434,False,none,-1,
910000015435,False,none,-1,
910000015436,False,none,-1,
910000015437,False,none,-1,
910000015438,False,none,-1,
910000015439,False,none,-1,
910000015440,False,none,-1,
910000015441,False,none,-1,
910000015442,False,none,-1,
910000015443,False,none,-1,
910000015444,True,L3,15,910000017309
910000015445,False,none,-1,
910000015446,False,none,-1,
910000015447,False,none,-1,
910000015448,False,none,-1,
910000015449,True,L2,99,910000017824
910000015450,False,none,-1,
910000015451,False,none,-1,
910000015452,False,none,-1,
910000015453,False,none,-1,
910000015454,False,none,-1,
910000015455,False,none,-1,
910000015456,False,none,-1,
910000015457,False,none,-1,
910000015458,False,none,-1,
910000015459,False,none,-1,
910000015460,False,none,-1,
910000015461,False,none,-1,
910000015462,False,none,-1,
910000015463,False,none,-1,
910000015464,False,none,-1,
910000015465,False,none,-1,
910000015466,True,L2,8,910000006300
910000015467,False,none,-1,
910000015468,False,none,-1,
910000015469,False,none,-1,
910000015470,False,none,-1,
910000015471,False,none,-1,
910000015472,False,none,-1,
910000015473,False,none,-1,
910000015474,False,none,-1,
910000015475,False,none,-1,
910000015476,False,none,-1,
910000015477,False,none,-1,
910000015478,False,none,-1,
910000015479,False,none,-1,
910000015480,False,none,-1,
910000015481,False,none,-1,
910000015482,False,none,-1,
910000015483,False,none,-1,
910000015484,False,none,-1,
910000015485,False,none,-1,
910000015486,False,none,-1,
910000015487,False,none,-1,
910000015488,False,none,-1,
910000015489,False,none,-1,
910000015490,False,none,-1,
910000015491,False,none,-1,
910000015492,False,none,-1,
910000015493,False,none,-1,
910000015494,False,none,-1,
910000015495,False,none,-1,
910000015496,False,none,-1,
910000015497,False,none,-1,
910000015498,False,none,-1,
910000015499,False,none,-1,
910000015500,False,none,-1,
910000015501,False,none,-1,
910000015502,False,none,-1,
910000015503,False,none,-1,
910000015504,False,none,-1,
910000015505,False,none,-1,
910000015506,True,L2,34,910000007044
910000015507,False,none,-1,
910000015508,False,none,-1,
910000015509,False,none,-1,
910000015510,False,none,-1,
910000015511,False,none,-1,
910000015512,False,none,-1,
910000015513,False,none,-1,
910000015514,False,none,-1,
910000015515,False,none,-1,
910000015516,False,none,-1,
910000015517,False,none,-1,
910000015518,False,none,-1,
910000015519,False,none,-1,
910000015520,False,none,-1,
910000015521,False,none,-1,
910000015522,False,none,-1,
910000015523,False,none,-1,
910000015524,False,none,-1,
910000015525,False,none,-1,
910000015526,False,none,-1,
910000015527,False,none,-1,
910000015528,False,none,-1,
910000015529,False,none,-1,
910000015530,False,none,-1,
910000015531,False,none,-1,
910000015532,False,none,-1,
910000015533,False,none,-1,
910000015534,False,none,-1,
910000015535,False,none,-1,
910000015536,False,none,-1,
910000015537,False,none,-1,
910000015538,False,none,-1,
910000015539,True,L3,55,910000001567
910000015540,False,none,-1,
910000015541,False,none,-1,
910000015542,False,none,-1,
910000015543,False,none,-1,
910000015544,False,none,-1,
910000015545,False,none,-1,
910000015546,False,none,-1,
910000015547,True,L3,50,910000021944
910000015548,False,none,-1,
910000015549,True,L3,33,910000018608
910000015550,False,none,-1,
910000015551,True,L3,59,910000017341
910000015552,False,none,-1,
910000015553,False,none,-1,
910000015554,False,none,-1,
910000015555,False,none,-1,
910000015556,False,none,-1,
910000015557,False,none,-1,
910000015558,False,none,-1,
910000015559,False,none,-1,
910000015560,True,L3,22,910000010458
910000015561,False,none,-1,
910000015562,False,none,-1,
910000015563,False,none,-1,
910000015564,False,none,-1,
910000015565,False,none,-1,
910000015566,False,none,-1,
910000015567,False,none,-1,
910000015568,False,none,-1,
910000015569,False,none,-1,
910000015570,False,none,-1,
910000015571,False,none,-1,
910000015572,False,none,-1,
910000015573,False,none,-1,
910000015574,False,none,-1,
910000015575,False,none,-1,
910000015576,False,none,-1,
910000015577,False,none,-1,
910000015578,False,none,-1,
910000015579,False,none,-1,
910000015580,False,none,-1,
910000015581,False,none,-1,
910000015582,False,none,-1,
910000015583,True,L1,33,910000018608
910000015584,False,none,-1,
910000015585,False,none,-1,
910000015586,False,none,-1,
910000015587,False,none,-1,
910000015588,False,none,-1,
910000015589,False,none,-1,
910000015590,False,none,-1,
910000015591,False,none,-1,
910000015592,False,none,-1,
910000015593,False,none,-1,
910000015594,True,L1,40,910000020852
910000015595,False,none,-1,
910000015596,False,none,-1,
910000015597,False,none,-1,
910000015598,False,none,-1,
910000015599,False,none,-1,
910000015600,False,none,-1,
910000015601,False,none,-1,
910000015602,False,none,-1,
910000015603,False,none,-1,
910000015604,False,none,-1,
910000015605,False,none,-1,
910000015606,False,none,-1,
910000015607,False,none,-1,
910000015608,False,none,-1,
910000015609,False,none,-1,
910000015610,False,none,-1,
910000015611,False,none,-1,
910000015612,False,none,-1,
910000015613,False,none,-1,
910000015614,False,none,-1,
910000015615,False,none,-1,
910000015616,False,none,-1,
910000015617,False,none,-1,
910000015618,False,none,-1,
910000015619,False,none,-1,
910000015620,False,none,-1,
910000015621,False,none,-1,
910000015622,False,none,-1,
910000015623,False,none,-1,
910000015624,False,none,-1,
910000015625,False,none,-1,
910000015626,False,none,-1,
910000015627,False,none,-1,
910000015628,False,none,-1,
910000015629,False,none,-1,
910000015630,False,none,-1,
910000015631,False,none,-1,
910000015632,False,none,-1,
910000015633,False,none,-1,
910000015634,False,none,-1,
910000015635,False,none,-1,
910000015636,False,none,-1,
910000015637,False,none,-1,
910000015638,False,none,-1,
910000015639,False,none,-1,
910000015640,False,none,-1,
910000015641,False,none,-1,
910000015642,False,none,-1,
910000015643,False,none,-1,
910000015644,True,L1,74,910000002855
910000015645,False,none,-1,
910000015646,False,none,-1,
910000015647,False,none,-1,
910000015648,False,none,-1,
910000015649,False,none,-1,
910000015650,False,none,-1,
910000015651,False,none,-1,
910000015652,False,none,-1,
910000015653,False,none,-1,
910000015654,False,none,-1,
910000015655,True,L2,79,910000008111
910000015656,False,none,-1,
910000015657,False,none,-1,
910000015658,True,L2,4,910000018706
910000015659,False,none,-1,
910000015660,False,none,-1,
910000015661,False,none,-1,
910000015662,False,none,-1,
910000015663,False,none,-1,
910000015664,False,none,-1,
910000015665,False,none,-1,
910000015666,False,none,-1,
910000015667,True,L2,19,910000002009
910000015668,False,none,-1,
910000015669,False,none,-1,
910000015670,False,none,-1,
910000015671,False,none,-1,
910000015672,False,none,-1,
910000015673,False,none,-1,
910000015674,False,none,-1,
910000015675,False,none,-1,
910000015676,False,none,-1,
910000015677,False,none,-1,
910000015678,False,none,-1,
910000015679,False,none,-1,
910000015680,False,none,-1,
910000015681,False,none,-1,
910000015682,False,none,-1,
910000015683,False,none,-1,
910000015684,False,none,-1,
910000015685,False,none,-1,
910000015686,False,none,-1,
910000015687,False,none,-1,
910000015688,False,none,-1,
910000015689,False,none,-1,
910000015690,False,none,-1,
910000015691,False,none,-1,
910000015692,False,none,-1,
910000015693,False,none,-1,
910000015694,False,none,-1,
910000015695,True,L3,3,910000005391
910000015696,False,none,-1,
910000015697,False,none,-1,
910000015698,False,none,-1,
910000015699,False,none,-1,
910000015700,False,none,-1,
910000015701,False,none,-1,
910000015702,False,none,-1,
910000015703,False,none,-1,
910000015704,False,none,-1,
910000015705,False,none,-1,
910000015706,False,none,-1,
910000015707,False,none,-1,
910000015708,False,none,-1,
910000015709,False,none,-1,
910000015710,False,none,-1,
910000015711,False,none,-1,
910000015712,False,none,-1,
910000015713,False,none,-1,
910000015714,False,none,-1,
910000015715,False,none,-1,
910000015716,False,none,-1,
910000015717,False,none,-1,
910000015718,False,none,-1,
910000015719,False,none,-1,
910000015720,False,none,-1,
910000015721,False,none,-1,
910000015722,False,none,-1,
910000015723,False,none,-1,
910000015724,False,none,-1,
910000015725,False,none,-1,
910000015726,True,L3,33,910000018608
910000015727,False,none,-1,
910000015728,False,none,-1,
910000015729,False,none,-1,
910000015730,False,none,-1,
910000015731,False,none,-1,
910000015732,False,none,-1,
910000015733,False,none,-1,
910000015734,False,none,-1,
910000015735,False,none,-1,
910000015736,False,none,-1,
910000015737,False,none,-1,
910000015738,True,L1,32,910000012163
910000015739,False,none,-1,
910000015740,False,none,-1,
910000015741,False,none,-1,
910000015742,False,none,-1,
910000015743,False,none,-1,
910000015744,False,none,-1,
910000015745,False,none,-1,
910000015746,False,none,-1,
910000015747,False,none,-1,
910000015748,False,none,-1,
910000015749,False,none,-1,
910000015750,False,none,-1,
910000015751,False,none,-1,
910000015752,False,none,-1,
910000015753,False,none,-1,
910000015754,False,none,-1,
910000015755,False,none,-1,
910000015756,True,L3,44,910000020451
910000015757,False,none,-1,
910000015758,False,none,-1,
910000015759,False,none,-1,
910000015760,False,none,-1,
910000015761,False,none,-1,
910000015762,False,none,-1,
910000015763,False,none,-1,
910000015764,False,none,-1,
910000015765,False,none,-1,
910000015766,True,L2,7,910000021465
910000015767,False,none,-1,
910000015768,False,none,-1,
910000015769,False,none,-1,
910000015770,False,none,-1,
910000015771,False,none,-1,
910000015772,False,none,-1,
910000015773,False,none,-1,
910000015774,False,none,-1,
910000015775,False,none,-1,
910000015776,False,none,-1,
910000015777,False,none,-1,
910000015778,False,none,-1,
910000015779,True,L3,35,910000016466
910000015780,False,none,-1,
910000015781,False,none,-1,
910000015782,False,none,-1,
910000015783,False,none,-1,
910000015784,True,L3,57,910000022134
910000015785,False,none,-1,
910000015786,False,none,-1,
910000015787,False,none,-1,
910000015788,False,none,-1,
910000015789,False,none,-1,
910000015790,True,L3,47,910000014570
910000015791,False,none,-1,
910000015792,False,none,-1,
910000015793,False,none,-1,
910000015794,True,L2,57,910000022134
910000015795,True,L1,18,910000003772
910000015796,False,none,-1,
910000015797,False,none,-1,
910000015798,True,L2,27,910000019664
910000015799,False,none,-1,
910000015800,False,none,-1,
910000015801,False,none,-1,
910000015802,True,L3,31,910000017714
910000015803,False,none,-1,
910000015804,False,none,-1,
910000015805,False,none,-1,
910000015806,False,none,-1,
910000015807,False,none,-1,
910000015808,False,none,-1,
910000015809,False,none,-1,
910000015810,False,none,-1,
910000015811,False,none,-1,
910000015812,False,none,-1,
910000015813,False,none,-1,
910000015814,False,none,-1,
910000015815,False,none,-1,
910000015816,False,none,-1,
910000015817,False,none,-1,
910000015818,False,none,-1,
910000015819,True,L2,40,910000020852
910000015820,False,none,-1,
910000015821,True,L2,6,910000011918
910000015822,False,none,-1,
910000015823,False,none,-1,
910000015824,False,none,-1,
910000015825,False,none,-1,
910000015826,False,none,-1,
910000015827,False,none,-1,
910000015828,False,none,-1,
910000015829,False,none,-1,
910000015830,False,none,-1,
910000015831,False,none,-1,
910000015832,False,none,-1,
910000015833,True,L3,27,910000019664
910000015834,False,none,-1,
910000015835,True,L3,97,910000017134
910000015836,False,none,-1,
910000015837,False,none,-1,
910000015838,False,none,-1,
910000015839,False,none,-1,
910000015840,False,none,-1,
910000015841,False,none,-1,
910000015842,True,L3,58,910000016011
910000015843,False,none,-1,
910000015844,True,L2,83,910000004010
910000015845,False,none,-1,
910000015846,False,none,-1,
910000015847,False,none,-1,
910000015848,False,none,-1,
910000015849,False,none,-1,
910000015850,False,none,-1,
910000015851,False,none,-1,
910000015852,False,none,-1,
910000015853,False,none,-1,
910000015854,False,none,-1,
910000015855,False,none,-1,
910000015856,False,none,-1,
910000015857,False,none,-1,
910000015858,False,none,-1,
910000015859,False,none,-1,
910000015860,False,none,-1,
910000015861,False,none,-1,
910000015862,False,none,-1,
910000015863,False,none,-1,
910000015864,False,none,-1,
910000015865,False,none,-1,
910000015866,False,none,-1,
910000015867,False,none,-1,
910000015868,False,none,-1,
910000015869,False,none,-1,
910000015870,False,none,-1,
910000015871,False,none,-1,
910000015872,False,none,-1,
910000015873,False,none,-1,
910000015874,False,none,-1,
910000015875,False,none,-1,
910000015876,True,L1,92,910000021432
910000015877,False,none,-1,
910000015878,False,none,-1,
910000015879,False,none,-1,
910000015880,True,L3,36,910000007400
910000015881,False,none,-1,
910000015882,False,none,-1,
910000015883,False,none,-1,
910000015884,False,none,-1,
910000015885,False,none,-1,
910000015886,False,none,-1,
910000015887,False,none,-1,
910000015888,False,none,-1,
910000015889,False,none,-1,
910000015890,False,none,-1,
910000015891,False,none,-1,
910000015892,False,none,-1,
910000015893,False,none,-1,
910000015894,False,none,-1,
910000015895,False,none,-1,
910000015896,False,none,-1,
910000015897,False,none,-1,
910000015898,False,none,-1,
910000015899,False,none,-1,
910000015900,False,none,-1,
910000015901,False,none,-1,
910000015902,False,none,-1,
910000015903,False,none,-1,
910000015904,False,none,-1,
910000015905,False,none,-1,
910000015906,False,none,-1,
910000015907,False,none,-1,
910000015908,False,none,-1,
910000015909,False,none,-1,
910000015910,False,none,-1,
910000015911,False,none,-1,
910000015912,False,none,-1,
910000015913,False,none,-1,
910000015914,False,none,-1,
910000015915,False,none,-1,
910000015916,False,none,-1,
910000015917,False,none,-1,
910000015918,False,none,-1,
910000015919,False,none,-1,
910000015920,False,none,-1,
910000015921,False,none,-1,
910000015922,False,none,-1,
910000015923,False,none,-1,
910000015924,True,L3,57,910000022134
910000015925,False,none,-1,
910000015926,False,none,-1,
910000015927,False,none,-1,
910000015928,False,none,-1,
910000015929,False,none,-1,
910000015930,False,none,-1,
910000015931,False,none,-1,
910000015932,False,none,-1,
910000015933,False,none,-1,
910000015934,False,none,-1,
910000015935,False,none,-1,
910000015936,False,none,-1,
910000015937,False,none,-1,
910000015938,False,none,-1,
910000015939,False,none,-1,
910000015940,True,L1,56,910000008837
910000015941,True,L2,70,910000003386
910000015942,False,none,-1,
910000015943,False,none,-1,
910000015944,False,none,-1,
910000015945,False,none,-1,
910000015946,False,none,-1,
910000015947,False,none,-1,
910000015948,False,none,-1,
910000015949,False,none,-1,
910000015950,False,none,-1,
910000015951,False,none,-1,
910000015952,False,none,-1,
910000015953,False,none,-1,
910000015954,False,none,-1,
910000015955,False,none,-1,
910000015956,False,none,-1,
910000015957,False,none,-1,
910000015958,False,none,-1,
910000015959,False,none,-1,
910000015960,False,none,-1,
910000015961,False,none,-1,
910000015962,False,none,-1,
910000015963,False,none,-1,
910000015964,False,none,-1,
910000015965,False,none,-1,
910000015966,False,none,-1,
910000015967,False,none,-1,
910000015968,False,none,-1,
910000015969,False,none,-1,
910000015970,False,none,-1,
910000015971,False,none,-1,
910000015972,False,none,-1,
910000015973,False,none,-1,
910000015974,True,L3,39,910000001087
910000015975,False,none,-1,
910000015976,False,none,-1,
910000015977,False,none,-1,
910000015978,False,none,-1,
910000015979,True,L2,5,910000013728
910000015980,False,none,-1,
910000015981,False,none,-1,
910000015982,False,none,-1,
910000015983,False,none,-1,
910000015984,True,L3,39,910000001087
910000015985,False,none,-1,
910000015986,False,none,-1,
910000015987,False,none,-1,
910000015988,False,none,-1,
910000015989,False,none,-1,
910000015990,False,none,-1,
910000015991,False,none,-1,
910000015992,False,none,-1,
910000015993,False,none,-1,
910000015994,False,none,-1,
910000015995,False,none,-1,
910000015996,False,none,-1,
910000015997,False,none,-1,
910000015998,False,none,-1,
910000015999,False,none,-1,
910000016000,False,none,-1,
910000016001,False,none,-1,
910000016002,False,none,-1,
910000016003,False,none,-1,
910000016004,True,L2,67,910000017540
910000016005,False,none,-1,
910000016006,False,none,-1,
910000016007,False,none,-1,
910000016008,False,none,-1,
910000016009,False,none,-1,
910000016010,False,none,-1,
910000016011,False,none,-1,
910000016012,False,none,-1,
910000016013,False,none,-1,
910000016014,False,none,-1,
910000016015,False,none,-1,
910000016016,False,none,-1,
910000016017,False,none,-1,
910000016018,False,none,-1,
910000016019,False,none,-1,
910000016020,False,none,-1,
910000016021,False,none,-1,
910000016022,False,none,-1,
910000016023,False,none,-1,
910000016024,False,none,-1,
910000016025,False,none,-1,
910000016026,False,none,-1,
910000016027,False,none,-1,
910000016028,True,L2,54,910000005950
910000016029,False,none,-1,
910000016030,False,none,-1,
910000016031,False,none,-1,
910000016032,False,none,-1,
910000016033,False,none,-1,
910000016034,False,none,-1,
910000016035,False,none,-1,
910000016036,False,none,-1,
910000016037,False,none,-1,
910000016038,False,none,-1,
910000016039,False,none,-1,
910000016040,False,none,-1,
910000016041,True,L2,88,910000000548
910000016042,False,none,-1,
910000016043,False,none,-1,
910000016044,False,none,-1,
910000016045,False,none,-1,
910000016046,False,none,-1,
910000016047,False,none,-1,
910000016048,False,none,-1,
910000016049,False,none,-1,
910000016050,False,none,-1,
910000016051,False,none,-1,
910000016052,False,none,-1,
910000016053,False,none,-1,
910000016054,False,none,-1,
910000016055,False,none,-1,
910000016056,False,none,-1,
910000016057,False,none,-1,
910000016058,False,none,-1,
910000016059,False,none,-1,
910000016060,False,none,-1,
910000016061,False,none,-1,
910000016062,False,none,-1,
910000016063,True,L2,94,910000014634
910000016064,False,none,-1,
910000016065,False,none,-1,
910000016066,False,none,-1,
910000016067,False,none,-1,
910000016068,False,none,-1,
910000016069,False,none,-1,
910000016070,True,L1,31,910000017714
910000016071,False,none,-1,
910000016072,False,none,-1,
910000016073,False,none,-1,
910000016074,False,none,-1,
910000016075,False,none,-1,
910000016076,False,none,-1,
910000016077,False,none,-1,
910000016078,False,none,-1,
910000016079,True,L2,47,910000014570
910000016080,False,none,-1,
910000016081,False,none,-1,
910000016082,False,none,-1,
910000016083,False,none,-1,
910000016084,False,none,-1,
910000016085,False,none,-1,
910000016086,False,none,-1,
910000016087,False,none,-1,
910000016088,False,none,-1,
910000016089,False,none,-1,
910000016090,False,none,-1,
910000016091,False,none,-1,
910000016092,False,none,-1,
910000016093,False,none,-1,
910000016094,False,none,-1,
910000016095,False,none,-1,
910000016096,False,none,-1,
910000016097,False,none,-1,
910000016098,False,none,-1,
910000016099,False,none,-1,
910000016100,False,none,-1,
910000016101,False,none,-1,
910000016102,False,none,-1,
910000016103,False,none,-1,
910000016104,False,none,-1,
910000016105,False,none,-1,
910000016106,False,none,-1,
910000016107,False,none,-1,
910000016108,False,none,-1,
910000016109,False,none,-1,
910000016110,False,none,-1,
910000016111,False,none,-1,
910000016112,False,none,-1,
910000016113,False,none,-1,
910000016114,False,none,-1,
910000016115,False,none,-1,
910000016116,False,none,-1,
910000016117,False,none,-1,
910000016118,False,none,-1,
910000016119,False,none,-1,
910000016120,False,none,-1,
910000016121,False,none,-1,
910000016122,False,none,-1,
910000016123,False,none,-1,
910000016124,False,none,-1,
910000016125,False,none,-1,
910000016126,False,none,-1,
910000016127,False,none,-1,
910000016128,False,none,-1,
910000016129,False,none,-1,
910000016130,False,none,-1,
910000016131,False,none,-1,
910000016132,False,none,-1,
910000016133,False,none,-1,
910000016134,False,none,-1,
910000016135,False,none,-1,
910000016136,False,none,-1,
910000016137,False,none,-1,
910000016138,False,none,-1,
910000016139,False,none,-1,
910000016140,False,none,-1,
910000016141,False,none,-1,
910000016142,False,none,-1,
910000016143,False,none,-1,
910000016144,False,none,-1,
910000016145,False,none,-1,
910000016146,False,none,-1,
910000016147,False,none,-1,
910000016148,False,none,-1,
910000016149,False,none,-1,
910000016150,False,none,-1,
910000016151,False,none,-1,
910000016152,False,none,-1,
910000016153,False,none,-1,
910000016154,False,none,-1,
910000016155,False,none,-1,
910000016156,False,none,-1,
910000016157,False,none,-1,
910000016158,False,none,-1,
910000016159,False,none,-1,
910000016160,False,none,-1,
910000016161,False,none,-1,
910000016162,False,none,-1,
910000016163,False,none,-1,
910000016164,False,none,-1,
910000016165,False,none,-1,
910000016166,False,none,-1,
910000016167,False,none,-1,
910000016168,False,none,-1,
910000016169,False,none,-1,
910000016170,False,none,-1,
910000016171,False,none,-1,
910000016172,True,L2,66,910000009406
910000016173,False,none,-1,
910000016174,False,none,-1,
910000016175,False,none,-1,
910000016176,False,none,-1,
910000016177,False,none,-1,
910000016178,False,none,-1,
910000016179,False,none,-1,
910000016180,False,none,-1,
910000016181,False,none,-1,
910000016182,False,none,-1,
910000016183,True,L2,80,910000022510
910000016184,False,none,-1,
910000016185,False,none,-1,
910000016186,False,none,-1,
910000016187,False,none,-1,
910000016188,False,none,-1,
910000016189,False,none,-1,
910000016190,False,none,-1,
910000016191,False,none,-1,
910000016192,False,none,-1,
910000016193,False,none,-1,
910000016194,False,none,-1,
910000016195,False,none,-1,
910000016196,False,none,-1,
910000016197,False,none,-1,
910000016198,False,none,-1,
910000016199,False,none,-1,
910000016200,False,none,-1,
910000016201,False,none,-1,
910000016202,False,none,-1,
910000016203,False,none,-1,
910000016204,False,none,-1,
910000016205,False,none,-1,
910000016206,False,none,-1,
910000016207,False,none,-1,
910000016208,False,none,-1,
910000016209,False,none,-1,
910000016210,False,none,-1,
910000016211,False,none,-1,
910000016212,False,none,-1,
910000016213,False,none,-1,
910000016214,False,none,-1,
910000016215,False,none,-1,
910000016216,False,none,-1,
910000016217,False,none,-1,
910000016218,False,none,-1,
910000016219,False,none,-1,
910000016220,False,none,-1,
910000016221,False,none,-1,
910000016222,False,none,-1,
910000016223,False,none,-1,
910000016224,False,none,-1,
910000016225,False,none,-1,
910000016226,False,none,-1,
910000016227,False,none,-1,
910000016228,True,L2,58,910000016011
910000016229,False,none,-1,
910000016230,False,none,-1,
910000016231,False,none,-1,
910000016232,False,none,-1,
910000016233,False,none,-1,
910000016234,False,none,-1,
910000016235,False,none,-1,
910000016236,False,none,-1,
910000016237,False,none,-1,
910000016238,False,none,-1,
910000016239,False,none,-1,
910000016240,False,none,-1,
910000016241,False,none,-1,
910000016242,False,none,-1,
910000016243,True,L1,59,910000017341
910000016244,False,none,-1,
910000016245,False,none,-1,
910000016246,False,none,-1,
910000016247,False,none,-1,
910000016248,False,none,-1,
910000016249,False,none,-1,
910000016250,False,none,-1,
910000016251,False,none,-1,
910000016252,False,none,-1,
910000016253,False,none,-1,
910000016254,False,none,-1,
910000016255,False,none,-1,
910000016256,False,none,-1,
910000016257,False,none,-1,
910000016258,False,none,-1,
910000016259,False,none,-1,
910000016260,False,none,-1,
910000016261,False,none,-1,
910000016262,False,none,-1,
910000016263,False,none,-1,
910000016264,False,none,-1,
910000016265,False,none,-1,
910000016266,False,none,-1,
910000016267,False,none,-1,
910000016268,False,none,-1,
910000016269,False,none,-1,
910000016270,False,none,-1,
910000016271,False,none,-1,
910000016272,True,L2,63,910000019535
910000016273,False,none,-1,
910000016274,False,none,-1,
910000016275,False,none,-1,
910000016276,False,none,-1,
910000016277,True,L3,27,910000019664
910000016278,False,none,-1,
910000016279,False,none,-1,
910000016280,False,none,-1,
910000016281,False,none,-1,
910000016282,False,none,-1,
910000016283,False,none,-1,
910000016284,False,none,-1,
910000016285,False,none,-1,
910000016286,False,none,-1,
910000016287,False,none,-1,
910000016288,False,none,-1,
910000016289,False,none,-1,
910000016290,False,none,-1,
910000016291,False,none,-1,
910000016292,False,none,-1,
910000016293,False,none,-1,
910000016294,False,none,-1,
910000016295,False,none,-1,
910000016296,False,none,-1,
910000016297,False,none,-1,
910000016298,False,none,-1,
910000016299,False,none,-1,
910000016300,False,none,-1,
910000016301,False,none,-1,
910000016302,False,none,-1,
910000016303,False,none,-1,
910000016304,False,none,-1,
910000016305,False,none,-1,
910000016306,False,none,-1,
910000016307,True,L2,44,910000020451
910000016308,False,none,-1,
910000016309,False,none,-1,
910000016310,False,none,-1,
910000016311,False,none,-1,
910000016312,False,none,-1,
910000016313,False,none,-1,
910000016314,False,none,-1,
910000016315,False,none,-1,
910000016316,False,none,-1,
910000016317,False,none,-1,
910000016318,False,none,-1,
910000016319,False,none,-1,
910000016320,False,none,-1,
910000016321,False,none,-1,
910000016322,False,none,-1,
910000016323,False,none,-1,
910000016324,False,none,-1,
910000016325,False,none,-1,
910000016326,True,L3,81,910000021910
910000016327,False,none,-1,
910000016328,True,L3,46,910000001459
910000016329,True,L2,76,910000011433
910000016330,False,none,-1,
910000016331,False,none,-1,
910000016332,False,none,-1,
910000016333,False,none,-1,
910000016334,False,none,-1,
910000016335,False,none,-1,
910000016336,False,none,-1,
910000016337,False,none,-1,
910000016338,False,none,-1,
910000016339,False,none,-1,
910000016340,False,none,-1,
910000016341,False,none,-1,
910000016342,False,none,-1,
910000016343,False,none,-1,
910000016344,False,none,-1,
910000016345,False,none,-1,
910000016346,False,none,-1,
910000016347,False,none,-1,
910000016348,False,none,-1,
910000016349,False,none,-1,
910000016350,False,none,-1,
910000016351,False,none,-1,
910000016352,False,none,-1,
910000016353,False,none,-1,
910000016354,False,none,-1,
910000016355,False,none,-1,
910000016356,False,none,-1,
910000016357,False,none,-1,
910000016358,False,none,-1,
910000016359,False,none,-1,
910000016360,False,none,-1,
910000016361,False,none,-1,
910000016362,True,L1,87,910000024461
910000016363,False,none,-1,
910000016364,False,none,-1,
910000016365,False,none,-1,
910000016366,False,none,-1,
910000016367,False,none,-1,
910000016368,False,none,-1,
910000016369,False,none,-1,
910000016370,False,none,-1,
910000016371,False,none,-1,
910000016372,False,none,-1,
910000016373,False,none,-1,
910000016374,False,none,-1,
910000016375,False,none,-1,
910000016376,False,none,-1,
910000016377,False,none,-1,
910000016378,False,none,-1,
910000016379,False,none,-1,
910000016380,False,none,-1,
910000016381,False,none,-1,
910000016382,False,none,-1,
910000016383,False,none,-1,
910000016384,False,none,-1,
910000016385,False,none,-1,
910000016386,False,none,-1,
910000016387,False,none,-1,
910000016388,False,none,-1,
910000016389,False,none,-1,
910000016390,False,none,-1,
910000016391,False,none,-1,
910000016392,False,none,-1,
910000016393,False,none,-1,
910000016394,False,none,-1,
910000016395,False,none,-1,
910000016396,False,none,-1,
910000016397,False,none,-1,
910000016398,True,L2,26,910000012293
910000016399,False,none,-1,
910000016400,False,none,-1,
910000016401,False,none,-1,
910000016402,False,none,-1,
910000016403,False,none,-1,
910000016404,True,L3,95,910000000158
910000016405,False,none,-1,
910000016406,False,none,-1,
910000016407,False,none,-1,
910000016408,False,none,-1,
910000016409,False,none,-1,
910000016410,False,none,-1,
910000016411,False,none,-1,
910000016412,True,L2,99,910000017824
910000016413,False,none,-1,
910000016414,False,none,-1,
910000016415,False,none,-1,
910000016416,False,none,-1,
910000016417,False,none,-1,
910000016418,False,none,-1,
910000016419,False,none,-1,
910000016420,False,none,-1,
910000016421,False,none,-1,
910000016422,False,none,-1,
910000016423,False,none,-1,
910000016424,False,none,-1,
910000016425,False,none,-1,
910000016426,True,L2,21,910000024175
910000016427,False,none,-1,
910000016428,True,L1,11,910000010364
910000016429,False,none,-1,
910000016430,False,none,-1,
910000016431,False,none,-1,
910000016432,False,none,-1,
910000016433,False,none,-1,
910000016434,False,none,-1,
910000016435,False,none,-1,
910000016436,False,none,-1,
910000016437,False,none,-1,
910000016438,False,none,-1,
910000016439,False,none,-1,
910000016440,False,none,-1,
910000016441,False,none,-1,
910000016442,False,none,-1,
910000016443,False,none,-1,
910000016444,False,none,-1,
910000016445,False,none,-1,
910000016446,False,none,-1,
910000016447,False,none,-1,
910000016448,True,L3,1,910000024661
910000016449,False,none,-1,
910000016450,False,none,-1,
910000016451,False,none,-1,
910000016452,True,L3,10,910000002246
910000016453,False,none,-1,
910000016454,False,none,-1,
910000016455,True,L2,87,910000024461
910000016456,False,none,-1,
910000016457,False,none,-1,
910000016458,False,none,-1,
910000016459,False,none,-1,
910000016460,False,none,-1,
910000016461,False,none,-1,
910000016462,False,none,-1,
910000016463,False,none,-1,
910000016464,True,L2,41,910000005164
910000016465,True,L1,90,910000002815
910000016466,False,none,-1,
910000016467,False,none,-1,
910000016468,False,none,-1,
910000016469,False,none,-1,
910000016470,False,none,-1,
910000016471,False,none,-1,
910000016472,False,none,-1,
910000016473,False,none,-1,
910000016474,False,none,-1,
910000016475,False,none,-1,
910000016476,False,none,-1,
910000016477,True,L3,70,910000003386
910000016478,False,none,-1,
910000016479,False,none,-1,
910000016480,False,none,-1,
910000016481,False,none,-1,
910000016482,False,none,-1,
910000016483,False,none,-1,
910000016484,False,none,-1,
910000016485,False,none,-1,
910000016486,False,none,-1,
910000016487,False,none,-1,
910000016488,False,none,-1,
910000016489,True,L2,34,910000007044
910000016490,False,none,-1,
910000016491,False,none,-1,
910000016492,False,none,-1,
910000016493,False,none,-1,
910000016494,False,none,-1,
910000016495,False,none,-1,
910000016496,False,none,-1,
910000016497,False,none,-1,
910000016498,False,none,-1,
910000016499,False,none,-1,
910000016500,False,none,-1,
910000016501,False,none,-1,
910000016502,False,none,-1,
910000016503,False,none,-1,
910000016504,False,none,-1,
910000016505,False,none,-1,
910000016506,False,none,-1,
910000016507,False,none,-1,
910000016508,False,none,-1,
910000016509,False,none,-1,
910000016510,False,none,-1,
910000016511,True,L2,25,910000004408
910000016512,False,none,-1,
910000016513,False,none,-1,
910000016514,False,none,-1,
910000016515,False,none,-1,
910000016516,False,none,-1,
910000016517,False,none,-1,
910000016518,False,none,-1,
910000016519,False,none,-1,
910000016520,False,none,-1,
910000016521,False,none,-1,
910000016522,False,none,-1,
910000016523,False,none,-1,
910000016524,False,none,-1,
910000016525,False,none,-1,
910000016526,False,none,-1,
910000016527,False,none,-1,
910000016528,False,none,-1,
910000016529,False,none,-1,
910000016530,False,none,-1,
910000016531,False,none,-1,
910000016532,False,none,-1,
910000016533,False,none,-1,
910000016534,False,none,-1,
910000016535,False,none,-1,
910000016536,False,none,-1,
910000016537,False,none,-1,
910000016538,False,none,-1,
910000016539,False,none,-1,
910000016540,False,none,-1,
910000016541,False,none,-1,
910000016542,True,L1,6,910000011918
910000016543,False,none,-1,
910000016544,True,L2,25,910000004408
910000016545,False,none,-1,
910000016546,False,none,-1,
910000016547,False,none,-1,
910000016548,False,none,-1,
910000016549,False,none,-1,
910000016550,False,none,-1,
910000016551,False,none,-1,
910000016552,False,none,-1,
910000016553,False,none,-1,
910000016554,False,none,-1,
910000016555,False,none,-1,
910000016556,False,none,-1,
910000016557,False,none,-1,
910000016558,False,none,-1,
910000016559,False,none,-1,
910000016560,False,none,-1,
910000016561,False,none,-1,
910000016562,False,none,-1,
910000016563,False,none,-1,
910000016564,False,none,-1,
910000016565,False,none,-1,
910000016566,False,none,-1,
910000016567,False,none,-1,
910000016568,False,none,-1,
910000016569,False,none,-1,
910000016570,False,none,-1,
910000016571,False,none,-1,
910000016572,False,none,-1,
910000016573,False,none,-1,
910000016574,False,none,-1,
910000016575,False,none,-1,
910000016576,False,none,-1,
910000016577,False,none,-1,
910000016578,False,none,-1,
910000016579,False,none,-1,
910000016580,False,none,-1,
910000016581,False,none,-1,
910000016582,False,none,-1,
910000016583,False,none,-1,
910000016584,False,none,-1,
910000016585,False,none,-1,
910000016586,False,none,-1,
910000016587,False,none,-1,
910000016588,False,none,-1,
910000016589,False,none,-1,
910000016590,False,none,-1,
910000016591,False,none,-1,
910000016592,False,none,-1,
910000016593,False,none,-1,
910000016594,False,none,-1,
910000016595,False,none,-1,
910000016596,True,L1,42,910000012324
910000016597,False,none,-1,
910000016598,False,none,-1,
910000016599,False,none,-1,
910000016600,False,none,-1,
910000016601,False,none,-1,
910000016602,False,none,-1,
910000016603,False,none,-1,
910000016604,False,none,-1,
910000016605,False,none,-1,
910000016606,False,none,-1,
910000016607,False,none,-1,
910000016608,False,none,-1,
910000016609,False,none,-1,
910000016610,False,none,-1,
910000016611,False,none,-1,
910000016612,False,none,-1,
910000016613,False,none,-1,
910000016614,False,none,-1,
910000016615,False,none,-1,
910000016616,False,none,-1,
910000016617,False,none,-1,
910000016618,False,none,-1,
910000016619,False,none,-1,
910000016620,False,none,-1,
910000016621,False,none,-1,
910000016622,False,none,-1,
910000016623,True,L3,42,910000012324
910000016624,False,none,-1,
910000016625,False,none,-1,
910000016626,False,none,-1,
910000016627,False,none,-1,
910000016628,False,none,-1,
910000016629,False,none,-1,
910000016630,False,none,-1,
910000016631,False,none,-1,
910000016632,False,none,-1,
910000016633,False,none,-1,
910000016634,False,none,-1,
910000016635,False,none,-1,
910000016636,False,none,-1,
910000016637,False,none,-1,
910000016638,False,none,-1,
910000016639,False,none,-1,
910000016640,False,none,-1,
910000016641,False,none,-1,
910000016642,False,none,-1,
910000016643,False,none,-1,
910000016644,False,none,-1,
910000016645,False,none,-1,
910000016646,False,none,-1,
910000016647,False,none,-1,
910000016648,False,none,-1,
910000016649,False,none,-1,
910000016650,False,none,-1,
910000016651,False,none,-1,
910000016652,False,none,-1,
910000016653,False,none,-1,
910000016654,False,none,-1,
910000016655,False,none,-1,
910000016656,False,none,-1,
910000016657,False,none,-1,
910000016658,False,none,-1,
910000016659,False,none,-1,
910000016660,True,L2,90,910000002815
910000016661,False,none,-1,
910000016662,False,none,-1,
910000016663,False,none,-1,
910000016664,False,none,-1,
910000016665,False,none,-1,
910000016666,False,none,-1,
910000016667,False,none,-1,
910000016668,False,none,-1,
910000016669,False,none,-1,
910000016670,False,none,-1,
910000016671,False,none,-1,
910000016672,False,none,-1,
910000016673,False,none,-1,
910000016674,False,none,-1,
910000016675,True,L2,12,910000020672
910000016676,False,none,-1,
910000016677,False,none,-1,
910000016678,False,none,-1,
910000016679,False,none,-1,
910000016680,False,none,-1,
910000016681,False,none,-1,
910000016682,False,none,-1,
910000016683,False,none,-1,
910000016684,False,none,-1,
910000016685,False,none,-1,
910000016686,False,none,-1,
910000016687,False,none,-1,
910000016688,False,none,-1,
910000016689,False,none,-1,
910000016690,False,none,-1,
910000016691,False,none,-1,
910000016692,False,none,-1,
910000016693,False,none,-1,
910000016694,False,none,-1,
910000016695,False,none,-1,
910000016696,False,none,-1,
910000016697,False,none,-1,
910000016698,False,none,-1,
910000016699,False,none,-1,
910000016700,False,none,-1,
910000016701,False,none,-1,
910000016702,False,none,-1,
910000016703,False,none,-1,
910000016704,True,L2,87,910000024461
910000016705,False,none,-1,
910000016706,False,none,-1,
910000016707,False,none,-1,
910000016708,False,none,-1,
910000016709,False,none,-1,
910000016710,False,none,-1,
910000016711,False,none,-1,
910000016712,False,none,-1,
910000016713,False,none,-1,
910000016714,False,none,-1,
910000016715,False,none,-1,
910000016716,False,none,-1,
910000016717,False,none,-1,
910000016718,True,L1,62,910000013403
910000016719,False,none,-1,
910000016720,False,none,-1,
910000016721,False,none,-1,
910000016722,False,none,-1,
910000016723,False,none,-1,
910000016724,False,none,-1,
910000016725,False,none,-1,
910000016726,False,none,-1,
910000016727,False,none,-1,
910000016728,False,none,-1,
910000016729,False,none,-1,
910000016730,False,none,-1,
910000016731,False,none,-1,
910000016732,False,none,-1,
910000016733,False,none,-1,
910000016734,False,none,-1,
910000016735,False,none,-1,
910000016736,False,none,-1,
910000016737,False,none,-1,
910000016738,False,none,-1,
910000016739,False,none,-1,
910000016740,False,none,-1,
910000016741,False,none,-1,
910000016742,False,none,-1,
910000016743,False,none,-1,
910000016744,False,none,-1,
910000016745,False,none,-1,
910000016746,True,L3,59,910000017341
910000016747,False,none,-1,
910000016748,False,none,-1,
910000016749,False,none,-1,
910000016750,False,none,-1,
910000016751,False,none,-1,
910000016752,False,none,-1,
910000016753,False,none,-1,
910000016754,False,none,-1,
910000016755,False,none,-1,
910000016756,False,none,-1,
910000016757,False,none,-1,
910000016758,False,none,-1,
910000016759,False,none,-1,
910000016760,False,none,-1,
910000016761,False,none,-1,
910000016762,False,none,-1,
910000016763,False,none,-1,
910000016764,False,none,-1,
910000016765,False,none,-1,
910000016766,False,none,-1,
910000016767,False,none,-1,
910000016768,False,none,-1,
910000016769,False,none,-1,
910000016770,False,none,-1,
910000016771,False,none,-1,
910000016772,False,none,-1,
910000016773,False,none,-1,
910000016774,False,none,-1,
910000016775,False,none,-1,
910000016776,False,none,-1,
910000016777,False,none,-1,
910000016778,False,none,-1,
910000016779,True,L3,71,910000012327
910000016780,False,none,-1,
910000016781,False,none,-1,
910000016782,False,none,-1,
910000016783,True,L1,98,910000006246
910000016784,False,none,-1,
910000016785,False,none,-1,
910000016786,False,none,-1,
910000016787,False,none,-1,
910000016788,False,none,-1,
910000016789,False,none,-1,
910000016790,False,none,-1,
910000016791,True,L3,12,910000020672
910000016792,False,none,-1,
910000016793,False,none,-1,
910000016794,False,none,-1,
910000016795,False,none,-1,
910000016796,False,none,-1,
910000016797,True,L2,76,910000011433
910000016798,True,L2,72,910000017637
910000016799,True,L2,14,910000024141
910000016800,False,none,-1,
910000016801,False,none,-1,
910000016802,False,none,-1,
910000016803,False,none,-1,
910000016804,True,L1,93,910000005922
910000016805,True,L2,22,910000010458
910000016806,False,none,-1,
910000016807,False,none,-1,
910000016808,False,none,-1,
910000016809,False,none,-1,
910000016810,False,none,-1,
910000016811,False,none,-1,
910000016812,True,L2,17,910000009375
910000016813,False,none,-1,
910000016814,False,none,-1,
910000016815,False,none,-1,
910000016816,False,none,-1,
910000016817,False,none,-1,
910000016818,False,none,-1,
910000016819,False,none,-1,
910000016820,False,none,-1,
910000016821,False,none,-1,
910000016822,False,none,-1,
910000016823,False,none,-1,
910000016824,False,none,-1,
910000016825,False,none,-1,
910000016826,False,none,-1,
910000016827,False,none,-1,
910000016828,False,none,-1,
910000016829,False,none,-1,
910000016830,False,none,-1,
910000016831,False,none,-1,
910000016832,False,none,-1,
910000016833,False,none,-1,
910000016834,False,none,-1,
910000016835,False,none,-1,
910000016836,False,none,-1,
910000016837,False,none,-1,
910000016838,False,none,-1,
910000016839,False,none,-1,
910000016840,False,none,-1,
910000016841,False,none,-1,
910000016842,False,none,-1,
910000016843,False,none,-1,
910000016844,False,none,-1,
910000016845,False,none,-1,
910000016846,False,none,-1,
910000016847,False,none,-1,
910000016848,False,none,-1,
910000016849,False,none,-1,
910000016850,False,none,-1,
910000016851,False,none,-1,
910000016852,False,none,-1,
910000016853,False,none,-1,
910000016854,False,none,-1,
910000016855,False,none,-1,
910000016856,False,none,-1,
910000016857,False,none,-1,
910000016858,False,none,-1,
910000016859,False,none,-1,
910000016860,False,none,-1,
910000016861,False,none,-1,
910000016862,False,none,-1,
910000016863,False,none,-1,
910000016864,False,none,-1,
910000016865,False,none,-1,
910000016866,True,L3,93,910000005922
910000016867,False,none,-1,
910000016868,False,none,-1,
910000016869,False,none,-1,
910000016870,False,none,-1,
910000016871,False,none,-1,
910000016872,False,none,-1,
910000016873,False,none,-1,
910000016874,False,none,-1,
910000016875,False,none,-1,
910000016876,False,none,-1,
910000016877,False,none,-1,
910000016878,True,L2,51,910000010225
910000016879,False,none,-1,
910000016880,False,none,-1,
910000016881,False,none,-1,
910000016882,False,none,-1,
910000016883,True,L2,68,910000023712
910000016884,False,none,-1,
910000016885,False,none,-1,
910000016886,False,none,-1,
910000016887,False,none,-1,
910000016888,False,none,-1,
910000016889,False,none,-1,
910000016890,False,none,-1,
910000016891,False,none,-1,
910000016892,False,none,-1,
910000016893,False,none,-1,
910000016894,False,none,-1,
910000016895,False,none,-1,
910000016896,False,none,-1,
910000016897,False,none,-1,
910000016898,False,none,-1,
910000016899,False,none,-1,
910000016900,True,L2,97,910000017134
910000016901,False,none,-1,
910000016902,False,none,-1,
910000016903,False,none,-1,
910000016904,False,none,-1,
910000016905,False,none,-1,
910000016906,False,none,-1,
910000016907,False,none,-1,
910000016908,False,none,-1,
910000016909,False,none,-1,
910000016910,False,none,-1,
910000016911,False,none,-1,
910000016912,False,none,-1,
910000016913,False,none,-1,
910000016914,False,none,-1,
910000016915,False,none,-1,
910000016916,False,none,-1,
910000016917,False,none,-1,
910000016918,False,none,-1,
910000016919,False,none,-1,
910000016920,False,none,-1,
910000016921,False,none,-1,
910000016922,False,none,-1,
910000016923,True,L2,47,910000014570
910000016924,False,none,-1,
910000016925,False,none,-1,
910000016926,False,none,-1,
910000016927,False,none,-1,
910000016928,False,none,-1,
910000016929,False,none,-1,
910000016930,False,none,-1,
910000016931,False,none,-1,
910000016932,False,none,-1,
910000016933,False,none,-1,
910000016934,False,none,-1,
910000016935,False,none,-1,
910000016936,False,none,-1,
910000016937,False,none,-1,
910000016938,False,none,-1,
910000016939,False,none,-1,
910000016940,False,none,-1,
910000016941,False,none,-1,
910000016942,False,none,-1,
910000016943,False,none,-1,
910000016944,False,none,-1,
910000016945,True,L3,63,910000019535
910000016946,False,none,-1,
910000016947,False,none,-1,
910000016948,False,none,-1,
910000016949,False,none,-1,
910000016950,False,none,-1,
910000016951,False,none,-1,
910000016952,False,none,-1,
910000016953,False,none,-1,
910000016954,False,none,-1,
910000016955,False,none,-1,
910000016956,False,none,-1,
910000016957,False,none,-1,
910000016958,False,none,-1,
910000016959,False,none,-1,
910000016960,False,none,-1,
910000016961,False,none,-1,
910000016962,False,none,-1,
910000016963,False,none,-1,
910000016964,False,none,-1,
910000016965,False,none,-1,
910000016966,False,none,-1,
910000016967,False,none,-1,
910000016968,False,none,-1,
910000016969,False,none,-1,
910000016970,False,none,-1,
910000016971,False,none,-1,
910000016972,False,none,-1,
910000016973,False,none,-1,
910000016974,False,none,-1,
910000016975,False,none,-1,
910000016976,False,none,-1,
910000016977,False,none,-1,
910000016978,False,none,-1,
910000016979,False,none,-1,
910000016980,False,none,-1,
910000016981,False,none,-1,
910000016982,False,none,-1,
910000016983,False,none,-1,
910000016984,False,none,-1,
910000016985,False,none,-1,
910000016986,False,none,-1,
910000016987,False,none,-1,
910000016988,False,none,-1,
910000016989,False,none,-1,
910000016990,False,none,-1,
910000016991,False,none,-1,
910000016992,False,none,-1,
910000016993,True,L3,45,910000024669
910000016994,False,none,-1,
910000016995,False,none,-1,
910000016996,False,none,-1,
910000016997,False,none,-1,
910000016998,False,none,-1,
910000016999,False,none,-1,
910000017000,False,none,-1,
910000017001,False,none,-1,
910000017002,False,none,-1,
910000017003,False,none,-1,
910000017004,False,none,-1,
910000017005,False,none,-1,
910000017006,False,none,-1,
910000017007,False,none,-1,
910000017008,False,none,-1,
910000017009,True,L1,21,910000024175
910000017010,False,none,-1,
910000017011,False,none,-1,
910000017012,False,none,-1,
910000017013,False,none,-1,
910000017014,False,none,-1,
910000017015,False,none,-1,
910000017016,False,none,-1,
910000017017,False,none,-1,
910000017018,False,none,-1,
910000017019,False,none,-1,
910000017020,False,none,-1,
910000017021,False,none,-1,
910000017022,False,none,-1,
910000017023,False,none,-1,
910000017024,False,none,-1,
910000017025,False,none,-1,
910000017026,False,none,-1,
910000017027,False,none,-1,
910000017028,False,none,-1,
910000017029,False,none,-1,
910000017030,False,none,-1,
910000017031,False,none,-1,
910000017032,False,none,-1,
910000017033,False,none,-1,
910000017034,False,none,-1,
910000017035,False,none,-1,
910000017036,False,none,-1,
910000017037,False,none,-1,
910000017038,False,none,-1,
910000017039,False,none,-1,
910000017040,False,none,-1,
910000017041,False,none,-1,
910000017042,False,none,-1,
910000017043,False,none,-1,
910000017044,False,none,-1,
910000017045,False,none,-1,
910000017046,True,L3,74,910000002855
910000017047,False,none,-1,
910000017048,False,none,-1,
910000017049,False,none,-1,
910000017050,False,none,-1,
910000017051,False,none,-1,
910000017052,False,none,-1,
910000017053,False,none,-1,
910000017054,False,none,-1,
910000017055,False,none,-1,
910000017056,False,none,-1,
910000017057,False,none,-1,
910000017058,False,none,-1,
910000017059,False,none,-1,
910000017060,False,none,-1,
910000017061,False,none,-1,
910000017062,False,none,-1,
910000017063,False,none,-1,
910000017064,False,none,-1,
910000017065,False,none,-1,
910000017066,False,none,-1,
910000017067,True,L1,62,910000013403
910000017068,False,none,-1,
910000017069,False,none,-1,
910000017070,False,none,-1,
910000017071,False,none,-1,
910000017072,False,none,-1,
910000017073,False,none,-1,
910000017074,False,none,-1,
910000017075,False,none,-1,
910000017076,False,none,-1,
910000017077,False,none,-1,
910000017078,False,none,-1,
910000017079,False,none,-1,
910000017080,False,none,-1,
910000017081,False,none,-1,
910000017082,False,none,-1,
910000017083,False,none,-1,
910000017084,False,none,-1,
910000017085,False,none,-1,
910000017086,False,none,-1,
910000017087,False,none,-1,
910000017088,False,none,-1,
910000017089,False,none,-1,
910000017090,False,none,-1,
910000017091,False,none,-1,
910000017092,False,none,-1,
910000017093,False,none,-1,
910000017094,False,none,-1,
910000017095,True,L3,83,910000004010
910000017096,False,none,-1,
910000017097,False,none,-1,
910000017098,False,none,-1,
910000017099,True,L1,65,910000010732
910000017100,False,none,-1,
910000017101,False,none,-1,
910000017102,False,none,-1,
910000017103,False,none,-1,
910000017104,False,none,-1,
910000017105,False,none,-1,
910000017106,False,none,-1,
910000017107,False,none,-1,
910000017108,False,none,-1,
910000017109,False,none,-1,
910000017110,False,none,-1,
910000017111,False,none,-1,
910000017112,False,none,-1,
910000017113,False,none,-1,
910000017114,False,none,-1,
910000017115,False,none,-1,
910000017116,False,none,-1,
910000017117,False,none,-1,
910000017118,False,none,-1,
910000017119,False,none,-1,
910000017120,False,none,-1,
910000017121,False,none,-1,
910000017122,False,none,-1,
910000017123,True,L3,84,910000003083
910000017124,False,none,-1,
910000017125,False,none,-1,
910000017126,False,none,-1,
910000017127,False,none,-1,
910000017128,False,none,-1,
910000017129,False,none,-1,
910000017130,False,none,-1,
910000017131,False,none,-1,
910000017132,False,none,-1,
910000017133,False,none,-1,
910000017134,False,none,-1,
910000017135,False,none,-1,
910000017136,False,none,-1,
910000017137,False,none,-1,
910000017138,False,none,-1,
910000017139,False,none,-1,
910000017140,False,none,-1,
910000017141,False,none,-1,
910000017142,False,none,-1,
910000017143,False,none,-1,
910000017144,False,none,-1,
910000017145,False,none,-1,
910000017146,False,none,-1,
910000017147,False,none,-1,
910000017148,False,none,-1,
910000017149,False,none,-1,
910000017150,False,none,-1,
910000017151,False,none,-1,
910000017152,False,none,-1,
910000017153,False,none,-1,
910000017154,False,none,-1,
910000017155,False,none,-1,
910000017156,False,none,-1,
910000017157,False,none,-1,
910000017158,False,none,-1,
910000017159,False,none,-1,
910000017160,False,none,-1,
910000017161,False,none,-1,
910000017162,False,none,-1,
910000017163,False,none,-1,
910000017164,False,none,-1,
910000017165,False,none,-1,
910000017166,False,none,-1,
910000017167,False,none,-1,
910000017168,True,L1,98,910000006246
910000017169,False,none,-1,
910000017170,False,none,-1,
910000017171,False,none,-1,
910000017172,False,none,-1,
910000017173,False,none,-1,
910000017174,False,none,-1,
910000017175,False,none,-1,
910000017176,False,none,-1,
910000017177,False,none,-1,
910000017178,True,L3,64,910000005320
910000017179,False,none,-1,
910000017180,False,none,-1,
910000017181,False,none,-1,
910000017182,False,none,-1,
910000017183,False,none,-1,
910000017184,True,L2,46,910000001459
910000017185,False,none,-1,
910000017186,False,none,-1,
910000017187,False,none,-1,
910000017188,False,none,-1,
910000017189,False,none,-1,
910000017190,False,none,-1,
910000017191,False,none,-1,
910000017192,False,none,-1,
910000017193,False,none,-1,
910000017194,False,none,-1,
910000017195,False,none,-1,
910000017196,False,none,-1,
910000017197,True,L3,91,910000015936
910000017198,False,none,-1,
910000017199,False,none,-1,
910000017200,False,none,-1,
910000017201,False,none,-1,
910000017202,False,none,-1,
910000017203,False,none,-1,
910000017204,False,none,-1,
910000017205,False,none,-1,
910000017206,False,none,-1,
910000017207,False,none,-1,
910000017208,False,none,-1,
910000017209,False,none,-1,
910000017210,False,none,-1,
910000017211,True,L1,44,910000020451
910000017212,False,none,-1,
910000017213,False,none,-1,
910000017214,False,none,-1,
910000017215,False,none,-1,
910000017216,False,none,-1,
910000017217,False,none,-1,
910000017218,False,none,-1,
910000017219,False,none,-1,
910000017220,False,none,-1,
910000017221,False,none,-1,
910000017222,False,none,-1,
910000017223,False,none,-1,
910000017224,False,none,-1,
910000017225,False,none,-1,
910000017226,False,none,-1,
910000017227,False,none,-1,
910000017228,False,none,-1,
910000017229,False,none,-1,
910000017230,False,none,-1,
910000017231,False,none,-1,
910000017232,False,none,-1,
910000017233,False,none,-1,
910000017234,False,none,-1,
910000017235,False,none,-1,
910000017236,False,none,-1,
910000017237,False,none,-1,
910000017238,False,none,-1,
910000017239,True,L3,2,910000017935
910000017240,False,none,-1,
910000017241,False,none,-1,
910000017242,False,none,-1,
910000017243,False,none,-1,
910000017244,False,none,-1,
910000017245,True,L1,5,910000013728
910000017246,False,none,-1,
910000017247,False,none,-1,
910000017248,False,none,-1,
910000017249,False,none,-1,
910000017250,False,none,-1,
910000017251,False,none,-1,
910000017252,False,none,-1,
910000017253,False,none,-1,
910000017254,False,none,-1,
910000017255,False,none,-1,
910000017256,False,none,-1,
910000017257,False,none,-1,
910000017258,False,none,-1,
910000017259,False,none,-1,
910000017260,False,none,-1,
910000017261,False,none,-1,
910000017262,False,none,-1,
910000017263,False,none,-1,
910000017264,False,none,-1,
910000017265,False,none,-1,
910000017266,False,none,-1,
910000017267,False,none,-1,
910000017268,False,none,-1,
910000017269,False,none,-1,
910000017270,False,none,-1,
910000017271,False,none,-1,
910000017272,False,none,-1,
910000017273,False,none,-1,
910000017274,False,none,-1,
910000017275,False,none,-1,
910000017276,False,none,-1,
910000017277,False,none,-1,
910000017278,False,none,-1,
910000017279,False,none,-1,
910000017280,False,none,-1,
910000017281,False,none,-1,
910000017282,False,none,-1,
910000017283,False,none,-1,
910000017284,False,none,-1,
910000017285,False,none,-1,
910000017286,False,none,-1,
910000017287,False,none,-1,
910000017288,False,none,-1,
910000017289,True,L3,19,910000002009
910000017290,False,none,-1,
910000017291,False,none,-1,
910000017292,False,none,-1,
910000017293,False,none,-1,
910000017294,False,none,-1,
910000017295,False,none,-1,
910000017296,False,none,-1,
910000017297,False,none,-1,
910000017298,False,none,-1,
910000017299,False,none,-1,
910000017300,False,none,-1,
910000017301,False,none,-1,
910000017302,False,none,-1,
910000017303,False,none,-1,
910000017304,False,none,-1,
910000017305,False,none,-1,
910000017306,False,none,-1,
910000017307,False,none,-1,
910000017308,False,none,-1,
910000017309,False,none,-1,
910000017310,False,none,-1,
910000017311,False,none,-1,
910000017312,False,none,-1,
910000017313,False,none,-1,
910000017314,False,none,-1,
910000017315,False,none,-1,
910000017316,False,none,-1,
910000017317,False,none,-1,
910000017318,False,none,-1,
910000017319,False,none,-1,
910000017320,False,none,-1,
910000017321,False,none,-1,
910000017322,False,none,-1,
910000017323,False,none,-1,
910000017324,False,none,-1,
910000017325,False,none,-1,
910000017326,True,L3,61,910000009892
910000017327,False,none,-1,
910000017328,False,none,-1,
910000017329,False,none,-1,
910000017330,False,none,-1,
910000017331,False,none,-1,
910000017332,False,none,-1,
910000017333,False,none,-1,
910000017334,False,none,-1,
910000017335,False,none,-1,
910000017336,False,none,-1,
910000017337,False,none,-1,
910000017338,False,none,-1,
910000017339,False,none,-1,
910000017340,False,none,-1,
910000017341,False,none,-1,
910000017342,False,none,-1,
910000017343,False,none,-1,
910000017344,False,none,-1,
910000017345,False,none,-1,
910000017346,False,none,-1,
910000017347,False,none,-1,
910000017348,False,none,-1,
910000017349,False,none,-1,
910000017350,False,none,-1,
910000017351,False,none,-1,
910000017352,False,none,-1,
910000017353,False,none,-1,
910000017354,False,none,-1,
910000017355,False,none,-1,
910000017356,True,L2,17,910000009375
910000017357,False,none,-1,
910000017358,False,none,-1,
910000017359,False,none,-1,
910000017360,False,none,-1,
910000017361,False,none,-1,
910000017362,False,none,-1,
910000017363,False,none,-1,
910000017364,False,none,-1,
910000017365,False,none,-1,
910000017366,False,none,-1,
910000017367,False,none,-1,
910000017368,False,none,-1,
910000017369,False,none,-1,
910000017370,False,none,-1,
910000017371,False,none,-1,
910000017372,False,none,-1,
910000017373,False,none,-1,
910000017374,False,none,-1,
910000017375,False,none,-1,
910000017376,False,none,-1,
910000017377,False,none,-1,
910000017378,False,none,-1,
910000017379,False,none,-1,
910000017380,False,none,-1,
910000017381,False,none,-1,
910000017382,False,none,-1,
910000017383,False,none,-1,
910000017384,False,none,-1,
910000017385,False,none,-1,
910000017386,False,none,-1,
910000017387,False,none,-1,
910000017388,False,none,-1,
910000017389,False,none,-1,
910000017390,False,none,-1,
910000017391,False,none,-1,
910000017392,False,none,-1,
910000017393,False,none,-1,
910000017394,False,none,-1,
910000017395,False,none,-1,
910000017396,False,none,-1,
910000017397,False,none,-1,
910000017398,False,none,-1,
910000017399,False,none,-1,
910000017400,False,none,-1,
910000017401,False,none,-1,
910000017402,True,L1,75,910000008084
910000017403,True,L1,60,910000007647
910000017404,False,none,-1,
910000017405,False,none,-1,
910000017406,False,none,-1,
910000017407,False,none,-1,
910000017408,False,none,-1,
910000017409,False,none,-1,
910000017410,False,none,-1,
910000017411,False,none,-1,
910000017412,False,none,-1,
910000017413,False,none,-1,
910000017414,False,none,-1,
910000017415,False,none,-1,
910000017416,False,none,-1,
910000017417,False,none,-1,
910000017418,False,none,-1,
910000017419,False,none,-1,
910000017420,False,none,-1,
910000017421,False,none,-1,
910000017422,False,none,-1,
910000017423,False,none,-1,
910000017424,False,none,-1,
910000017425,False,none,-1,
910000017426,False,none,-1,
910000017427,False,none,-1,
910000017428,False,none,-1,
910000017429,False,none,-1,
910000017430,False,none,-1,
910000017431,False,none,-1,
910000017432,False,none,-1,
910000017433,False,none,-1,
910000017434,False,none,-1,
910000017435,False,none,-1,
910000017436,False,none,-1,
910000017437,True,L3,85,910000000362
910000017438,False,none,-1,
910000017439,False,none,-1,
910000017440,False,none,-1,
910000017441,False,none,-1,
910000017442,False,none,-1,
910000017443,False,none,-1,
910000017444,False,none,-1,
910000017445,False,none,-1,
910000017446,False,none,-1,
910000017447,False,none,-1,
910000017448,False,none,-1,
910000017449,False,none,-1,
910000017450,False,none,-1,
910000017451,False,none,-1,
910000017452,False,none,-1,
910000017453,True,L1,55,910000001567
910000017454,False,none,-1,
910000017455,False,none,-1,
910000017456,False,none,-1,
910000017457,False,none,-1,
910000017458,False,none,-1,
910000017459,False,none,-1,
910000017460,False,none,-1,
910000017461,False,none,-1,
910000017462,False,none,-1,
910000017463,False,none,-1,
910000017464,True,L2,45,910000024669
910000017465,False,none,-1,
910000017466,False,none,-1,
910000017467,False,none,-1,
910000017468,False,none,-1,
910000017469,False,none,-1,
910000017470,False,none,-1,
910000017471,False,none,-1,
910000017472,False,none,-1,
910000017473,False,none,-1,
910000017474,False,none,-1,
910000017475,False,none,-1,
910000017476,True,L3,39,910000001087
910000017477,False,none,-1,
910000017478,True,L3,34,910000007044
910000017479,False,none,-1,
910000017480,False,none,-1,
910000017481,False,none,-1,
910000017482,False,none,-1,
910000017483,False,none,-1,
910000017484,False,none,-1,
910000017485,False,none,-1,
910000017486,False,none,-1,
910000017487,False,none,-1,
910000017488,False,none,-1,
910000017489,False,none,-1,
910000017490,False,none,-1,
910000017491,False,none,-1,
910000017492,False,none,-1,
910000017493,True,L2,91,910000015936
910000017494,False,none,-1,
910000017495,False,none,-1,
910000017496,False,none,-1,
910000017497,False,none,-1,
910000017498,False,none,-1,
910000017499,False,none,-1,
910000017500,False,none,-1,
910000017501,False,none,-1,
910000017502,False,none,-1,
910000017503,False,none,-1,
910000017504,False,none,-1,
910000017505,False,none,-1,
910000017506,True,L1,9,910000016343
910000017507,False,none,-1,
910000017508,False,none,-1,
910000017509,False,none,-1,
910000017510,False,none,-1,
910000017511,False,none,-1,
910000017512,False,none,-1,
910000017513,False,none,-1,
910000017514,False,none,-1,
910000017515,False,none,-1,
910000017516,False,none,-1,
910000017517,False,none,-1,
910000017518,False,none,-1,
910000017519,True,L3,5,910000013728
910000017520,False,none,-1,
910000017521,False,none,-1,
910000017522,False,none,-1,
910000017523,False,none,-1,
910000017524,False,none,-1,
910000017525,False,none,-1,
910000017526,False,none,-1,
910000017527,False,none,-1,
910000017528,False,none,-1,
910000017529,False,none,-1,
910000017530,False,none,-1,
910000017531,False,none,-1,
910000017532,False,none,-1,
910000017533,False,none,-1,
910000017534,False,none,-1,
910000017535,False,none,-1,
910000017536,False,none,-1,
910000017537,False,none,-1,
910000017538,False,none,-1,
910000017539,True,L1,53,910000006860
910000017540,False,none,-1,
910000017541,False,none,-1,
910000017542,False,none,-1,
910000017543,False,none,-1,
910000017544,False,none,-1,
910000017545,False,none,-1,
910000017546,False,none,-1,
910000017547,False,none,-1,
910000017548,False,none,-1,
910000017549,True,L2,39,910000001087
910000017550,False,none,-1,
910000017551,False,none,-1,
910000017552,False,none,-1,
910000017553,True,L2,36,910000007400
910000017554,False,none,-1,
910000017555,False,none,-1,
910000017556,False,none,-1,
910000017557,False,none,-1,
910000017558,False,none,-1,
910000017559,False,none,-1,
910000017560,False,none,-1,
910000017561,False,none,-1,
910000017562,False,none,-1,
910000017563,False,none,-1,
910000017564,False,none,-1,
910000017565,False,none,-1,
910000017566,False,none,-1,
910000017567,False,none,-1,
910000017568,False,none,-1,
910000017569,False,none,-1,
910000017570,False,none,-1,
910000017571,False,none,-1,
910000017572,False,none,-1,
910000017573,False,none,-1,
910000017574,False,none,-1,
910000017575,False,none,-1,
910000017576,False,none,-1,
910000017577,False,none,-1,
910000017578,False,none,-1,
910000017579,False,none,-1,
910000017580,False,none,-1,
910000017581,True,L1,4,910000018706
910000017582,False,none,-1,
910000017583,False,none,-1,
910000017584,False,none,-1,
910000017585,False,none,-1,
910000017586,False,none,-1,
910000017587,False,none,-1,
910000017588,False,none,-1,
910000017589,False,none,-1,
910000017590,False,none,-1,
910000017591,False,none,-1,
910000017592,False,none,-1,
910000017593,False,none,-1,
910000017594,False,none,-1,
910000017595,False,none,-1,
910000017596,True,L2,88,910000000548
910000017597,False,none,-1,
910000017598,False,none,-1,
910000017599,True,L1,78,910000024868
910000017600,False,none,-1,
910000017601,False,none,-1,
910000017602,False,none,-1,
910000017603,False,none,-1,
910000017604,False,none,-1,
910000017605,True,L2,10,910000002246
910000017606,False,none,-1,
910000017607,False,none,-1,
910000017608,False,none,-1,
910000017609,False,none,-1,
910000017610,False,none,-1,
910000017611,False,none,-1,
910000017612,False,none,-1,
910000017613,False,none,-1,
910000017614,False,none,-1,
910000017615,True,L2,90,910000002815
910000017616,False,none,-1,
910000017617,False,none,-1,
910000017618,False,none,-1,
910000017619,False,none,-1,
910000017620,False,none,-1,
910000017621,False,none,-1,
910000017622,False,none,-1,
910000017623,False,none,-1,
910000017624,False,none,-1,
910000017625,False,none,-1,
910000017626,False,none,-1,
910000017627,False,none,-1,
910000017628,False,none,-1,
910000017629,False,none,-1,
910000017630,False,none,-1,
910000017631,False,none,-1,
910000017632,False,none,-1,
910000017633,False,none,-1,
910000017634,False,none,-1,
910000017635,False,none,-1,
910000017636,False,none,-1,
910000017637,False,none,-1,
910000017638,False,none,-1,
910000017639,False,none,-1,
910000017640,False,none,-1,
910000017641,False,none,-1,
910000017642,False,none,-1,
910000017643,False,none,-1,
910000017644,False,none,-1,
910000017645,False,none,-1,
910000017646,False,none,-1,
910000017647,True,L2,64,910000005320
910000017648,False,none,-1,
910000017649,False,none,-1,
910000017650,False,none,-1,
910000017651,False,none,-1,
910000017652,False,none,-1,
910000017653,False,none,-1,
910000017654,False,none,-1,
910000017655,False,none,-1,
910000017656,False,none,-1,
910000017657,False,none,-1,
910000017658,False,none,-1,
910000017659,False,none,-1,
910000017660,False,none,-1,
910000017661,False,none,-1,
910000017662,True,L2,70,910000003386
910000017663,False,none,-1,
910000017664,False,none,-1,
910000017665,False,none,-1,
910000017666,False,none,-1,
910000017667,False,none,-1,
910000017668,False,none,-1,
910000017669,False,none,-1,
910000017670,False,none,-1,
910000017671,False,none,-1,
910000017672,False,none,-1,
910000017673,False,none,-1,
910000017674,False,none,-1,
910000017675,False,none,-1,
910000017676,False,none,-1,
910000017677,True,L3,99,910000017824
910000017678,False,none,-1,
910000017679,False,none,-1,
910000017680,False,none,-1,
910000017681,False,none,-1,
910000017682,False,none,-1,
910000017683,False,none,-1,
910000017684,True,L2,64,910000005320
910000017685,False,none,-1,
910000017686,False,none,-1,
910000017687,False,none,-1,
910000017688,True,L3,97,910000017134
910000017689,True,L3,69,910000006862
910000017690,False,none,-1,
910000017691,False,none,-1,
910000017692,False,none,-1,
910000017693,False,none,-1,
910000017694,False,none,-1,
910000017695,False,none,-1,
910000017696,False,none,-1,
910000017697,False,none,-1,
910000017698,False,none,-1,
910000017699,False,none,-1,
910000017700,False,none,-1,
910000017701,False,none,-1,
910000017702,False,none,-1,
910000017703,False,none,-1,
910000017704,False,none,-1,
910000017705,False,none,-1,
910000017706,False,none,-1,
910000017707,False,none,-1,
910000017708,False,none,-1,
910000017709,False,none,-1,
910000017710,False,none,-1,
910000017711,False,none,-1,
910000017712,False,none,-1,
910000017713,False,none,-1,
910000017714,False,none,-1,
910000017715,False,none,-1,
910000017716,False,none,-1,
910000017717,True,L3,2,910000017935
910000017718,False,none,-1,
910000017719,False,none,-1,
910000017720,False,none,-1,
910000017721,False,none,-1,
910000017722,False,none,-1,
910000017723,False,none,-1,
910000017724,False,none,-1,
910000017725,False,none,-1,
910000017726,False,none,-1,
910000017727,False,none,-1,
910000017728,False,none,-1,
910000017729,False,none,-1,
910000017730,False,none,-1,
910000017731,False,none,-1,
910000017732,False,none,-1,
910000017733,False,none,-1,
910000017734,False,none,-1,
910000017735,False,none,-1,
910000017736,False,none,-1,
910000017737,False,none,-1,
910000017738,False,none,-1,
910000017739,False,none,-1,
910000017740,False,none,-1,
910000017741,False,none,-1,
910000017742,False,none,-1,
910000017743,False,none,-1,
910000017744,False,none,-1,
910000017745,False,none,-1,
910000017746,False,none,-1,
910000017747,False,none,-1,
910000017748,False,none,-1,
910000017749,False,none,-1,
910000017750,False,none,-1,
910000017751,False,none,-1,
910000017752,False,none,-1,
910000017753,False,none,-1,
910000017754,False,none,-1,
910000017755,False,none,-1,
910000017756,False,none,-1,
910000017757,False,none,-1,
910000017758,False,none,-1,
910000017759,False,none,-1,
910000017760,False,none,-1,
910000017761,False,none,-1,
910000017762,False,none,-1,
910000017763,False,none,-1,
910000017764,False,none,-1,
910000017765,False,none,-1,
910000017766,False,none,-1,
910000017767,False,none,-1,
910000017768,False,none,-1,
910000017769,False,none,-1,
910000017770,False,none,-1,
910000017771,False,none,-1,
910000017772,False,none,-1,
910000017773,False,none,-1,
910000017774,False,none,-1,
910000017775,False,none,-1,
910000017776,False,none,-1,
910000017777,False,none,-1,
910000017778,False,none,-1,
910000017779,False,none,-1,
910000017780,False,none,-1,
910000017781,False,none,-1,
910000017782,False,none,-1,
910000017783,False,none,-1,
910000017784,False,none,-1,
910000017785,False,none,-1,
910000017786,False,none,-1,
910000017787,False,none,-1,
910000017788,False,none,-1,
910000017789,False,none,-1,
910000017790,True,L3,30,910000002311
910000017791,False,none,-1,
910000017792,False,none,-1,
910000017793,False,none,-1,
910000017794,False,none,-1,
910000017795,False,none,-1,
910000017796,False,none,-1,
910000017797,False,none,-1,
910000017798,False,none,-1,
910000017799,False,none,-1,
910000017800,False,none,-1,
910000017801,False,none,-1,
910000017802,False,none,-1,
910000017803,False,none,-1,
910000017804,False,none,-1,
910000017805,False,none,-1,
910000017806,False,none,-1,
910000017807,False,none,-1,
910000017808,False,none,-1,
910000017809,True,L3,48,910000019036
910000017810,False,none,-1,
910000017811,True,L1,49,910000014166
910000017812,False,none,-1,
910000017813,True,L3,57,910000022134
910000017814,False,none,-1,
910000017815,False,none,-1,
910000017816,False,none,-1,
910000017817,False,none,-1,
910000017818,False,none,-1,
910000017819,False,none,-1,
910000017820,False,none,-1,
910000017821,False,none,-1,
910000017822,True,L3,82,910000003073
910000017823,False,none,-1,
910000017824,False,none,-1,
910000017825,False,none,-1,
910000017826,False,none,-1,
910000017827,False,none,-1,
910000017828,False,none,-1,
910000017829,False,none,-1,
910000017830,False,none,-1,
910000017831,False,none,-1,
910000017832,False,none,-1,
910000017833,False,none,-1,
910000017834,False,none,-1,
910000017835,False,none,-1,
910000017836,False,none,-1,
910000017837,False,none,-1,
910000017838,False,none,-1,
910000017839,False,none,-1,
910000017840,False,none,-1,
910000017841,False,none,-1,
910000017842,False,none,-1,
910000017843,False,none,-1,
910000017844,False,none,-1,
910000017845,False,none,-1,
910000017846,False,none,-1,
910000017847,False,none,-1,
910000017848,False,none,-1,
910000017849,False,none,-1,
910000017850,False,none,-1,
910000017851,False,none,-1,
910000017852,False,none,-1,
910000017853,False,none,-1,
910000017854,False,none,-1,
910000017855,False,none,-1,
910000017856,False,none,-1,
910000017857,False,none,-1,
910000017858,False,none,-1,
910000017859,False,none,-1,
910000017860,False,none,-1,
910000017861,False,none,-1,
910000017862,False,none,-1,
910000017863,False,none,-1,
910000017864,False,none,-1,
910000017865,False,none,-1,
910000017866,False,none,-1,
910000017867,False,none,-1,
910000017868,False,none,-1,
910000017869,False,none,-1,
910000017870,False,none,-1,
910000017871,False,none,-1,
910000017872,False,none,-1,
910000017873,False,none,-1,
910000017874,False,none,-1,
910000017875,False,none,-1,
910000017876,False,none,-1,
910000017877,False,none,-1,
910000017878,True,L2,95,910000000158
910000017879,False,none,-1,
910000017880,False,none,-1,
910000017881,False,none,-1,
910000017882,False,none,-1,
910000017883,False,none,-1,
910000017884,False,none,-1,
910000017885,False,none,-1,
910000017886,False,none,-1,
910000017887,False,none,-1,
910000017888,False,none,-1,
910000017889,False,none,-1,
910000017890,False,none,-1,
910000017891,False,none,-1,
910000017892,False,none,-1,
910000017893,False,none,-1,
910000017894,False,none,-1,
910000017895,False,none,-1,
910000017896,True,L3,25,910000004408
910000017897,False,none,-1,
910000017898,False,none,-1,
910000017899,False,none,-1,
910000017900,False,none,-1,
910000017901,False,none,-1,
910000017902,False,none,-1,
910000017903,False,none,-1,
910000017904,False,none,-1,
910000017905,False,none,-1,
910000017906,False,none,-1,
910000017907,True,L1,79,910000008111
910000017908,False,none,-1,
910000017909,False,none,-1,
910000017910,False,none,-1,
910000017911,False,none,-1,
910000017912,False,none,-1,
910000017913,False,none,-1,
910000017914,False,none,-1,
910000017915,False,none,-1,
910000017916,False,none,-1,
910000017917,False,none,-1,
910000017918,True,L3,12,910000020672
910000017919,True,L3,63,910000019535
910000017920,False,none,-1,
910000017921,False,none,-1,
910000017922,False,none,-1,
910000017923,False,none,-1,
910000017924,False,none,-1,
910000017925,False,none,-1,
910000017926,False,none,-1,
910000017927,False,none,-1,
910000017928,False,none,-1,
910000017929,False,none,-1,
910000017930,False,none,-1,
910000017931,False,none,-1,
910000017932,False,none,-1,
910000017933,False,none,-1,
910000017934,False,none,-1,
910000017935,False,none,-1,
910000017936,False,none,-1,
910000017937,False,none,-1,
910000017938,False,none,-1,
910000017939,False,none,-1,
910000017940,False,none,-1,
910000017941,True,L3,77,910000004550
910000017942,False,none,-1,
910000017943,False,none,-1,
910000017944,False,none,-1,
910000017945,False,none,-1,
910000017946,True,L3,29,910000015788
910000017947,False,none,-1,
910000017948,False,none,-1,
910000017949,False,none,-1,
910000017950,False,none,-1,
910000017951,False,none,-1,
910000017952,False,none,-1,
910000017953,False,none,-1,
910000017954,False,none,-1,
910000017955,False,none,-1,
910000017956,False,none,-1,
910000017957,False,none,-1,
910000017958,True,L2,33,910000018608
910000017959,False,none,-1,
910000017960,False,none,-1,
910000017961,False,none,-1,
910000017962,False,none,-1,
910000017963,False,none,-1,
910000017964,False,none,-1,
910000017965,False,none,-1,
910000017966,False,none,-1,
910000017967,False,none,-1,
910000017968,False,none,-1,
910000017969,False,none,-1,
910000017970,False,none,-1,
910000017971,False,none,-1,
910000017972,False,none,-1,
910000017973,False,none,-1,
910000017974,False,none,-1,
910000017975,False,none,-1,
910000017976,True,L3,47,910000014570
910000017977,False,none,-1,
910000017978,True,L2,85,910000000362
910000017979,False,none,-1,
910000017980,False,none,-1,
910000017981,False,none,-1,
910000017982,False,none,-1,
910000017983,False,none,-1,
910000017984,False,none,-1,
910000017985,False,none,-1,
910000017986,False,none,-1,
910000017987,False,none,-1,
910000017988,False,none,-1,
910000017989,False,none,-1,
910000017990,False,none,-1,
910000017991,False,none,-1,
910000017992,False,none,-1,
910000017993,False,none,-1,
910000017994,False,none,-1,
910000017995,True,L2,96,910000022031
910000017996,False,none,-1,
910000017997,False,none,-1,
910000017998,False,none,-1,
910000017999,False,none,-1,
910000018000,False,none,-1,
910000018001,False,none,-1,
910000018002,True,L3,70,910000003386
910000018003,True,L3,58,910000016011
910000018004,False,none,-1,
910000018005,False,none,-1,
910000018006,False,none,-1,
910000018007,True,L2,20,910000005298
910000018008,False,none,-1,
910000018009,True,L3,18,910000003772
910000018010,False,none,-1,
910000018011,False,none,-1,
910000018012,False,none,-1,
910000018013,False,none,-1,
910000018014,False,none,-1,
910000018015,False,none,-1,
910000018016,False,none,-1,
910000018017,False,none,-1,
910000018018,False,none,-1,
910000018019,False,none,-1,
910000018020,False,none,-1,
910000018021,False,none,-1,
910000018022,False,none,-1,
910000018023,False,none,-1,
910000018024,False,none,-1,
910000018025,False,none,-1,
910000018026,True,L2,61,910000009892
910000018027,False,none,-1,
910000018028,False,none,-1,
910000018029,False,none,-1,
910000018030,False,none,-1,
910000018031,False,none,-1,
910000018032,False,none,-1,
910000018033,False,none,-1,
910000018034,False,none,-1,
910000018035,False,none,-1,
910000018036,False,none,-1,
910000018037,True,L3,33,910000018608
910000018038,False,none,-1,
910000018039,False,none,-1,
910000018040,False,none,-1,
910000018041,False,none,-1,
910000018042,False,none,-1,
910000018043,False,none,-1,
910000018044,False,none,-1,
910000018045,False,none,-1,
910000018046,False,none,-1,
910000018047,False,none,-1,
910000018048,False,none,-1,
910000018049,False,none,-1,
910000018050,False,none,-1,
910000018051,False,none,-1,
910000018052,False,none,-1,
910000018053,False,none,-1,
910000018054,False,none,-1,
910000018055,False,none,-1,
910000018056,False,none,-1,
910000018057,False,none,-1,
910000018058,False,none,-1,
910000018059,False,none,-1,
910000018060,False,none,-1,
910000018061,False,none,-1,
910000018062,False,none,-1,
910000018063,False,none,-1,
910000018064,False,none,-1,
910000018065,False,none,-1,
910000018066,False,none,-1,
910000018067,False,none,-1,
910000018068,False,none,-1,
910000018069,False,none,-1,
910000018070,False,none,-1,
910000018071,False,none,-1,
910000018072,False,none,-1,
910000018073,False,none,-1,
910000018074,False,none,-1,
910000018075,False,none,-1,
910000018076,False,none,-1,
910000018077,False,none,-1,
910000018078,False,none,-1,
910000018079,False,none,-1,
910000018080,False,none,-1,
910000018081,False,none,-1,
910000018082,True,L1,69,910000006862
910000018083,False,none,-1,
910000018084,False,none,-1,
910000018085,False,none,-1,
910000018086,False,none,-1,
910000018087,False,none,-1,
910000018088,False,none,-1,
910000018089,False,none,-1,
910000018090,False,none,-1,
910000018091,False,none,-1,
910000018092,False,none,-1,
910000018093,False,none,-1,
910000018094,False,none,-1,
910000018095,False,none,-1,
910000018096,False,none,-1,
910000018097,False,none,-1,
910000018098,False,none,-1,
910000018099,False,none,-1,
910000018100,False,none,-1,
910000018101,False,none,-1,
910000018102,False,none,-1,
910000018103,False,none,-1,
910000018104,False,none,-1,
910000018105,False,none,-1,
910000018106,False,none,-1,
910000018107,False,none,-1,
910000018108,False,none,-1,
910000018109,False,none,-1,
910000018110,False,none,-1,
910000018111,False,none,-1,
910000018112,False,none,-1,
910000018113,False,none,-1,
910000018114,True,L3,75,910000008084
910000018115,False,none,-1,
910000018116,False,none,-1,
910000018117,False,none,-1,
910000018118,False,none,-1,
910000018119,False,none,-1,
910000018120,False,none,-1,
910000018121,False,none,-1,
910000018122,False,none,-1,
910000018123,False,none,-1,
910000018124,False,none,-1,
910000018125,False,none,-1,
910000018126,False,none,-1,
910000018127,False,none,-1,
910000018128,False,none,-1,
910000018129,False,none,-1,
910000018130,False,none,-1,
910000018131,False,none,-1,
910000018132,False,none,-1,
910000018133,False,none,-1,
910000018134,False,none,-1,
910000018135,False,none,-1,
910000018136,False,none,-1,
910000018137,False,none,-1,
910000018138,False,none,-1,
910000018139,False,none,-1,
910000018140,False,none,-1,
910000018141,False,none,-1,
910000018142,False,none,-1,
910000018143,False,none,-1,
910000018144,False,none,-1,
910000018145,False,none,-1,
910000018146,False,none,-1,
910000018147,False,none,-1,
910000018148,False,none,-1,
910000018149,False,none,-1,
910000018150,False,none,-1,
910000018151,False,none,-1,
910000018152,False,none,-1,
910000018153,False,none,-1,
910000018154,False,none,-1,
910000018155,False,none,-1,
910000018156,False,none,-1,
910000018157,False,none,-1,
910000018158,False,none,-1,
910000018159,False,none,-1,
910000018160,False,none,-1,
910000018161,False,none,-1,
910000018162,True,L2,16,910000008831
910000018163,False,none,-1,
910000018164,False,none,-1,
910000018165,False,none,-1,
910000018166,False,none,-1,
910000018167,False,none,-1,
910000018168,False,none,-1,
910000018169,False,none,-1,
910000018170,False,none,-1,
910000018171,False,none,-1,
910000018172,False,none,-1,
910000018173,False,none,-1,
910000018174,False,none,-1,
910000018175,False,none,-1,
910000018176,False,none,-1,
910000018177,False,none,-1,
910000018178,False,none,-1,
910000018179,False,none,-1,
910000018180,False,none,-1,
910000018181,False,none,-1,
910000018182,False,none,-1,
910000018183,True,L3,52,910000023417
910000018184,True,L2,29,910000015788
910000018185,False,none,-1,
910000018186,False,none,-1,
910000018187,False,none,-1,
910000018188,False,none,-1,
910000018189,False,none,-1,
910000018190,False,none,-1,
910000018191,False,none,-1,
910000018192,False,none,-1,
910000018193,False,none,-1,
910000018194,False,none,-1,
910000018195,False,none,-1,
910000018196,False,none,-1,
910000018197,False,none,-1,
910000018198,False,none,-1,
910000018199,False,none,-1,
910000018200,False,none,-1,
910000018201,False,none,-1,
910000018202,False,none,-1,
910000018203,False,none,-1,
910000018204,False,none,-1,
910000018205,False,none,-1,
910000018206,False,none,-1,
910000018207,False,none,-1,
910000018208,False,none,-1,
910000018209,False,none,-1,
910000018210,False,none,-1,
910000018211,False,none,-1,
910000018212,False,none,-1,
910000018213,False,none,-1,
910000018214,False,none,-1,
910000018215,False,none,-1,
910000018216,False,none,-1,
910000018217,True,L1,20,910000005298
910000018218,False,none,-1,
910000018219,False,none,-1,
910000018220,False,none,-1,
910000018221,False,none,-1,
910000018222,False,none,-1,
910000018223,False,none,-1,
910000018224,False,none,-1,
910000018225,False,none,-1,
910000018226,False,none,-1,
910000018227,True,L3,71,910000012327
910000018228,False,none,-1,
910000018229,False,none,-1,
910000018230,False,none,-1,
910000018231,False,none,-1,
910000018232,True,L1,38,910000011933
910000018233,False,none,-1,
910000018234,False,none,-1,
910000018235,False,none,-1,
910000018236,False,none,-1,
910000018237,False,none,-1,
910000018238,False,none,-1,
910000018239,False,none,-1,
910000018240,False,none,-1,
910000018241,False,none,-1,
910000018242,False,none,-1,
910000018243,True,L3,27,910000019664
910000018244,False,none,-1,
910000018245,False,none,-1,
910000018246,False,none,-1,
910000018247,True,L3,82,910000003073
910000018248,False,none,-1,
910000018249,False,none,-1,
910000018250,False,none,-1,
910000018251,False,none,-1,
910000018252,False,none,-1,
910000018253,False,none,-1,
910000018254,False,none,-1,
910000018255,False,none,-1,
910000018256,False,none,-1,
910000018257,False,none,-1,
910000018258,False,none,-1,
910000018259,False,none,-1,
910000018260,False,none,-1,
910000018261,False,none,-1,
910000018262,False,none,-1,
910000018263,False,none,-1,
910000018264,False,none,-1,
910000018265,False,none,-1,
910000018266,False,none,-1,
910000018267,False,none,-1,
910000018268,False,none,-1,
910000018269,False,none,-1,
910000018270,False,none,-1,
910000018271,False,none,-1,
910000018272,False,none,-1,
910000018273,False,none,-1,
910000018274,False,none,-1,
910000018275,False,none,-1,
910000018276,False,none,-1,
910000018277,True,L2,76,910000011433
910000018278,False,none,-1,
910000018279,False,none,-1,
910000018280,False,none,-1,
910000018281,False,none,-1,
910000018282,False,none,-1,
910000018283,False,none,-1,
910000018284,False,none,-1,
910000018285,False,none,-1,
910000018286,False,none,-1,
910000018287,False,none,-1,
910000018288,False,none,-1,
910000018289,False,none,-1,
910000018290,False,none,-1,
910000018291,False,none,-1,
910000018292,False,none,-1,
910000018293,False,none,-1,
910000018294,False,none,-1,
910000018295,False,none,-1,
910000018296,False,none,-1,
910000018297,False,none,-1,
910000018298,False,none,-1,
910000018299,True,L2,63,910000019535
910000018300,False,none,-1,
910000018301,False,none,-1,
910000018302,False,none,-1,
910000018303,False,none,-1,
910000018304,False,none,-1,
910000018305,False,none,-1,
910000018306,False,none,-1,
910000018307,False,none,-1,
910000018308,False,none,-1,
910000018309,False,none,-1,
910000018310,False,none,-1,
910000018311,False,none,-1,
910000018312,False,none,-1,
910000018313,False,none,-1,
910000018314,False,none,-1,
910000018315,False,none,-1,
910000018316,False,none,-1,
910000018317,False,none,-1,
910000018318,False,none,-1,
910000018319,False,none,-1,
910000018320,False,none,-1,
910000018321,False,none,-1,
910000018322,False,none,-1,
910000018323,False,none,-1,
910000018324,False,none,-1,
910000018325,False,none,-1,
910000018326,False,none,-1,
910000018327,False,none,-1,
910000018328,False,none,-1,
910000018329,True,L3,96,910000022031
910000018330,False,none,-1,
910000018331,False,none,-1,
910000018332,True,L3,48,910000019036
910000018333,False,none,-1,
910000018334,False,none,-1,
910000018335,False,none,-1,
910000018336,False,none,-1,
910000018337,False,none,-1,
910000018338,False,none,-1,
910000018339,False,none,-1,
910000018340,False,none,-1,
910000018341,False,none,-1,
910000018342,False,none,-1,
910000018343,False,none,-1,
910000018344,False,none,-1,
910000018345,False,none,-1,
910000018346,False,none,-1,
910000018347,False,none,-1,
910000018348,False,none,-1,
910000018349,False,none,-1,
910000018350,False,none,-1,
910000018351,False,none,-1,
910000018352,False,none,-1,
910000018353,False,none,-1,
910000018354,True,L1,4,910000018706
910000018355,False,none,-1,
910000018356,False,none,-1,
910000018357,False,none,-1,
910000018358,False,none,-1,
910000018359,True,L3,20,910000005298
910000018360,False,none,-1,
910000018361,False,none,-1,
910000018362,False,none,-1,
910000018363,False,none,-1,
910000018364,False,none,-1,
910000018365,False,none,-1,
910000018366,False,none,-1,
910000018367,False,none,-1,
910000018368,False,none,-1,
910000018369,False,none,-1,
910000018370,False,none,-1,
910000018371,False,none,-1,
910000018372,False,none,-1,
910000018373,False,none,-1,
910000018374,False,none,-1,
910000018375,False,none,-1,
910000018376,False,none,-1,
910000018377,False,none,-1,
910000018378,False,none,-1,
910000018379,False,none,-1,
910000018380,True,L2,33,910000018608
910000018381,False,none,-1,
910000018382,False,none,-1,
910000018383,False,none,-1,
910000018384,False,none,-1,
910000018385,False,none,-1,
910000018386,False,none,-1,
910000018387,False,none,-1,
910000018388,False,none,-1,
910000018389,False,none,-1,
910000018390,False,none,-1,
910000018391,False,none,-1,
910000018392,False,none,-1,
910000018393,False,none,-1,
910000018394,True,L1,37,910000010112
910000018395,False,none,-1,
910000018396,False,none,-1,
910000018397,False,none,-1,
910000018398,True,L3,65,910000010732
910000018399,False,none,-1,
910000018400,False,none,-1,
910000018401,False,none,-1,
910000018402,False,none,-1,
910000018403,False,none,-1,
910000018404,False,none,-1,
910000018405,True,L2,3,910000005391
910000018406,False,none,-1,
910000018407,False,none,-1,
910000018408,False,none,-1,
910000018409,False,none,-1,
910000018410,False,none,-1,
910000018411,False,none,-1,
910000018412,False,none,-1,
910000018413,False,none,-1,
910000018414,False,none,-1,
910000018415,False,none,-1,
910000018416,True,L2,79,910000008111
910000018417,False,none,-1,
910000018418,False,none,-1,
910000018419,False,none,-1,
910000018420,False,none,-1,
910000018421,False,none,-1,
910000018422,False,none,-1,
910000018423,False,none,-1,
910000018424,False,none,-1,
910000018425,False,none,-1,
910000018426,False,none,-1,
910000018427,True,L2,43,910000018047
910000018428,False,none,-1,
910000018429,False,none,-1,
910000018430,False,none,-1,
910000018431,False,none,-1,
910000018432,False,none,-1,
910000018433,False,none,-1,
910000018434,False,none,-1,
910000018435,False,none,-1,
910000018436,False,none,-1,
910000018437,False,none,-1,
910000018438,False,none,-1,
910000018439,False,none,-1,
910000018440,False,none,-1,
910000018441,False,none,-1,
910000018442,False,none,-1,
910000018443,False,none,-1,
910000018444,False,none,-1,
910000018445,False,none,-1,
910000018446,False,none,-1,
910000018447,False,none,-1,
910000018448,False,none,-1,
910000018449,False,none,-1,
910000018450,False,none,-1,
910000018451,False,none,-1,
910000018452,False,none,-1,
910000018453,False,none,-1,
910000018454,False,none,-1,
910000018455,False,none,-1,
910000018456,False,none,-1,
910000018457,False,none,-1,
910000018458,False,none,-1,
910000018459,False,none,-1,
910000018460,False,none,-1,
910000018461,False,none,-1,
910000018462,False,none,-1,
910000018463,False,none,-1,
910000018464,False,none,-1,
910000018465,False,none,-1,
910000018466,False,none,-1,
910000018467,False,none,-1,
910000018468,True,L2,88,910000000548
910000018469,False,none,-1,
910000018470,False,none,-1,
910000018471,False,none,-1,
910000018472,False,none,-1,
910000018473,False,none,-1,
910000018474,False,none,-1,
910000018475,False,none,-1,
910000018476,False,none,-1,
910000018477,False,none,-1,
910000018478,False,none,-1,
910000018479,False,none,-1,
910000018480,False,none,-1,
910000018481,False,none,-1,
910000018482,False,none,-1,
910000018483,False,none,-1,
910000018484,False,none,-1,
910000018485,False,none,-1,
910000018486,False,none,-1,
910000018487,False,none,-1,
910000018488,False,none,-1,
910000018489,False,none,-1,
910000018490,False,none,-1,
910000018491,False,none,-1,
910000018492,False,none,-1,
910000018493,False,none,-1,
910000018494,False,none,-1,
910000018495,False,none,-1,
910000018496,False,none,-1,
910000018497,False,none,-1,
910000018498,False,none,-1,
910000018499,False,none,-1,
910000018500,False,none,-1,
910000018501,False,none,-1,
910000018502,False,none,-1,
910000018503,False,none,-1,
910000018504,False,none,-1,
910000018505,False,none,-1,
910000018506,False,none,-1,
910000018507,False,none,-1,
910000018508,False,none,-1,
910000018509,False,none,-1,
910000018510,False,none,-1,
910000018511,False,none,-1,
910000018512,False,none,-1,
910000018513,False,none,-1,
910000018514,False,none,-1,
910000018515,False,none,-1,
910000018516,False,none,-1,
910000018517,False,none,-1,
910000018518,False,none,-1,
910000018519,True,L1,24,910000015900
910000018520,False,none,-1,
910000018521,False,none,-1,
910000018522,False,none,-1,
910000018523,False,none,-1,
910000018524,False,none,-1,
910000018525,False,none,-1,
910000018526,False,none,-1,
910000018527,False,none,-1,
910000018528,False,none,-1,
910000018529,False,none,-1,
910000018530,False,none,-1,
910000018531,False,none,-1,
910000018532,False,none,-1,
910000018533,False,none,-1,
910000018534,False,none,-1,
910000018535,False,none,-1,
910000018536,False,none,-1,
910000018537,False,none,-1,
910000018538,False,none,-1,
910000018539,False,none,-1,
910000018540,False,none,-1,
910000018541,False,none,-1,
910000018542,False,none,-1,
910000018543,False,none,-1,
910000018544,False,none,-1,
910000018545,False,none,-1,
910000018546,False,none,-1,
910000018547,False,none,-1,
910000018548,False,none,-1,
910000018549,False,none,-1,
910000018550,False,none,-1,
910000018551,False,none,-1,
910000018552,False,none,-1,
910000018553,False,none,-1,
910000018554,False,none,-1,
910000018555,False,none,-1,
910000018556,False,none,-1,
910000018557,False,none,-1,
910000018558,False,none,-1,
910000018559,False,none,-1,
910000018560,False,none,-1,
910000018561,False,none,-1,
910000018562,False,none,-1,
910000018563,False,none,-1,
910000018564,False,none,-1,
910000018565,False,none,-1,
910000018566,False,none,-1,
910000018567,False,none,-1,
910000018568,False,none,-1,
910000018569,False,none,-1,
910000018570,False,none,-1,
910000018571,True,L2,79,910000008111
910000018572,False,none,-1,
910000018573,False,none,-1,
910000018574,False,none,-1,
910000018575,False,none,-1,
910000018576,False,none,-1,
910000018577,False,none,-1,
910000018578,False,none,-1,
910000018579,False,none,-1,
910000018580,False,none,-1,
910000018581,False,none,-1,
910000018582,False,none,-1,
910000018583,True,L2,87,910000024461
910000018584,False,none,-1,
910000018585,True,L3,41,910000005164
910000018586,False,none,-1,
910000018587,False,none,-1,
910000018588,False,none,-1,
910000018589,False,none,-1,
910000018590,False,none,-1,
910000018591,False,none,-1,
910000018592,False,none,-1,
910000018593,False,none,-1,
910000018594,False,none,-1,
910000018595,False,none,-1,
910000018596,False,none,-1,
910000018597,False,none,-1,
910000018598,False,none,-1,
910000018599,False,none,-1,
910000018600,False,none,-1,
910000018601,False,none,-1,
910000018602,False,none,-1,
910000018603,False,none,-1,
910000018604,False,none,-1,
910000018605,False,none,-1,
910000018606,False,none,-1,
910000018607,False,none,-1,
910000018608,False,none,-1,
910000018609,False,none,-1,
910000018610,False,none,-1,
910000018611,False,none,-1,
910000018612,False,none,-1,
910000018613,False,none,-1,
910000018614,False,none,-1,
910000018615,False,none,-1,
910000018616,True,L3,76,910000011433
910000018617,False,none,-1,
910000018618,False,none,-1,
910000018619,False,none,-1,
910000018620,False,none,-1,
910000018621,False,none,-1,
910000018622,False,none,-1,
910000018623,False,none,-1,
910000018624,False,none,-1,
910000018625,False,none,-1,
910000018626,False,none,-1,
910000018627,False,none,-1,
910000018628,False,none,-1,
910000018629,False,none,-1,
910000018630,True,L2,36,910000007400
910000018631,False,none,-1,
910000018632,False,none,-1,
910000018633,False,none,-1,
910000018634,False,none,-1,
910000018635,False,none,-1,
910000018636,False,none,-1,
910000018637,False,none,-1,
910000018638,False,none,-1,
910000018639,True,L1,29,910000015788
910000018640,False,none,-1,
910000018641,False,none,-1,
910000018642,False,none,-1,
910000018643,False,none,-1,
910000018644,False,none,-1,
910000018645,False,none,-1,
910000018646,False,none,-1,
910000018647,False,none,-1,
910000018648,False,none,-1,
910000018649,True,L3,86,910000022980
910000018650,False,none,-1,
910000018651,False,none,-1,
910000018652,False,none,-1,
910000018653,False,none,-1,
910000018654,False,none,-1,
910000018655,False,none,-1,
910000018656,False,none,-1,
910000018657,False,none,-1,
910000018658,False,none,-1,
910000018659,False,none,-1,
910000018660,False,none,-1,
910000018661,False,none,-1,
910000018662,False,none,-1,
910000018663,True,L1,47,910000014570
910000018664,False,none,-1,
910000018665,False,none,-1,
910000018666,True,L3,4,910000018706
910000018667,False,none,-1,
910000018668,False,none,-1,
910000018669,False,none,-1,
910000018670,False,none,-1,
910000018671,False,none,-1,
910000018672,False,none,-1,
910000018673,False,none,-1,
910000018674,False,none,-1,
910000018675,True,L3,44,910000020451
910000018676,False,none,-1,
910000018677,False,none,-1,
910000018678,False,none,-1,
910000018679,False,none,-1,
910000018680,False,none,-1,
910000018681,False,none,-1,
910000018682,False,none,-1,
910000018683,False,none,-1,
910000018684,False,none,-1,
910000018685,False,none,-1,
910000018686,False,none,-1,
910000018687,False,none,-1,
910000018688,False,none,-1,
910000018689,True,L3,16,910000008831
910000018690,False,none,-1,
910000018691,False,none,-1,
910000018692,False,none,-1,
910000018693,False,none,-1,
910000018694,False,none,-1,
910000018695,False,none,-1,
910000018696,False,none,-1,
910000018697,False,none,-1,
910000018698,False,none,-1,
910000018699,False,none,-1,
910000018700,False,none,-1,
910000018701,False,none,-1,
910000018702,False,none,-1,
910000018703,False,none,-1,
910000018704,False,none,-1,
910000018705,False,none,-1,
910000018706,False,none,-1,
910000018707,False,none,-1,
910000018708,False,none,-1,
910000018709,False,none,-1,
910000018710,False,none,-1,
910000018711,False,none,-1,
910000018712,False,none,-1,
910000018713,False,none,-1,
910000018714,False,none,-1,
910000018715,False,none,-1,
910000018716,True,L3,53,910000006860
910000018717,False,none,-1,
910000018718,False,none,-1,
910000018719,False,none,-1,
910000018720,False,none,-1,
910000018721,False,none,-1,
910000018722,False,none,-1,
910000018723,False,none,-1,
910000018724,False,none,-1,
910000018725,True,L3,4,910000018706
910000018726,False,none,-1,
910000018727,False,none,-1,
910000018728,False,none,-1,
910000018729,False,none,-1,
910000018730,False,none,-1,
910000018731,False,none,-1,
910000018732,False,none,-1,
910000018733,False,none,-1,
910000018734,False,none,-1,
910000018735,False,none,-1,
910000018736,True,L3,60,910000007647
910000018737,False,none,-1,
910000018738,False,none,-1,
910000018739,False,none,-1,
910000018740,False,none,-1,
910000018741,False,none,-1,
910000018742,False,none,-1,
910000018743,False,none,-1,
910000018744,False,none,-1,
910000018745,False,none,-1,
910000018746,False,none,-1,
910000018747,True,L1,44,910000020451
910000018748,False,none,-1,
910000018749,False,none,-1,
910000018750,False,none,-1,
910000018751,False,none,-1,
910000018752,False,none,-1,
910000018753,False,none,-1,
910000018754,False,none,-1,
910000018755,False,none,-1,
910000018756,False,none,-1,
910000018757,False,none,-1,
910000018758,False,none,-1,
910000018759,False,none,-1,
910000018760,False,none,-1,
910000018761,True,L3,34,910000007044
910000018762,False,none,-1,
910000018763,False,none,-1,
910000018764,False,none,-1,
910000018765,False,none,-1,
910000018766,False,none,-1,
910000018767,False,none,-1,
910000018768,False,none,-1,
910000018769,False,none,-1,
910000018770,False,none,-1,
910000018771,False,none,-1,
910000018772,False,none,-1,
910000018773,False,none,-1,
910000018774,False,none,-1,
910000018775,False,none,-1,
910000018776,False,none,-1,
910000018777,False,none,-1,
910000018778,False,none,-1,
910000018779,False,none,-1,
910000018780,False,none,-1,
910000018781,False,none,-1,
910000018782,False,none,-1,
910000018783,False,none,-1,
910000018784,False,none,-1,
910000018785,False,none,-1,
910000018786,False,none,-1,
910000018787,False,none,-1,
910000018788,False,none,-1,
910000018789,False,none,-1,
910000018790,False,none,-1,
910000018791,False,none,-1,
910000018792,False,none,-1,
910000018793,False,none,-1,
910000018794,False,none,-1,
910000018795,False,none,-1,
910000018796,False,none,-1,
910000018797,False,none,-1,
910000018798,False,none,-1,
910000018799,False,none,-1,
910000018800,False,none,-1,
910000018801,False,none,-1,
910000018802,False,none,-1,
910000018803,False,none,-1,
910000018804,False,none,-1,
910000018805,True,L2,89,910000024063
910000018806,False,none,-1,
910000018807,False,none,-1,
910000018808,False,none,-1,
910000018809,False,none,-1,
910000018810,False,none,-1,
910000018811,False,none,-1,
910000018812,False,none,-1,
910000018813,False,none,-1,
910000018814,True,L3,77,910000004550
910000018815,False,none,-1,
910000018816,False,none,-1,
910000018817,False,none,-1,
910000018818,True,L3,33,910000018608
910000018819,True,L3,37,910000010112
910000018820,False,none,-1,
910000018821,False,none,-1,
910000018822,False,none,-1,
910000018823,False,none,-1,
910000018824,False,none,-1,
910000018825,False,none,-1,
910000018826,False,none,-1,
910000018827,False,none,-1,
910000018828,False,none,-1,
910000018829,False,none,-1,
910000018830,False,none,-1,
910000018831,False,none,-1,
910000018832,False,none,-1,
910000018833,False,none,-1,
910000018834,False,none,-1,
910000018835,False,none,-1,
910000018836,False,none,-1,
910000018837,False,none,-1,
910000018838,False,none,-1,
910000018839,True,L3,55,910000001567
910000018840,False,none,-1,
910000018841,False,none,-1,
910000018842,False,none,-1,
910000018843,False,none,-1,
910000018844,False,none,-1,
910000018845,False,none,-1,
910000018846,False,none,-1,
910000018847,False,none,-1,
910000018848,False,none,-1,
910000018849,False,none,-1,
910000018850,False,none,-1,
910000018851,False,none,-1,
910000018852,False,none,-1,
910000018853,False,none,-1,
910000018854,False,none,-1,
910000018855,False,none,-1,
910000018856,False,none,-1,
910000018857,False,none,-1,
910000018858,False,none,-1,
910000018859,False,none,-1,
910000018860,False,none,-1,
910000018861,False,none,-1,
910000018862,True,L2,92,910000021432
910000018863,False,none,-1,
910000018864,False,none,-1,
910000018865,False,none,-1,
910000018866,False,none,-1,
910000018867,False,none,-1,
910000018868,False,none,-1,
910000018869,False,none,-1,
910000018870,False,none,-1,
910000018871,False,none,-1,
910000018872,False,none,-1,
910000018873,True,L2,11,910000010364
910000018874,False,none,-1,
910000018875,False,none,-1,
910000018876,False,none,-1,
910000018877,False,none,-1,
910000018878,False,none,-1,
910000018879,False,none,-1,
910000018880,False,none,-1,
910000018881,False,none,-1,
910000018882,False,none,-1,
910000018883,False,none,-1,
910000018884,False,none,-1,
910000018885,False,none,-1,
910000018886,False,none,-1,
910000018887,False,none,-1,
910000018888,False,none,-1,
910000018889,False,none,-1,
910000018890,False,none,-1,
910000018891,False,none,-1,
910000018892,False,none,-1,
910000018893,False,none,-1,
910000018894,False,none,-1,
910000018895,False,none,-1,
910000018896,False,none,-1,
910000018897,False,none,-1,
910000018898,False,none,-1,
910000018899,False,none,-1,
910000018900,False,none,-1,
910000018901,False,none,-1,
910000018902,False,none,-1,
910000018903,False,none,-1,
910000018904,False,none,-1,
910000018905,False,none,-1,
910000018906,False,none,-1,
910000018907,False,none,-1,
910000018908,False,none,-1,
910000018909,False,none,-1,
910000018910,False,none,-1,
910000018911,False,none,-1,
910000018912,False,none,-1,
910000018913,False,none,-1,
910000018914,False,none,-1,
910000018915,False,none,-1,
910000018916,False,none,-1,
910000018917,True,L2,54,910000005950
910000018918,False,none,-1,
910000018919,False,none,-1,
910000018920,False,none,-1,
910000018921,False,none,-1,
910000018922,False,none,-1,
910000018923,False,none,-1,
910000018924,False,none,-1,
910000018925,False,none,-1,
910000018926,False,none,-1,
910000018927,False,none,-1,
910000018928,True,L2,19,910000002009
910000018929,False,none,-1,
910000018930,False,none,-1,
910000018931,False,none,-1,
910000018932,False,none,-1,
910000018933,False,none,-1,
910000018934,False,none,-1,
910000018935,False,none,-1,
910000018936,False,none,-1,
910000018937,False,none,-1,
910000018938,False,none,-1,
910000018939,False,none,-1,
910000018940,False,none,-1,
910000018941,False,none,-1,
910000018942,False,none,-1,
910000018943,False,none,-1,
910000018944,False,none,-1,
910000018945,False,none,-1,
910000018946,False,none,-1,
910000018947,False,none,-1,
910000018948,False,none,-1,
910000018949,True,L3,31,910000017714
910000018950,False,none,-1,
910000018951,False,none,-1,
910000018952,False,none,-1,
910000018953,False,none,-1,
910000018954,False,none,-1,
910000018955,False,none,-1,
910000018956,False,none,-1,
910000018957,False,none,-1,
910000018958,False,none,-1,
910000018959,False,none,-1,
910000018960,False,none,-1,
910000018961,False,none,-1,
910000018962,False,none,-1,
910000018963,False,none,-1,
910000018964,False,none,-1,
910000018965,False,none,-1,
910000018966,False,none,-1,
910000018967,False,none,-1,
910000018968,False,none,-1,
910000018969,False,none,-1,
910000018970,False,none,-1,
910000018971,False,none,-1,
910000018972,False,none,-1,
910000018973,True,L3,10,910000002246
910000018974,False,none,-1,
910000018975,False,none,-1,
910000018976,False,none,-1,
910000018977,False,none,-1,
910000018978,False,none,-1,
910000018979,False,none,-1,
910000018980,False,none,-1,
910000018981,False,none,-1,
910000018982,False,none,-1,
910000018983,False,none,-1,
910000018984,False,none,-1,
910000018985,False,none,-1,
910000018986,False,none,-1,
910000018987,False,none,-1,
910000018988,False,none,-1,
910000018989,False,none,-1,
910000018990,False,none,-1,
910000018991,False,none,-1,
910000018992,False,none,-1,
910000018993,False,none,-1,
910000018994,False,none,-1,
910000018995,False,none,-1,
910000018996,False,none,-1,
910000018997,False,none,-1,
910000018998,False,none,-1,
910000018999,False,none,-1,
910000019000,True,L1,14,910000024141
910000019001,False,none,-1,
910000019002,False,none,-1,
910000019003,False,none,-1,
910000019004,False,none,-1,
910000019005,False,none,-1,
910000019006,False,none,-1,
910000019007,False,none,-1,
910000019008,False,none,-1,
910000019009,False,none,-1,
910000019010,False,none,-1,
910000019011,False,none,-1,
910000019012,False,none,-1,
910000019013,False,none,-1,
910000019014,False,none,-1,
910000019015,False,none,-1,
910000019016,False,none,-1,
910000019017,False,none,-1,
910000019018,False,none,-1,
910000019019,False,none,-1,
910000019020,False,none,-1,
910000019021,False,none,-1,
910000019022,False,none,-1,
910000019023,False,none,-1,
910000019024,False,none,-1,
910000019025,False,none,-1,
910000019026,False,none,-1,
910000019027,False,none,-1,
910000019028,False,none,-1,
910000019029,False,none,-1,
910000019030,False,none,-1,
910000019031,False,none,-1,
910000019032,False,none,-1,
910000019033,False,none,-1,
910000019034,False,none,-1,
910000019035,False,none,-1,
910000019036,False,none,-1,
910000019037,False,none,-1,
910000019038,False,none,-1,
910000019039,False,none,-1,
910000019040,False,none,-1,
910000019041,False,none,-1,
910000019042,False,none,-1,
910000019043,True,L1,45,910000024669
910000019044,False,none,-1,
910000019045,False,none,-1,
910000019046,False,none,-1,
910000019047,False,none,-1,
910000019048,False,none,-1,
910000019049,False,none,-1,
910000019050,False,none,-1,
910000019051,False,none,-1,
910000019052,False,none,-1,
910000019053,True,L1,28,910000002949
910000019054,False,none,-1,
910000019055,False,none,-1,
910000019056,False,none,-1,
910000019057,False,none,-1,
910000019058,False,none,-1,
910000019059,False,none,-1,
910000019060,False,none,-1,
910000019061,False,none,-1,
910000019062,False,none,-1,
910000019063,False,none,-1,
910000019064,False,none,-1,
910000019065,False,none,-1,
910000019066,False,none,-1,
910000019067,False,none,-1,
910000019068,False,none,-1,
910000019069,False,none,-1,
910000019070,True,L3,11,910000010364
910000019071,False,none,-1,
910000019072,False,none,-1,
910000019073,False,none,-1,
910000019074,True,L2,42,910000012324
910000019075,False,none,-1,
910000019076,False,none,-1,
910000019077,False,none,-1,
910000019078,False,none,-1,
910000019079,False,none,-1,
910000019080,False,none,-1,
910000019081,False,none,-1,
910000019082,False,none,-1,
910000019083,False,none,-1,
910000019084,False,none,-1,
910000019085,True,L3,89,910000024063
910000019086,False,none,-1,
910000019087,False,none,-1,
910000019088,False,none,-1,
910000019089,False,none,-1,
910000019090,False,none,-1,
910000019091,False,none,-1,
910000019092,False,none,-1,
910000019093,False,none,-1,
910000019094,False,none,-1,
910000019095,False,none,-1,
910000019096,False,none,-1,
910000019097,False,none,-1,
910000019098,False,none,-1,
910000019099,False,none,-1,
910000019100,False,none,-1,
910000019101,False,none,-1,
910000019102,False,none,-1,
910000019103,True,L2,28,910000002949
910000019104,False,none,-1,
910000019105,False,none,-1,
910000019106,False,none,-1,
910000019107,False,none,-1,
910000019108,False,none,-1,
910000019109,False,none,-1,
910000019110,False,none,-1,
910000019111,False,none,-1,
910000019112,False,none,-1,
910000019113,False,none,-1,
910000019114,False,none,-1,
910000019115,False,none,-1,
910000019116,False,none,-1,
910000019117,False,none,-1,
910000019118,False,none,-1,
910000019119,False,none,-1,
910000019120,False,none,-1,
910000019121,False,none,-1,
910000019122,False,none,-1,
910000019123,True,L3,1,910000024661
910000019124,False,none,-1,
910000019125,False,none,-1,
910000019126,False,none,-1,
910000019127,False,none,-1,
910000019128,False,none,-1,
910000019129,False,none,-1,
910000019130,False,none,-1,
910000019131,False,none,-1,
910000019132,False,none,-1,
910000019133,False,none,-1,
910000019134,False,none,-1,
910000019135,False,none,-1,
910000019136,False,none,-1,
910000019137,False,none,-1,
910000019138,True,L3,16,910000008831
910000019139,False,none,-1,
910000019140,False,none,-1,
910000019141,False,none,-1,
910000019142,False,none,-1,
910000019143,False,none,-1,
910000019144,False,none,-1,
910000019145,False,none,-1,
910000019146,False,none,-1,
910000019147,False,none,-1,
910000019148,False,none,-1,
910000019149,False,none,-1,
910000019150,False,none,-1,
910000019151,False,none,-1,
910000019152,False,none,-1,
910000019153,False,none,-1,
910000019154,False,none,-1,
910000019155,False,none,-1,
910000019156,False,none,-1,
910000019157,False,none,-1,
910000019158,False,none,-1,
910000019159,False,none,-1,
910000019160,False,none,-1,
910000019161,False,none,-1,
910000019162,False,none,-1,
910000019163,False,none,-1,
910000019164,False,none,-1,
910000019165,False,none,-1,
910000019166,False,none,-1,
910000019167,False,none,-1,
910000019168,False,none,-1,
910000019169,False,none,-1,
910000019170,False,none,-1,
910000019171,False,none,-1,
910000019172,False,none,-1,
910000019173,False,none,-1,
910000019174,False,none,-1,
910000019175,False,none,-1,
910000019176,False,none,-1,
910000019177,False,none,-1,
910000019178,False,none,-1,
910000019179,False,none,-1,
910000019180,False,none,-1,
910000019181,False,none,-1,
910000019182,False,none,-1,
910000019183,False,none,-1,
910000019184,False,none,-1,
910000019185,True,L2,37,910000010112
910000019186,False,none,-1,
910000019187,True,L1,41,910000005164
910000019188,False,none,-1,
910000019189,False,none,-1,
910000019190,True,L1,54,910000005950
910000019191,False,none,-1,
910000019192,False,none,-1,
910000019193,True,L3,0,910000024789
910000019194,False,none,-1,
910000019195,False,none,-1,
910000019196,False,none,-1,
910000019197,False,none,-1,
910000019198,False,none,-1,
910000019199,False,none,-1,
910000019200,False,none,-1,
910000019201,False,none,-1,
910000019202,False,none,-1,
910000019203,False,none,-1,
910000019204,False,none,-1,
910000019205,False,none,-1,
910000019206,False,none,-1,
910000019207,False,none,-1,
910000019208,False,none,-1,
910000019209,False,none,-1,
910000019210,False,none,-1,
910000019211,False,none,-1,
910000019212,False,none,-1,
910000019213,False,none,-1,
910000019214,False,none,-1,
910000019215,True,L3,59,910000017341
910000019216,False,none,-1,
910000019217,False,none,-1,
910000019218,False,none,-1,
910000019219,False,none,-1,
910000019220,False,none,-1,
910000019221,False,none,-1,
910000019222,False,none,-1,
910000019223,False,none,-1,
910000019224,False,none,-1,
910000019225,False,none,-1,
910000019226,False,none,-1,
910000019227,False,none,-1,
910000019228,False,none,-1,
910000019229,False,none,-1,
910000019230,False,none,-1,
910000019231,False,none,-1,
910000019232,False,none,-1,
910000019233,False,none,-1,
910000019234,False,none,-1,
910000019235,False,none,-1,
910000019236,False,none,-1,
910000019237,False,none,-1,
910000019238,False,none,-1,
910000019239,False,none,-1,
910000019240,False,none,-1,
910000019241,False,none,-1,
910000019242,False,none,-1,
910000019243,False,none,-1,
910000019244,False,none,-1,
910000019245,False,none,-1,
910000019246,False,none,-1,
910000019247,False,none,-1,
910000019248,False,none,-1,
910000019249,False,none,-1,
910000019250,False,none,-1,
910000019251,False,none,-1,
910000019252,False,none,-1,
910000019253,False,none,-1,
910000019254,False,none,-1,
910000019255,False,none,-1,
910000019256,False,none,-1,
910000019257,False,none,-1,
910000019258,False,none,-1,
910000019259,False,none,-1,
910000019260,False,none,-1,
910000019261,False,none,-1,
910000019262,False,none,-1,
910000019263,False,none,-1,
910000019264,False,none,-1,
910000019265,False,none,-1,
910000019266,False,none,-1,
910000019267,False,none,-1,
910000019268,False,none,-1,
910000019269,False,none,-1,
910000019270,False,none,-1,
910000019271,False,none,-1,
910000019272,False,none,-1,
910000019273,False,none,-1,
910000019274,False,none,-1,
910000019275,False,none,-1,
910000019276,False,none,-1,
910000019277,False,none,-1,
910000019278,False,none,-1,
910000019279,False,none,-1,
910000019280,False,none,-1,
910000019281,False,none,-1,
910000019282,False,none,-1,
910000019283,False,none,-1,
910000019284,False,none,-1,
910000019285,False,none,-1,
910000019286,False,none,-1,
910000019287,False,none,-1,
910000019288,False,none,-1,
910000019289,False,none,-1,
910000019290,False,none,-1,
910000019291,False,none,-1,
910000019292,False,none,-1,
910000019293,False,none,-1,
910000019294,False,none,-1,
910000019295,False,none,-1,
910000019296,False,none,-1,
910000019297,False,none,-1,
910000019298,False,none,-1,
910000019299,False,none,-1,
910000019300,False,none,-1,
910000019301,False,none,-1,
910000019302,False,none,-1,
910000019303,False,none,-1,
910000019304,False,none,-1,
910000019305,False,none,-1,
910000019306,False,none,-1,
910000019307,False,none,-1,
910000019308,False,none,-1,
910000019309,False,none,-1,
910000019310,False,none,-1,
910000019311,False,none,-1,
910000019312,False,none,-1,
910000019313,False,none,-1,
910000019314,False,none,-1,
910000019315,False,none,-1,
910000019316,False,none,-1,
910000019317,False,none,-1,
910000019318,False,none,-1,
910000019319,False,none,-1,
910000019320,False,none,-1,
910000019321,False,none,-1,
910000019322,False,none,-1,
910000019323,False,none,-1,
910000019324,True,L3,75,910000008084
910000019325,False,none,-1,
910000019326,False,none,-1,
910000019327,False,none,-1,
910000019328,False,none,-1,
910000019329,False,none,-1,
910000019330,False,none,-1,
910000019331,False,none,-1,
910000019332,False,none,-1,
910000019333,False,none,-1,
910000019334,False,none,-1,
910000019335,False,none,-1,
910000019336,False,none,-1,
910000019337,False,none,-1,
910000019338,False,none,-1,
910000019339,False,none,-1,
910000019340,False,none,-1,
910000019341,True,L2,74,910000002855
910000019342,False,none,-1,
910000019343,False,none,-1,
910000019344,False,none,-1,
910000019345,False,none,-1,
910000019346,False,none,-1,
910000019347,True,L2,89,910000024063
910000019348,False,none,-1,
910000019349,False,none,-1,
910000019350,True,L2,4,910000018706
910000019351,False,none,-1,
910000019352,False,none,-1,
910000019353,False,none,-1,
910000019354,False,none,-1,
910000019355,False,none,-1,
910000019356,False,none,-1,
910000019357,False,none,-1,
910000019358,False,none,-1,
910000019359,True,L3,66,910000009406
910000019360,False,none,-1,
910000019361,False,none,-1,
910000019362,False,none,-1,
910000019363,False,none,-1,
910000019364,False,none,-1,
910000019365,False,none,-1,
910000019366,False,none,-1,
910000019367,False,none,-1,
910000019368,False,none,-1,
910000019369,False,none,-1,
910000019370,False,none,-1,
910000019371,False,none,-1,
910000019372,False,none,-1,
910000019373,False,none,-1,
910000019374,True,L3,91,910000015936
910000019375,False,none,-1,
910000019376,False,none,-1,
910000019377,False,none,-1,
910000019378,False,none,-1,
910000019379,False,none,-1,
910000019380,False,none,-1,
910000019381,False,none,-1,
910000019382,False,none,-1,
910000019383,False,none,-1,
910000019384,False,none,-1,
910000019385,False,none,-1,
910000019386,False,none,-1,
910000019387,False,none,-1,
910000019388,False,none,-1,
910000019389,False,none,-1,
910000019390,False,none,-1,
910000019391,False,none,-1,
910000019392,False,none,-1,
910000019393,False,none,-1,
910000019394,False,none,-1,
910000019395,False,none,-1,
910000019396,False,none,-1,
910000019397,False,none,-1,
910000019398,False,none,-1,
910000019399,False,none,-1,
910000019400,False,none,-1,
910000019401,False,none,-1,
910000019402,False,none,-1,
910000019403,True,L1,52,910000023417
910000019404,False,none,-1,
910000019405,False,none,-1,
910000019406,False,none,-1,
910000019407,False,none,-1,
910000019408,True,L1,25,910000004408
910000019409,False,none,-1,
910000019410,False,none,-1,
910000019411,False,none,-1,
910000019412,False,none,-1,
910000019413,False,none,-1,
910000019414,False,none,-1,
910000019415,False,none,-1,
910000019416,False,none,-1,
910000019417,False,none,-1,
910000019418,False,none,-1,
910000019419,False,none,-1,
910000019420,False,none,-1,
910000019421,False,none,-1,
910000019422,False,none,-1,
910000019423,False,none,-1,
910000019424,True,L2,72,910000017637
910000019425,False,none,-1,
910000019426,False,none,-1,
910000019427,False,none,-1,
910000019428,False,none,-1,
910000019429,False,none,-1,
910000019430,False,none,-1,
910000019431,False,none,-1,
910000019432,False,none,-1,
910000019433,False,none,-1,
910000019434,False,none,-1,
910000019435,False,none,-1,
910000019436,False,none,-1,
910000019437,False,none,-1,
910000019438,False,none,-1,
910000019439,False,none,-1,
910000019440,False,none,-1,
910000019441,False,none,-1,
910000019442,False,none,-1,
910000019443,False,none,-1,
910000019444,False,none,-1,
910000019445,False,none,-1,
910000019446,False,none,-1,
910000019447,False,none,-1,
910000019448,False,none,-1,
910000019449,True,L3,41,910000005164
910000019450,True,L3,22,910000010458
910000019451,False,none,-1,
910000019452,False,none,-1,
910000019453,False,none,-1,
910000019454,False,none,-1,
910000019455,False,none,-1,
910000019456,False,none,-1,
910000019457,False,none,-1,
910000019458,False,none,-1,
910000019459,False,none,-1,
910000019460,False,none,-1,
910000019461,False,none,-1,
910000019462,False,none,-1,
910000019463,False,none,-1,
910000019464,False,none,-1,
910000019465,False,none,-1,
910000019466,False,none,-1,
910000019467,False,none,-1,
910000019468,False,none,-1,
910000019469,False,none,-1,
910000019470,False,none,-1,
910000019471,False,none,-1,
910000019472,False,none,-1,
910000019473,False,none,-1,
910000019474,False,none,-1,
910000019475,False,none,-1,
910000019476,False,none,-1,
910000019477,False,none,-1,
910000019478,False,none,-1,
910000019479,False,none,-1,
910000019480,False,none,-1,
910000019481,False,none,-1,
910000019482,False,none,-1,
910000019483,False,none,-1,
910000019484,False,none,-1,
910000019485,False,none,-1,
910000019486,False,none,-1,
910000019487,False,none,-1,
910000019488,False,none,-1,
910000019489,False,none,-1,
910000019490,False,none,-1,
910000019491,False,none,-1,
910000019492,False,none,-1,
910000019493,False,none,-1,
910000019494,False,none,-1,
910000019495,False,none,-1,
910000019496,False,none,-1,
910000019497,False,none,-1,
910000019498,False,none,-1,
910000019499,False,none,-1,
910000019500,False,none,-1,
910000019501,False,none,-1,
910000019502,False,none,-1,
910000019503,False,none,-1,
910000019504,False,none,-1,
910000019505,False,none,-1,
910000019506,False,none,-1,
910000019507,False,none,-1,
910000019508,False,none,-1,
910000019509,False,none,-1,
910000019510,False,none,-1,
910000019511,False,none,-1,
910000019512,False,none,-1,
910000019513,False,none,-1,
910000019514,False,none,-1,
910000019515,False,none,-1,
910000019516,False,none,-1,
910000019517,False,none,-1,
910000019518,False,none,-1,
910000019519,False,none,-1,
910000019520,False,none,-1,
910000019521,False,none,-1,
910000019522,False,none,-1,
910000019523,False,none,-1,
910000019524,False,none,-1,
910000019525,False,none,-1,
910000019526,False,none,-1,
910000019527,True,L3,56,910000008837
910000019528,False,none,-1,
910000019529,False,none,-1,
910000019530,True,L3,40,910000020852
910000019531,False,none,-1,
910000019532,False,none,-1,
910000019533,False,none,-1,
910000019534,False,none,-1,
910000019535,False,none,-1,
910000019536,False,none,-1,
910000019537,False,none,-1,
910000019538,False,none,-1,
910000019539,False,none,-1,
910000019540,False,none,-1,
910000019541,False,none,-1,
910000019542,False,none,-1,
910000019543,False,none,-1,
910000019544,False,none,-1,
910000019545,False,none,-1,
910000019546,False,none,-1,
910000019547,False,none,-1,
910000019548,False,none,-1,
910000019549,False,none,-1,
910000019550,False,none,-1,
910000019551,False,none,-1,
910000019552,False,none,-1,
910000019553,False,none,-1,
910000019554,False,none,-1,
910000019555,False,none,-1,
910000019556,False,none,-1,
910000019557,False,none,-1,
910000019558,False,none,-1,
910000019559,False,none,-1,
910000019560,False,none,-1,
910000019561,False,none,-1,
910000019562,False,none,-1,
910000019563,False,none,-1,
910000019564,False,none,-1,
910000019565,False,none,-1,
910000019566,False,none,-1,
910000019567,False,none,-1,
910000019568,False,none,-1,
910000019569,False,none,-1,
910000019570,True,L2,43,910000018047
910000019571,False,none,-1,
910000019572,False,none,-1,
910000019573,False,none,-1,
910000019574,False,none,-1,
910000019575,False,none,-1,
910000019576,False,none,-1,
910000019577,False,none,-1,
910000019578,False,none,-1,
910000019579,False,none,-1,
910000019580,False,none,-1,
910000019581,False,none,-1,
910000019582,False,none,-1,
910000019583,False,none,-1,
910000019584,False,none,-1,
910000019585,False,none,-1,
910000019586,False,none,-1,
910000019587,False,none,-1,
910000019588,True,L2,18,910000003772
910000019589,False,none,-1,
910000019590,False,none,-1,
910000019591,False,none,-1,
910000019592,False,none,-1,
910000019593,False,none,-1,
910000019594,False,none,-1,
910000019595,False,none,-1,
910000019596,False,none,-1,
910000019597,False,none,-1,
910000019598,False,none,-1,
910000019599,False,none,-1,
910000019600,False,none,-1,
910000019601,False,none,-1,
910000019602,False,none,-1,
910000019603,False,none,-1,
910000019604,False,none,-1,
910000019605,False,none,-1,
910000019606,False,none,-1,
910000019607,False,none,-1,
910000019608,False,none,-1,
910000019609,False,none,-1,
910000019610,False,none,-1,
910000019611,False,none,-1,
910000019612,False,none,-1,
910000019613,False,none,-1,
910000019614,False,none,-1,
910000019615,False,none,-1,
910000019616,False,none,-1,
910000019617,False,none,-1,
910000019618,False,none,-1,
910000019619,False,none,-1,
910000019620,False,none,-1,
910000019621,False,none,-1,
910000019622,False,none,-1,
910000019623,False,none,-1,
910000019624,False,none,-1,
910000019625,False,none,-1,
910000019626,False,none,-1,
910000019627,False,none,-1,
910000019628,False,none,-1,
910000019629,False,none,-1,
910000019630,False,none,-1,
910000019631,False,none,-1,
910000019632,False,none,-1,
910000019633,False,none,-1,
910000019634,False,none,-1,
910000019635,True,L1,19,910000002009
910000019636,False,none,-1,
910000019637,True,L2,62,910000013403
910000019638,False,none,-1,
910000019639,False,none,-1,
910000019640,False,none,-1,
910000019641,False,none,-1,
910000019642,False,none,-1,
910000019643,False,none,-1,
910000019644,False,none,-1,
910000019645,False,none,-1,
910000019646,False,none,-1,
910000019647,False,none,-1,
910000019648,False,none,-1,
910000019649,False,none,-1,
910000019650,False,none,-1,
910000019651,False,none,-1,
910000019652,False,none,-1,
910000019653,False,none,-1,
910000019654,False,none,-1,
910000019655,False,none,-1,
910000019656,False,none,-1,
910000019657,False,none,-1,
910000019658,False,none,-1,
910000019659,False,none,-1,
910000019660,False,none,-1,
910000019661,False,none,-1,
910000019662,False,none,-1,
910000019663,False,none,-1,
910000019664,False,none,-1,
910000019665,False,none,-1,
910000019666,False,none,-1,
910000019667,False,none,-1,
910000019668,False,none,-1,
910000019669,False,none,-1,
910000019670,False,none,-1,
910000019671,False,none,-1,
910000019672,False,none,-1,
910000019673,False,none,-1,
910000019674,False,none,-1,
910000019675,False,none,-1,
910000019676,False,none,-1,
910000019677,False,none,-1,
910000019678,False,none,-1,
910000019679,False,none,-1,
910000019680,False,none,-1,
910000019681,False,none,-1,
910000019682,False,none,-1,
910000019683,False,none,-1,
910000019684,False,none,-1,
910000019685,False,none,-1,
910000019686,False,none,-1,
910000019687,False,none,-1,
910000019688,False,none,-1,
910000019689,False,none,-1,
910000019690,False,none,-1,
910000019691,True,L3,62,910000013403
910000019692,False,none,-1,
910000019693,False,none,-1,
910000019694,False,none,-1,
910000019695,False,none,-1,
910000019696,False,none,-1,
910000019697,False,none,-1,
910000019698,False,none,-1,
910000019699,False,none,-1,
910000019700,False,none,-1,
910000019701,False,none,-1,
910000019702,False,none,-1,
910000019703,False,none,-1,
910000019704,False,none,-1,
910000019705,False,none,-1,
910000019706,False,none,-1,
910000019707,False,none,-1,
910000019708,True,L1,81,910000021910
910000019709,False,none,-1,
910000019710,False,none,-1,
910000019711,False,none,-1,
910000019712,False,none,-1,
910000019713,False,none,-1,
910000019714,False,none,-1,
910000019715,True,L2,85,910000000362
910000019716,False,none,-1,
910000019717,False,none,-1,
910000019718,False,none,-1,
910000019719,False,none,-1,
910000019720,False,none,-1,
910000019721,False,none,-1,
910000019722,False,none,-1,
910000019723,False,none,-1,
910000019724,False,none,-1,
910000019725,False,none,-1,
910000019726,False,none,-1,
910000019727,False,none,-1,
910000019728,False,none,-1,
910000019729,False,none,-1,
910000019730,False,none,-1,
910000019731,False,none,-1,
910000019732,False,none,-1,
910000019733,False,none,-1,
910000019734,False,none,-1,
910000019735,False,none,-1,
910000019736,False,none,-1,
910000019737,False,none,-1,
910000019738,False,none,-1,
910000019739,False,none,-1,
910000019740,False,none,-1,
910000019741,False,none,-1,
910000019742,False,none,-1,
910000019743,True,L2,54,910000005950
910000019744,False,none,-1,
910000019745,False,none,-1,
910000019746,False,none,-1,
910000019747,False,none,-1,
910000019748,False,none,-1,
910000019749,False,none,-1,
910000019750,False,none,-1,
910000019751,False,none,-1,
910000019752,False,none,-1,
910000019753,False,none,-1,
910000019754,False,none,-1,
910000019755,False,none,-1,
910000019756,False,none,-1,
910000019757,False,none,-1,
910000019758,False,none,-1,
910000019759,False,none,-1,
910000019760,False,none,-1,
910000019761,False,none,-1,
910000019762,False,none,-1,
910000019763,True,L2,13,910000002736
910000019764,False,none,-1,
910000019765,False,none,-1,
910000019766,False,none,-1,
910000019767,False,none,-1,
910000019768,False,none,-1,
910000019769,False,none,-1,
910000019770,False,none,-1,
910000019771,False,none,-1,
910000019772,False,none,-1,
910000019773,False,none,-1,
910000019774,False,none,-1,
910000019775,False,none,-1,
910000019776,False,none,-1,
910000019777,False,none,-1,
910000019778,False,none,-1,
910000019779,False,none,-1,
910000019780,False,none,-1,
910000019781,False,none,-1,
910000019782,False,none,-1,
910000019783,True,L2,46,910000001459
910000019784,True,L1,50,910000021944
910000019785,False,none,-1,
910000019786,False,none,-1,
910000019787,False,none,-1,
910000019788,False,none,-1,
910000019789,False,none,-1,
910000019790,False,none,-1,
910000019791,False,none,-1,
910000019792,False,none,-1,
910000019793,False,none,-1,
910000019794,False,none,-1,
910000019795,True,L3,56,910000008837
910000019796,False,none,-1,
910000019797,False,none,-1,
910000019798,False,none,-1,
910000019799,False,none,-1,
910000019800,False,none,-1,
910000019801,False,none,-1,
910000019802,False,none,-1,
910000019803,False,none,-1,
910000019804,False,none,-1,
910000019805,False,none,-1,
910000019806,False,none,-1,
910000019807,False,none,-1,
910000019808,False,none,-1,
910000019809,True,L3,66,910000009406
910000019810,False,none,-1,
910000019811,False,none,-1,
910000019812,False,none,-1,
910000019813,False,none,-1,
910000019814,True,L3,66,910000009406
910000019815,False,none,-1,
910000019816,False,none,-1,
910000019817,False,none,-1,
910000019818,False,none,-1,
910000019819,False,none,-1,
910000019820,False,none,-1,
910000019821,False,none,-1,
910000019822,False,none,-1,
910000019823,False,none,-1,
910000019824,True,L3,53,910000006860
910000019825,False,none,-1,
910000019826,False,none,-1,
910000019827,False,none,-1,
910000019828,False,none,-1,
910000019829,False,none,-1,
910000019830,False,none,-1,
910000019831,False,none,-1,
910000019832,True,L1,55,910000001567
910000019833,False,none,-1,
910000019834,False,none,-1,
910000019835,False,none,-1,
910000019836,False,none,-1,
910000019837,False,none,-1,
910000019838,False,none,-1,
910000019839,False,none,-1,
910000019840,True,L1,2,910000017935
910000019841,False,none,-1,
910000019842,False,none,-1,
910000019843,False,none,-1,
910000019844,False,none,-1,
910000019845,False,none,-1,
910000019846,False,none,-1,
910000019847,False,none,-1,
910000019848,False,none,-1,
910000019849,False,none,-1,
910000019850,False,none,-1,
910000019851,False,none,-1,
910000019852,False,none,-1,
910000019853,False,none,-1,
910000019854,True,L3,8,910000006300
910000019855,False,none,-1,
910000019856,False,none,-1,
910000019857,False,none,-1,
910000019858,False,none,-1,
910000019859,False,none,-1,
910000019860,False,none,-1,
910000019861,False,none,-1,
910000019862,False,none,-1,
910000019863,False,none,-1,
910000019864,False,none,-1,
910000019865,False,none,-1,
910000019866,False,none,-1,
910000019867,False,none,-1,
910000019868,False,none,-1,
910000019869,False,none,-1,
910000019870,False,none,-1,
910000019871,False,none,-1,
910000019872,False,none,-1,
910000019873,False,none,-1,
910000019874,False,none,-1,
910000019875,False,none,-1,
910000019876,False,none,-1,
910000019877,False,none,-1,
910000019878,False,none,-1,
910000019879,False,none,-1,
910000019880,False,none,-1,
910000019881,False,none,-1,
910000019882,False,none,-1,
910000019883,False,none,-1,
910000019884,False,none,-1,
910000019885,False,none,-1,
910000019886,False,none,-1,
910000019887,True,L2,87,910000024461
910000019888,False,none,-1,
910000019889,False,none,-1,
910000019890,False,none,-1,
910000019891,False,none,-1,
910000019892,False,none,-1,
910000019893,True,L2,86,910000022980
910000019894,False,none,-1,
910000019895,False,none,-1,
910000019896,False,none,-1,
910000019897,False,none,-1,
910000019898,False,none,-1,
910000019899,False,none,-1,
910000019900,False,none,-1,
910000019901,False,none,-1,
910000019902,False,none,-1,
910000019903,False,none,-1,
910000019904,True,L1,51,910000010225
910000019905,False,none,-1,
910000019906,False,none,-1,
910000019907,True,L2,43,910000018047
910000019908,False,none,-1,
910000019909,False,none,-1,
910000019910,False,none,-1,
910000019911,True,L2,48,910000019036
910000019912,False,none,-1,
910000019913,False,none,-1,
910000019914,True,L2,80,910000022510
910000019915,False,none,-1,
910000019916,False,none,-1,
910000019917,False,none,-1,
910000019918,False,none,-1,
910000019919,False,none,-1,
910000019920,False,none,-1,
910000019921,False,none,-1,
910000019922,False,none,-1,
910000019923,False,none,-1,
910000019924,False,none,-1,
910000019925,False,none,-1,
910000019926,False,none,-1,
910000019927,False,none,-1,
910000019928,False,none,-1,
910000019929,False,none,-1,
910000019930,False,none,-1,
910000019931,False,none,-1,
910000019932,False,none,-1,
910000019933,False,none,-1,
910000019934,False,none,-1,
910000019935,False,none,-1,
910000019936,False,none,-1,
910000019937,False,none,-1,
910000019938,False,none,-1,
910000019939,False,none,-1,
910000019940,False,none,-1,
910000019941,False,none,-1,
910000019942,False,none,-1,
910000019943,False,none,-1,
910000019944,False,none,-1,
910000019945,False,none,-1,
910000019946,False,none,-1,
910000019947,True,L3,3,910000005391
910000019948,False,none,-1,
910000019949,False,none,-1,
910000019950,False,none,-1,
910000019951,False,none,-1,
910000019952,False,none,-1,
910000019953,False,none,-1,
910000019954,False,none,-1,
910000019955,False,none,-1,
910000019956,False,none,-1,
910000019957,False,none,-1,
910000019958,False,none,-1,
910000019959,False,none,-1,
910000019960,False,none,-1,
910000019961,False,none,-1,
910000019962,False,none,-1,
910000019963,False,none,-1,
910000019964,False,none,-1,
910000019965,False,none,-1,
910000019966,False,none,-1,
910000019967,False,none,-1,
910000019968,False,none,-1,
910000019969,False,none,-1,
910000019970,False,none,-1,
910000019971,False,none,-1,
910000019972,False,none,-1,
910000019973,False,none,-1,
910000019974,False,none,-1,
910000019975,False,none,-1,
910000019976,False,none,-1,
910000019977,False,none,-1,
910000019978,False,none,-1,
910000019979,False,none,-1,
910000019980,False,none,-1,
910000019981,False,none,-1,
910000019982,False,none,-1,
910000019983,False,none,-1,
910000019984,False,none,-1,
910000019985,False,none,-1,
910000019986,True,L2,22,910000010458
910000019987,False,none,-1,
910000019988,True,L1,42,910000012324
910000019989,False,none,-1,
910000019990,False,none,-1,
910000019991,False,none,-1,
910000019992,False,none,-1,
910000019993,False,none,-1,
910000019994,False,none,-1,
910000019995,False,none,-1,
910000019996,False,none,-1,
910000019997,False,none,-1,
910000019998,False,none,-1,
910000019999,False,none,-1,
910000020000,False,none,-1,
910000020001,False,none,-1,
910000020002,False,none,-1,
910000020003,False,none,-1,
910000020004,False,none,-1,
910000020005,False,none,-1,
910000020006,False,none,-1,
910000020007,False,none,-1,
910000020008,False,none,-1,
910000020009,False,none,-1,
910000020010,False,none,-1,
910000020011,False,none,-1,
910000020012,False,none,-1,
910000020013,False,none,-1,
910000020014,False,none,-1,
910000020015,True,L3,14,910000024141
910000020016,False,none,-1,
910000020017,False,none,-1,
910000020018,False,none,-1,
910000020019,False,none,-1,
910000020020,True,L3,20,910000005298
910000020021,False,none,-1,
910000020022,False,none,-1,
910000020023,False,none,-1,
910000020024,False,none,-1,
910000020025,False,none,-1,
910000020026,False,none,-1,
910000020027,False,none,-1,
910000020028,True,L2,17,910000009375
910000020029,False,none,-1,
910000020030,False,none,-1,
910000020031,False,none,-1,
910000020032,False,none,-1,
910000020033,False,none,-1,
910000020034,False,none,-1,
910000020035,False,none,-1,
910000020036,False,none,-1,
910000020037,False,none,-1,
910000020038,False,none,-1,
910000020039,False,none,-1,
910000020040,False,none,-1,
910000020041,False,none,-1,
910000020042,True,L3,30,910000002311
910000020043,False,none,-1,
910000020044,False,none,-1,
910000020045,False,none,-1,
910000020046,True,L2,29,910000015788
910000020047,False,none,-1,
910000020048,False,none,-1,
910000020049,False,none,-1,
910000020050,False,none,-1,
910000020051,False,none,-1,
910000020052,True,L2,98,910000006246
910000020053,False,none,-1,
910000020054,False,none,-1,
910000020055,False,none,-1,
910000020056,False,none,-1,
910000020057,False,none,-1,
910000020058,False,none,-1,
910000020059,False,none,-1,
910000020060,False,none,-1,
910000020061,False,none,-1,
910000020062,True,L1,40,910000020852
910000020063,False,none,-1,
910000020064,False,none,-1,
910000020065,False,none,-1,
910000020066,False,none,-1,
910000020067,False,none,-1,
910000020068,False,none,-1,
910000020069,False,none,-1,
910000020070,False,none,-1,
910000020071,False,none,-1,
910000020072,False,none,-1,
910000020073,False,none,-1,
910000020074,False,none,-1,
910000020075,False,none,-1,
910000020076,False,none,-1,
910000020077,False,none,-1,
910000020078,False,none,-1,
910000020079,False,none,-1,
910000020080,False,none,-1,
910000020081,False,none,-1,
910000020082,False,none,-1,
910000020083,False,none,-1,
910000020084,False,none,-1,
910000020085,False,none,-1,
910000020086,False,none,-1,
910000020087,False,none,-1,
910000020088,False,none,-1,
910000020089,False,none,-1,
910000020090,False,none,-1,
910000020091,False,none,-1,
910000020092,False,none,-1,
910000020093,False,none,-1,
910000020094,False,none,-1,
910000020095,False,none,-1,
910000020096,False,none,-1,
910000020097,False,none,-1,
910000020098,False,none,-1,
910000020099,False,none,-1,
910000020100,False,none,-1,
910000020101,False,none,-1,
910000020102,False,none,-1,
910000020103,False,none,-1,
910000020104,False,none,-1,
910000020105,False,none,-1,
910000020106,False,none,-1,
910000020107,False,none,-1,
910000020108,False,none,-1,
910000020109,False,none,-1,
910000020110,False,none,-1,
910000020111,False,none,-1,
910000020112,False,none,-1,
910000020113,False,none,-1,
910000020114,False,none,-1,
910000020115,False,none,-1,
910000020116,False,none,-1,
910000020117,False,none,-1,
910000020118,False,none,-1,
910000020119,False,none,-1,
910000020120,False,none,-1,
910000020121,False,none,-1,
910000020122,True,L3,88,910000000548
910000020123,False,none,-1,
910000020124,False,none,-1,
910000020125,False,none,-1,
910000020126,False,none,-1,
910000020127,False,none,-1,
910000020128,False,none,-1,
910000020129,False,none,-1,
910000020130,False,none,-1,
910000020131,False,none,-1,
910000020132,False,none,-1,
910000020133,False,none,-1,
910000020134,False,none,-1,
910000020135,False,none,-1,
910000020136,False,none,-1,
910000020137,False,none,-1,
910000020138,False,none,-1,
910000020139,False,none,-1,
910000020140,True,L3,7,910000021465
910000020141,False,none,-1,
910000020142,False,none,-1,
910000020143,False,none,-1,
910000020144,False,none,-1,
910000020145,False,none,-1,
910000020146,False,none,-1,
910000020147,False,none,-1,
910000020148,False,none,-1,
910000020149,False,none,-1,
910000020150,False,none,-1,
910000020151,False,none,-1,
910000020152,False,none,-1,
910000020153,False,none,-1,
910000020154,False,none,-1,
910000020155,False,none,-1,
910000020156,False,none,-1,
910000020157,False,none,-1,
910000020158,False,none,-1,
910000020159,False,none,-1,
910000020160,False,none,-1,
910000020161,False,none,-1,
910000020162,False,none,-1,
910000020163,False,none,-1,
910000020164,False,none,-1,
910000020165,False,none,-1,
910000020166,False,none,-1,
910000020167,False,none,-1,
910000020168,False,none,-1,
910000020169,False,none,-1,
910000020170,False,none,-1,
910000020171,False,none,-1,
910000020172,False,none,-1,
910000020173,False,none,-1,
910000020174,False,none,-1,
910000020175,False,none,-1,
910000020176,False,none,-1,
910000020177,False,none,-1,
910000020178,False,none,-1,
910000020179,False,none,-1,
910000020180,False,none,-1,
910000020181,False,none,-1,
910000020182,True,L3,5,910000013728
910000020183,False,none,-1,
910000020184,False,none,-1,
910000020185,False,none,-1,
910000020186,False,none,-1,
910000020187,False,none,-1,
910000020188,False,none,-1,
910000020189,False,none,-1,
910000020190,False,none,-1,
910000020191,True,L2,24,910000015900
910000020192,False,none,-1,
910000020193,False,none,-1,
910000020194,False,none,-1,
910000020195,False,none,-1,
910000020196,False,none,-1,
910000020197,True,L2,85,910000000362
910000020198,False,none,-1,
910000020199,True,L2,5,910000013728
910000020200,False,none,-1,
910000020201,False,none,-1,
910000020202,False,none,-1,
910000020203,False,none,-1,
910000020204,False,none,-1,
910000020205,False,none,-1,
910000020206,False,none,-1,
910000020207,False,none,-1,
910000020208,False,none,-1,
910000020209,False,none,-1,
910000020210,False,none,-1,
910000020211,False,none,-1,
910000020212,False,none,-1,
910000020213,False,none,-1,
910000020214,False,none,-1,
910000020215,False,none,-1,
910000020216,False,none,-1,
910000020217,False,none,-1,
910000020218,False,none,-1,
910000020219,False,none,-1,
910000020220,False,none,-1,
910000020221,False,none,-1,
910000020222,False,none,-1,
910000020223,False,none,-1,
910000020224,False,none,-1,
910000020225,False,none,-1,
910000020226,False,none,-1,
910000020227,False,none,-1,
910000020228,False,none,-1,
910000020229,False,none,-1,
910000020230,False,none,-1,
910000020231,False,none,-1,
910000020232,False,none,-1,
910000020233,False,none,-1,
910000020234,False,none,-1,
910000020235,False,none,-1,
910000020236,False,none,-1,
910000020237,False,none,-1,
910000020238,False,none,-1,
910000020239,False,none,-1,
910000020240,False,none,-1,
910000020241,True,L3,60,910000007647
910000020242,False,none,-1,
910000020243,True,L2,38,910000011933
910000020244,False,none,-1,
910000020245,False,none,-1,
910000020246,False,none,-1,
910000020247,False,none,-1,
910000020248,False,none,-1,
910000020249,False,none,-1,
910000020250,False,none,-1,
910000020251,False,none,-1,
910000020252,False,none,-1,
910000020253,False,none,-1,
910000020254,False,none,-1,
910000020255,False,none,-1,
910000020256,False,none,-1,
910000020257,False,none,-1,
910000020258,True,L2,64,910000005320
910000020259,False,none,-1,
910000020260,False,none,-1,
910000020261,False,none,-1,
910000020262,False,none,-1,
910000020263,False,none,-1,
910000020264,False,none,-1,
910000020265,False,none,-1,
910000020266,False,none,-1,
910000020267,False,none,-1,
910000020268,False,none,-1,
910000020269,True,L1,57,910000022134
910000020270,False,none,-1,
910000020271,False,none,-1,
910000020272,False,none,-1,
910000020273,False,none,-1,
910000020274,False,none,-1,
910000020275,False,none,-1,
910000020276,False,none,-1,
910000020277,False,none,-1,
910000020278,False,none,-1,
910000020279,False,none,-1,
910000020280,False,none,-1,
910000020281,False,none,-1,
910000020282,False,none,-1,
910000020283,False,none,-1,
910000020284,False,none,-1,
910000020285,False,none,-1,
910000020286,False,none,-1,
910000020287,False,none,-1,
910000020288,False,none,-1,
910000020289,False,none,-1,
910000020290,False,none,-1,
910000020291,False,none,-1,
910000020292,False,none,-1,
910000020293,False,none,-1,
910000020294,False,none,-1,
910000020295,False,none,-1,
910000020296,False,none,-1,
910000020297,False,none,-1,
910000020298,False,none,-1,
910000020299,False,none,-1,
910000020300,False,none,-1,
910000020301,False,none,-1,
910000020302,False,none,-1,
910000020303,False,none,-1,
910000020304,False,none,-1,
910000020305,False,none,-1,
910000020306,False,none,-1,
910000020307,False,none,-1,
910000020308,False,none,-1,
910000020309,False,none,-1,
910000020310,False,none,-1,
910000020311,False,none,-1,
910000020312,True,L2,52,910000023417
910000020313,False,none,-1,
910000020314,False,none,-1,
910000020315,False,none,-1,
910000020316,False,none,-1,
910000020317,False,none,-1,
910000020318,False,none,-1,
910000020319,False,none,-1,
910000020320,False,none,-1,
910000020321,False,none,-1,
910000020322,False,none,-1,
910000020323,False,none,-1,
910000020324,False,none,-1,
910000020325,False,none,-1,
910000020326,True,L3,64,910000005320
910000020327,False,none,-1,
910000020328,False,none,-1,
910000020329,False,none,-1,
910000020330,False,none,-1,
910000020331,False,none,-1,
910000020332,False,none,-1,
910000020333,False,none,-1,
910000020334,False,none,-1,
910000020335,False,none,-1,
910000020336,False,none,-1,
910000020337,False,none,-1,
910000020338,False,none,-1,
910000020339,False,none,-1,
910000020340,False,none,-1,
910000020341,False,none,-1,
910000020342,True,L3,69,910000006862
910000020343,False,none,-1,
910000020344,False,none,-1,
910000020345,False,none,-1,
910000020346,False,none,-1,
910000020347,False,none,-1,
910000020348,False,none,-1,
910000020349,True,L2,69,910000006862
910000020350,False,none,-1,
910000020351,False,none,-1,
910000020352,False,none,-1,
910000020353,False,none,-1,
910000020354,False,none,-1,
910000020355,False,none,-1,
910000020356,False,none,-1,
910000020357,False,none,-1,
910000020358,False,none,-1,
910000020359,False,none,-1,
910000020360,False,none,-1,
910000020361,False,none,-1,
910000020362,False,none,-1,
910000020363,False,none,-1,
910000020364,True,L3,71,910000012327
910000020365,False,none,-1,
910000020366,False,none,-1,
910000020367,False,none,-1,
910000020368,False,none,-1,
910000020369,False,none,-1,
910000020370,False,none,-1,
910000020371,False,none,-1,
910000020372,True,L3,42,910000012324
910000020373,False,none,-1,
910000020374,False,none,-1,
910000020375,False,none,-1,
910000020376,False,none,-1,
910000020377,False,none,-1,
910000020378,False,none,-1,
910000020379,False,none,-1,
910000020380,False,none,-1,
910000020381,False,none,-1,
910000020382,False,none,-1,
910000020383,False,none,-1,
910000020384,False,none,-1,
910000020385,False,none,-1,
910000020386,False,none,-1,
910000020387,False,none,-1,
910000020388,False,none,-1,
910000020389,False,none,-1,
910000020390,False,none,-1,
910000020391,False,none,-1,
910000020392,True,L3,50,910000021944
910000020393,False,none,-1,
910000020394,False,none,-1,
910000020395,False,none,-1,
910000020396,False,none,-1,
910000020397,False,none,-1,
910000020398,False,none,-1,
910000020399,False,none,-1,
910000020400,False,none,-1,
910000020401,True,L3,40,910000020852
910000020402,False,none,-1,
910000020403,False,none,-1,
910000020404,False,none,-1,
910000020405,False,none,-1,
910000020406,False,none,-1,
910000020407,False,none,-1,
910000020408,False,none,-1,
910000020409,False,none,-1,
910000020410,False,none,-1,
910000020411,False,none,-1,
910000020412,False,none,-1,
910000020413,False,none,-1,
910000020414,False,none,-1,
910000020415,False,none,-1,
910000020416,False,none,-1,
910000020417,False,none,-1,
910000020418,False,none,-1,
910000020419,False,none,-1,
910000020420,False,none,-1,
910000020421,False,none,-1,
910000020422,False,none,-1,
910000020423,False,none,-1,
910000020424,False,none,-1,
910000020425,False,none,-1,
910000020426,False,none,-1,
910000020427,False,none,-1,
910000020428,False,none,-1,
910000020429,False,none,-1,
910000020430,False,none,-1,
910000020431,False,none,-1,
910000020432,False,none,-1,
910000020433,False,none,-1,
910000020434,False,none,-1,
910000020435,False,none,-1,
910000020436,False,none,-1,
910000020437,False,none,-1,
910000020438,False,none,-1,
910000020439,False,none,-1,
910000020440,False,none,-1,
910000020441,False,none,-1,
910000020442,False,none,-1,
910000020443,False,none,-1,
910000020444,False,none,-1,
910000020445,False,none,-1,
910000020446,False,none,-1,
910000020447,True,L1,75,910000008084
910000020448,False,none,-1,
910000020449,False,none,-1,
910000020450,False,none,-1,
910000020451,False,none,-1,
910000020452,False,none,-1,
910000020453,False,none,-1,
910000020454,False,none,-1,
910000020455,False,none,-1,
910000020456,False,none,-1,
910000020457,False,none,-1,
910000020458,False,none,-1,
910000020459,False,none,-1,
910000020460,False,none,-1,
910000020461,False,none,-1,
910000020462,False,none,-1,
910000020463,False,none,-1,
910000020464,False,none,-1,
910000020465,False,none,-1,
910000020466,False,none,-1,
910000020467,False,none,-1,
910000020468,False,none,-1,
910000020469,False,none,-1,
910000020470,False,none,-1,
910000020471,False,none,-1,
910000020472,False,none,-1,
910000020473,False,none,-1,
910000020474,False,none,-1,
910000020475,False,none,-1,
910000020476,False,none,-1,
910000020477,False,none,-1,
910000020478,False,none,-1,
910000020479,False,none,-1,
910000020480,True,L2,8,910000006300
910000020481,False,none,-1,
910000020482,False,none,-1,
910000020483,True,L3,89,910000024063
910000020484,True,L2,96,910000022031
910000020485,False,none,-1,
910000020486,False,none,-1,
910000020487,False,none,-1,
910000020488,False,none,-1,
910000020489,False,none,-1,
910000020490,False,none,-1,
910000020491,False,none,-1,
910000020492,False,none,-1,
910000020493,False,none,-1,
910000020494,False,none,-1,
910000020495,False,none,-1,
910000020496,False,none,-1,
910000020497,False,none,-1,
910000020498,False,none,-1,
910000020499,False,none,-1,
910000020500,False,none,-1,
910000020501,False,none,-1,
910000020502,False,none,-1,
910000020503,True,L2,81,910000021910
910000020504,False,none,-1,
910000020505,False,none,-1,
910000020506,False,none,-1,
910000020507,False,none,-1,
910000020508,False,none,-1,
910000020509,False,none,-1,
910000020510,False,none,-1,
910000020511,False,none,-1,
910000020512,False,none,-1,
910000020513,False,none,-1,
910000020514,False,none,-1,
910000020515,False,none,-1,
910000020516,False,none,-1,
910000020517,False,none,-1,
910000020518,True,L2,90,910000002815
910000020519,False,none,-1,
910000020520,False,none,-1,
910000020521,False,none,-1,
910000020522,False,none,-1,
910000020523,False,none,-1,
910000020524,True,L2,4,910000018706
910000020525,True,L2,65,910000010732
910000020526,False,none,-1,
910000020527,False,none,-1,
910000020528,False,none,-1,
910000020529,False,none,-1,
910000020530,False,none,-1,
910000020531,False,none,-1,
910000020532,False,none,-1,
910000020533,False,none,-1,
910000020534,False,none,-1,
910000020535,False,none,-1,
910000020536,False,none,-1,
910000020537,False,none,-1,
910000020538,True,L3,19,910000002009
910000020539,False,none,-1,
910000020540,False,none,-1,
910000020541,False,none,-1,
910000020542,False,none,-1,
910000020543,False,none,-1,
910000020544,False,none,-1,
910000020545,False,none,-1,
910000020546,False,none,-1,
910000020547,False,none,-1,
910000020548,True,L2,34,910000007044
910000020549,False,none,-1,
910000020550,True,L3,90,910000002815
910000020551,False,none,-1,
910000020552,False,none,-1,
910000020553,False,none,-1,
910000020554,False,none,-1,
910000020555,False,none,-1,
910000020556,False,none,-1,
910000020557,False,none,-1,
910000020558,False,none,-1,
910000020559,False,none,-1,
910000020560,False,none,-1,
910000020561,False,none,-1,
910000020562,False,none,-1,
910000020563,False,none,-1,
910000020564,False,none,-1,
910000020565,False,none,-1,
910000020566,False,none,-1,
910000020567,False,none,-1,
910000020568,False,none,-1,
910000020569,False,none,-1,
910000020570,False,none,-1,
910000020571,False,none,-1,
910000020572,True,L1,81,910000021910
910000020573,False,none,-1,
910000020574,False,none,-1,
910000020575,False,none,-1,
910000020576,False,none,-1,
910000020577,False,none,-1,
910000020578,False,none,-1,
910000020579,False,none,-1,
910000020580,True,L3,26,910000012293
910000020581,False,none,-1,
910000020582,False,none,-1,
910000020583,False,none,-1,
910000020584,False,none,-1,
910000020585,False,none,-1,
910000020586,True,L1,64,910000005320
910000020587,False,none,-1,
910000020588,False,none,-1,
910000020589,False,none,-1,
910000020590,False,none,-1,
910000020591,False,none,-1,
910000020592,False,none,-1,
910000020593,False,none,-1,
910000020594,False,none,-1,
910000020595,False,none,-1,
910000020596,False,none,-1,
910000020597,True,L2,91,910000015936
910000020598,False,none,-1,
910000020599,False,none,-1,
910000020600,False,none,-1,
910000020601,False,none,-1,
910000020602,False,none,-1,
910000020603,False,none,-1,
910000020604,False,none,-1,
910000020605,False,none,-1,
910000020606,False,none,-1,
910000020607,False,none,-1,
910000020608,False,none,-1,
910000020609,False,none,-1,
910000020610,False,none,-1,
910000020611,False,none,-1,
910000020612,False,none,-1,
910000020613,False,none,-1,
910000020614,False,none,-1,
910000020615,False,none,-1,
910000020616,False,none,-1,
910000020617,False,none,-1,
910000020618,False,none,-1,
910000020619,False,none,-1,
910000020620,False,none,-1,
910000020621,False,none,-1,
910000020622,False,none,-1,
910000020623,False,none,-1,
910000020624,False,none,-1,
910000020625,False,none,-1,
910000020626,False,none,-1,
910000020627,False,none,-1,
910000020628,False,none,-1,
910000020629,False,none,-1,
910000020630,False,none,-1,
910000020631,False,none,-1,
910000020632,False,none,-1,
910000020633,False,none,-1,
910000020634,False,none,-1,
910000020635,False,none,-1,
910000020636,False,none,-1,
910000020637,False,none,-1,
910000020638,False,none,-1,
910000020639,False,none,-1,
910000020640,False,none,-1,
910000020641,False,none,-1,
910000020642,False,none,-1,
910000020643,False,none,-1,
910000020644,False,none,-1,
910000020645,False,none,-1,
910000020646,False,none,-1,
910000020647,False,none,-1,
910000020648,False,none,-1,
910000020649,False,none,-1,
910000020650,False,none,-1,
910000020651,False,none,-1,
910000020652,False,none,-1,
910000020653,False,none,-1,
910000020654,False,none,-1,
910000020655,False,none,-1,
910000020656,True,L2,83,910000004010
910000020657,False,none,-1,
910000020658,False,none,-1,
910000020659,False,none,-1,
910000020660,False,none,-1,
910000020661,False,none,-1,
910000020662,False,none,-1,
910000020663,False,none,-1,
910000020664,False,none,-1,
910000020665,False,none,-1,
910000020666,True,L2,56,910000008837
910000020667,False,none,-1,
910000020668,False,none,-1,
910000020669,False,none,-1,
910000020670,False,none,-1,
910000020671,False,none,-1,
910000020672,False,none,-1,
910000020673,False,none,-1,
910000020674,False,none,-1,
910000020675,False,none,-1,
910000020676,False,none,-1,
910000020677,False,none,-1,
910000020678,False,none,-1,
910000020679,False,none,-1,
910000020680,False,none,-1,
910000020681,False,none,-1,
910000020682,False,none,-1,
910000020683,False,none,-1,
910000020684,False,none,-1,
910000020685,False,none,-1,
910000020686,False,none,-1,
910000020687,False,none,-1,
910000020688,False,none,-1,
910000020689,False,none,-1,
910000020690,False,none,-1,
910000020691,False,none,-1,
910000020692,False,none,-1,
910000020693,False,none,-1,
910000020694,False,none,-1,
910000020695,False,none,-1,
910000020696,False,none,-1,
910000020697,False,none,-1,
910000020698,False,none,-1,
910000020699,False,none,-1,
910000020700,False,none,-1,
910000020701,False,none,-1,
910000020702,True,L1,58,910000016011
910000020703,False,none,-1,
910000020704,False,none,-1,
910000020705,False,none,-1,
910000020706,False,none,-1,
910000020707,False,none,-1,
910000020708,True,L2,39,910000001087
910000020709,False,none,-1,
910000020710,True,L2,41,910000005164
910000020711,False,none,-1,
910000020712,False,none,-1,
910000020713,True,L2,64,910000005320
910000020714,False,none,-1,
910000020715,False,none,-1,
910000020716,False,none,-1,
910000020717,False,none,-1,
910000020718,False,none,-1,
910000020719,False,none,-1,
910000020720,False,none,-1,
910000020721,False,none,-1,
910000020722,False,none,-1,
910000020723,False,none,-1,
910000020724,False,none,-1,
910000020725,False,none,-1,
910000020726,False,none,-1,
910000020727,False,none,-1,
910000020728,False,none,-1,
910000020729,True,L2,18,910000003772
910000020730,False,none,-1,
910000020731,False,none,-1,
910000020732,True,L3,92,910000021432
910000020733,False,none,-1,
910000020734,False,none,-1,
910000020735,False,none,-1,
910000020736,True,L2,67,910000017540
910000020737,False,none,-1,
910000020738,False,none,-1,
910000020739,False,none,-1,
910000020740,False,none,-1,
910000020741,False,none,-1,
910000020742,False,none,-1,
910000020743,False,none,-1,
910000020744,False,none,-1,
910000020745,False,none,-1,
910000020746,False,none,-1,
910000020747,False,none,-1,
910000020748,False,none,-1,
910000020749,False,none,-1,
910000020750,False,none,-1,
910000020751,False,none,-1,
910000020752,False,none,-1,
910000020753,False,none,-1,
910000020754,False,none,-1,
910000020755,False,none,-1,
910000020756,False,none,-1,
910000020757,False,none,-1,
910000020758,False,none,-1,
910000020759,False,none,-1,
910000020760,False,none,-1,
910000020761,False,none,-1,
910000020762,False,none,-1,
910000020763,False,none,-1,
910000020764,False,none,-1,
910000020765,False,none,-1,
910000020766,False,none,-1,
910000020767,False,none,-1,
910000020768,False,none,-1,
910000020769,True,L2,56,910000008837
910000020770,False,none,-1,
910000020771,False,none,-1,
910000020772,False,none,-1,
910000020773,False,none,-1,
910000020774,False,none,-1,
910000020775,False,none,-1,
910000020776,False,none,-1,
910000020777,False,none,-1,
910000020778,False,none,-1,
910000020779,False,none,-1,
910000020780,False,none,-1,
910000020781,False,none,-1,
910000020782,False,none,-1,
910000020783,True,L2,76,910000011433
910000020784,False,none,-1,
910000020785,False,none,-1,
910000020786,False,none,-1,
910000020787,False,none,-1,
910000020788,False,none,-1,
910000020789,False,none,-1,
910000020790,False,none,-1,
910000020791,False,none,-1,
910000020792,True,L2,44,910000020451
910000020793,False,none,-1,
910000020794,False,none,-1,
910000020795,False,none,-1,
910000020796,False,none,-1,
910000020797,False,none,-1,
910000020798,False,none,-1,
910000020799,True,L2,13,910000002736
910000020800,False,none,-1,
910000020801,False,none,-1,
910000020802,False,none,-1,
910000020803,False,none,-1,
910000020804,False,none,-1,
910000020805,False,none,-1,
910000020806,False,none,-1,
910000020807,False,none,-1,
910000020808,False,none,-1,
910000020809,False,none,-1,
910000020810,False,none,-1,
910000020811,False,none,-1,
910000020812,False,none,-1,
910000020813,False,none,-1,
910000020814,False,none,-1,
910000020815,False,none,-1,
910000020816,False,none,-1,
910000020817,False,none,-1,
910000020818,False,none,-1,
910000020819,False,none,-1,
910000020820,False,none,-1,
910000020821,False,none,-1,
910000020822,False,none,-1,
910000020823,False,none,-1,
910000020824,False,none,-1,
910000020825,False,none,-1,
910000020826,False,none,-1,
910000020827,True,L2,73,910000008345
910000020828,False,none,-1,
910000020829,False,none,-1,
910000020830,False,none,-1,
910000020831,False,none,-1,
910000020832,False,none,-1,
910000020833,False,none,-1,
910000020834,True,L2,28,910000002949
910000020835,False,none,-1,
910000020836,False,none,-1,
910000020837,False,none,-1,
910000020838,False,none,-1,
910000020839,False,none,-1,
910000020840,False,none,-1,
910000020841,False,none,-1,
910000020842,False,none,-1,
910000020843,False,none,-1,
910000020844,False,none,-1,
910000020845,False,none,-1,
910000020846,False,none,-1,
910000020847,False,none,-1,
910000020848,False,none,-1,
910000020849,False,none,-1,
910000020850,False,none,-1,
910000020851,False,none,-1,
910000020852,False,none,-1,
910000020853,False,none,-1,
910000020854,True,L3,25,910000004408
910000020855,False,none,-1,
910000020856,False,none,-1,
910000020857,False,none,-1,
910000020858,False,none,-1,
910000020859,False,none,-1,
910000020860,False,none,-1,
910000020861,False,none,-1,
910000020862,False,none,-1,
910000020863,False,none,-1,
910000020864,False,none,-1,
910000020865,False,none,-1,
910000020866,False,none,-1,
910000020867,False,none,-1,
910000020868,True,L3,70,910000003386
910000020869,False,none,-1,
910000020870,False,none,-1,
910000020871,False,none,-1,
910000020872,False,none,-1,
910000020873,False,none,-1,
910000020874,False,none,-1,
910000020875,False,none,-1,
910000020876,False,none,-1,
910000020877,False,none,-1,
910000020878,False,none,-1,
910000020879,False,none,-1,
910000020880,False,none,-1,
910000020881,False,none,-1,
910000020882,False,none,-1,
910000020883,False,none,-1,
910000020884,False,none,-1,
910000020885,False,none,-1,
910000020886,False,none,-1,
910000020887,False,none,-1,
910000020888,False,none,-1,
910000020889,False,none,-1,
910000020890,True,L1,28,910000002949
910000020891,False,none,-1,
910000020892,False,none,-1,
910000020893,False,none,-1,
910000020894,False,none,-1,
910000020895,True,L1,74,910000002855
910000020896,False,none,-1,
910000020897,False,none,-1,
910000020898,False,none,-1,
910000020899,False,none,-1,
910000020900,False,none,-1,
910000020901,False,none,-1,
910000020902,False,none,-1,
910000020903,False,none,-1,
910000020904,False,none,-1,
910000020905,False,none,-1,
910000020906,False,none,-1,
910000020907,False,none,-1,
910000020908,False,none,-1,
910000020909,False,none,-1,
910000020910,False,none,-1,
910000020911,False,none,-1,
910000020912,False,none,-1,
910000020913,False,none,-1,
910000020914,False,none,-1,
910000020915,False,none,-1,
910000020916,False,none,-1,
910000020917,False,none,-1,
910000020918,False,none,-1,
910000020919,False,none,-1,
910000020920,False,none,-1,
910000020921,False,none,-1,
910000020922,False,none,-1,
910000020923,False,none,-1,
910000020924,False,none,-1,
910000020925,False,none,-1,
910000020926,True,L2,8,910000006300
910000020927,False,none,-1,
910000020928,False,none,-1,
910000020929,False,none,-1,
910000020930,False,none,-1,
910000020931,False,none,-1,
910000020932,False,none,-1,
910000020933,False,none,-1,
910000020934,False,none,-1,
910000020935,False,none,-1,
910000020936,False,none,-1,
910000020937,False,none,-1,
910000020938,False,none,-1,
910000020939,False,none,-1,
910000020940,False,none,-1,
910000020941,False,none,-1,
910000020942,False,none,-1,
910000020943,False,none,-1,
910000020944,False,none,-1,
910000020945,False,none,-1,
910000020946,False,none,-1,
910000020947,False,none,-1,
910000020948,False,none,-1,
910000020949,False,none,-1,
910000020950,False,none,-1,
910000020951,False,none,-1,
910000020952,False,none,-1,
910000020953,False,none,-1,
910000020954,False,none,-1,
910000020955,False,none,-1,
910000020956,False,none,-1,
910000020957,False,none,-1,
910000020958,False,none,-1,
910000020959,False,none,-1,
910000020960,False,none,-1,
910000020961,False,none,-1,
910000020962,False,none,-1,
910000020963,False,none,-1,
910000020964,False,none,-1,
910000020965,False,none,-1,
910000020966,False,none,-1,
910000020967,False,none,-1,
910000020968,False,none,-1,
910000020969,False,none,-1,
910000020970,False,none,-1,
910000020971,False,none,-1,
910000020972,False,none,-1,
910000020973,False,none,-1,
910000020974,False,none,-1,
910000020975,False,none,-1,
910000020976,True,L3,16,910000008831
910000020977,False,none,-1,
910000020978,False,none,-1,
910000020979,False,none,-1,
910000020980,False,none,-1,
910000020981,False,none,-1,
910000020982,False,none,-1,
910000020983,False,none,-1,
910000020984,True,L2,36,910000007400
910000020985,False,none,-1,
910000020986,False,none,-1,
910000020987,False,none,-1,
910000020988,True,L3,22,910000010458
910000020989,False,none,-1,
910000020990,False,none,-1,
910000020991,False,none,-1,
910000020992,True,L3,83,910000004010
910000020993,False,none,-1,
910000020994,False,none,-1,
910000020995,False,none,-1,
910000020996,False,none,-1,
910000020997,False,none,-1,
910000020998,False,none,-1,
910000020999,False,none,-1,
910000021000,False,none,-1,
910000021001,False,none,-1,
910000021002,False,none,-1,
910000021003,False,none,-1,
910000021004,False,none,-1,
910000021005,False,none,-1,
910000021006,False,none,-1,
910000021007,False,none,-1,
910000021008,False,none,-1,
910000021009,False,none,-1,
910000021010,False,none,-1,
910000021011,True,L3,82,910000003073
910000021012,False,none,-1,
910000021013,False,none,-1,
910000021014,False,none,-1,
910000021015,False,none,-1,
910000021016,False,none,-1,
910000021017,False,none,-1,
910000021018,False,none,-1,
910000021019,False,none,-1,
910000021020,False,none,-1,
910000021021,False,none,-1,
910000021022,False,none,-1,
910000021023,False,none,-1,
910000021024,False,none,-1,
910000021025,False,none,-1,
910000021026,False,none,-1,
910000021027,False,none,-1,
910000021028,False,none,-1,
910000021029,True,L3,52,910000023417
910000021030,False,none,-1,
910000021031,False,none,-1,
910000021032,False,none,-1,
910000021033,False,none,-1,
910000021034,False,none,-1,
910000021035,False,none,-1,
910000021036,False,none,-1,
910000021037,False,none,-1,
910000021038,False,none,-1,
910000021039,False,none,-1,
910000021040,False,none,-1,
910000021041,True,L1,87,910000024461
910000021042,False,none,-1,
910000021043,False,none,-1,
910000021044,False,none,-1,
910000021045,False,none,-1,
910000021046,False,none,-1,
910000021047,False,none,-1,
910000021048,False,none,-1,
910000021049,False,none,-1,
910000021050,False,none,-1,
910000021051,False,none,-1,
910000021052,False,none,-1,
910000021053,False,none,-1,
910000021054,False,none,-1,
910000021055,False,none,-1,
910000021056,False,none,-1,
910000021057,False,none,-1,
910000021058,False,none,-1,
910000021059,False,none,-1,
910000021060,False,none,-1,
910000021061,False,none,-1,
910000021062,False,none,-1,
910000021063,False,none,-1,
910000021064,False,none,-1,
910000021065,False,none,-1,
910000021066,False,none,-1,
910000021067,False,none,-1,
910000021068,False,none,-1,
910000021069,False,none,-1,
910000021070,False,none,-1,
910000021071,False,none,-1,
910000021072,False,none,-1,
910000021073,False,none,-1,
910000021074,False,none,-1,
910000021075,False,none,-1,
910000021076,False,none,-1,
910000021077,False,none,-1,
910000021078,False,none,-1,
910000021079,True,L3,5,910000013728
910000021080,False,none,-1,
910000021081,True,L1,1,910000024661
910000021082,False,none,-1,
910000021083,False,none,-1,
910000021084,False,none,-1,
910000021085,False,none,-1,
910000021086,False,none,-1,
910000021087,False,none,-1,
910000021088,False,none,-1,
910000021089,False,none,-1,
910000021090,False,none,-1,
910000021091,False,none,-1,
910000021092,True,L2,32,910000012163
910000021093,False,none,-1,
910000021094,False,none,-1,
910000021095,False,none,-1,
910000021096,False,none,-1,
910000021097,False,none,-1,
910000021098,False,none,-1,
910000021099,False,none,-1,
910000021100,False,none,-1,
910000021101,False,none,-1,
910000021102,True,L3,82,910000003073
910000021103,False,none,-1,
910000021104,False,none,-1,
910000021105,False,none,-1,
910000021106,False,none,-1,
910000021107,False,none,-1,
910000021108,False,none,-1,
910000021109,False,none,-1,
910000021110,False,none,-1,
910000021111,False,none,-1,
910000021112,False,none,-1,
910000021113,False,none,-1,
910000021114,True,L2,20,910000005298
910000021115,True,L2,72,910000017637
910000021116,False,none,-1,
910000021117,False,none,-1,
910000021118,False,none,-1,
910000021119,False,none,-1,
910000021120,False,none,-1,
910000021121,False,none,-1,
910000021122,False,none,-1,
910000021123,False,none,-1,
910000021124,False,none,-1,
910000021125,False,none,-1,
910000021126,False,none,-1,
910000021127,False,none,-1,
910000021128,False,none,-1,
910000021129,False,none,-1,
910000021130,False,none,-1,
910000021131,False,none,-1,
910000021132,False,none,-1,
910000021133,False,none,-1,
910000021134,False,none,-1,
910000021135,True,L3,21,910000024175
910000021136,True,L1,1,910000024661
910000021137,False,none,-1,
910000021138,False,none,-1,
910000021139,False,none,-1,
910000021140,False,none,-1,
910000021141,False,none,-1,
910000021142,False,none,-1,
910000021143,False,none,-1,
910000021144,False,none,-1,
910000021145,False,none,-1,
910000021146,False,none,-1,
910000021147,False,none,-1,
910000021148,False,none,-1,
910000021149,False,none,-1,
910000021150,False,none,-1,
910000021151,True,L2,61,910000009892
910000021152,False,none,-1,
910000021153,False,none,-1,
910000021154,False,none,-1,
910000021155,False,none,-1,
910000021156,False,none,-1,
910000021157,False,none,-1,
910000021158,False,none,-1,
910000021159,True,L2,83,910000004010
910000021160,True,L2,95,910000000158
910000021161,False,none,-1,
910000021162,True,L3,10,910000002246
910000021163,False,none,-1,
910000021164,False,none,-1,
910000021165,False,none,-1,
910000021166,False,none,-1,
910000021167,False,none,-1,
910000021168,False,none,-1,
910000021169,False,none,-1,
910000021170,False,none,-1,
910000021171,False,none,-1,
910000021172,False,none,-1,
910000021173,False,none,-1,
910000021174,False,none,-1,
910000021175,False,none,-1,
910000021176,False,none,-1,
910000021177,False,none,-1,
910000021178,False,none,-1,
910000021179,False,none,-1,
910000021180,False,none,-1,
910000021181,False,none,-1,
910000021182,False,none,-1,
910000021183,True,L1,3,910000005391
910000021184,False,none,-1,
910000021185,False,none,-1,
910000021186,False,none,-1,
910000021187,False,none,-1,
910000021188,False,none,-1,
910000021189,False,none,-1,
910000021190,False,none,-1,
910000021191,True,L2,49,910000014166
910000021192,False,none,-1,
910000021193,False,none,-1,
910000021194,False,none,-1,
910000021195,False,none,-1,
910000021196,False,none,-1,
910000021197,False,none,-1,
910000021198,False,none,-1,
910000021199,False,none,-1,
910000021200,False,none,-1,
910000021201,False,none,-1,
910000021202,False,none,-1,
910000021203,False,none,-1,
910000021204,False,none,-1,
910000021205,False,none,-1,
910000021206,False,none,-1,
910000021207,False,none,-1,
910000021208,False,none,-1,
910000021209,False,none,-1,
910000021210,False,none,-1,
910000021211,False,none,-1,
910000021212,False,none,-1,
910000021213,False,none,-1,
910000021214,False,none,-1,
910000021215,False,none,-1,
910000021216,False,none,-1,
910000021217,True,L3,21,910000024175
910000021218,False,none,-1,
910000021219,False,none,-1,
910000021220,False,none,-1,
910000021221,False,none,-1,
910000021222,True,L2,55,910000001567
910000021223,False,none,-1,
910000021224,False,none,-1,
910000021225,False,none,-1,
910000021226,False,none,-1,
910000021227,False,none,-1,
910000021228,False,none,-1,
910000021229,False,none,-1,
910000021230,False,none,-1,
910000021231,False,none,-1,
910000021232,False,none,-1,
910000021233,False,none,-1,
910000021234,False,none,-1,
910000021235,False,none,-1,
910000021236,False,none,-1,
910000021237,False,none,-1,
910000021238,False,none,-1,
910000021239,False,none,-1,
910000021240,False,none,-1,
910000021241,False,none,-1,
910000021242,False,none,-1,
910000021243,False,none,-1,
910000021244,False,none,-1,
910000021245,False,none,-1,
910000021246,False,none,-1,
910000021247,False,none,-1,
910000021248,False,none,-1,
910000021249,False,none,-1,
910000021250,False,none,-1,
910000021251,False,none,-1,
910000021252,True,L1,22,910000010458
910000021253,False,none,-1,
910000021254,False,none,-1,
910000021255,False,none,-1,
910000021256,False,none,-1,
910000021257,False,none,-1,
910000021258,False,none,-1,
910000021259,False,none,-1,
910000021260,False,none,-1,
910000021261,False,none,-1,
910000021262,False,none,-1,
910000021263,False,none,-1,
910000021264,False,none,-1,
910000021265,False,none,-1,
910000021266,False,none,-1,
910000021267,False,none,-1,
910000021268,False,none,-1,
910000021269,False,none,-1,
910000021270,False,none,-1,
910000021271,False,none,-1,
910000021272,False,none,-1,
910000021273,False,none,-1,
910000021274,False,none,-1,
910000021275,False,none,-1,
910000021276,False,none,-1,
910000021277,True,L2,95,910000000158
910000021278,False,none,-1,
910000021279,False,none,-1,
910000021280,False,none,-1,
910000021281,False,none,-1,
910000021282,False,none,-1,
910000021283,False,none,-1,
910000021284,False,none,-1,
910000021285,False,none,-1,
910000021286,False,none,-1,
910000021287,False,none,-1,
910000021288,False,none,-1,
910000021289,False,none,-1,
910000021290,False,none,-1,
910000021291,False,none,-1,
910000021292,False,none,-1,
910000021293,False,none,-1,
910000021294,False,none,-1,
910000021295,False,none,-1,
910000021296,False,none,-1,
910000021297,False,none,-1,
910000021298,False,none,-1,
910000021299,False,none,-1,
910000021300,True,L3,20,910000005298
910000021301,False,none,-1,
910000021302,False,none,-1,
910000021303,False,none,-1,
910000021304,False,none,-1,
910000021305,False,none,-1,
910000021306,False,none,-1,
910000021307,False,none,-1,
910000021308,False,none,-1,
910000021309,False,none,-1,
910000021310,False,none,-1,
910000021311,False,none,-1,
910000021312,False,none,-1,
910000021313,False,none,-1,
910000021314,False,none,-1,
910000021315,False,none,-1,
910000021316,False,none,-1,
910000021317,False,none,-1,
910000021318,False,none,-1,
910000021319,False,none,-1,
910000021320,False,none,-1,
910000021321,False,none,-1,
910000021322,False,none,-1,
910000021323,False,none,-1,
910000021324,False,none,-1,
910000021325,False,none,-1,
910000021326,False,none,-1,
910000021327,False,none,-1,
910000021328,False,none,-1,
910000021329,False,none,-1,
910000021330,False,none,-1,
910000021331,False,none,-1,
910000021332,False,none,-1,
910000021333,True,L3,99,910000017824
910000021334,False,none,-1,
910000021335,False,none,-1,
910000021336,False,none,-1,
910000021337,False,none,-1,
910000021338,False,none,-1,
910000021339,False,none,-1,
910000021340,False,none,-1,
910000021341,False,none,-1,
910000021342,False,none,-1,
910000021343,False,none,-1,
910000021344,False,none,-1,
910000021345,False,none,-1,
910000021346,False,none,-1,
910000021347,False,none,-1,
910000021348,False,none,-1,
910000021349,False,none,-1,
910000021350,False,none,-1,
910000021351,False,none,-1,
910000021352,True,L2,52,910000023417
910000021353,False,none,-1,
910000021354,False,none,-1,
910000021355,False,none,-1,
910000021356,False,none,-1,
910000021357,True,L3,93,910000005922
910000021358,False,none,-1,
910000021359,False,none,-1,
910000021360,False,none,-1,
910000021361,False,none,-1,
910000021362,False,none,-1,
910000021363,False,none,-1,
910000021364,False,none,-1,
910000021365,False,none,-1,
910000021366,False,none,-1,
910000021367,False,none,-1,
910000021368,False,none,-1,
910000021369,False,none,-1,
910000021370,False,none,-1,
910000021371,False,none,-1,
910000021372,False,none,-1,
910000021373,False,none,-1,
910000021374,False,none,-1,
910000021375,False,none,-1,
910000021376,False,none,-1,
910000021377,False,none,-1,
910000021378,False,none,-1,
910000021379,False,none,-1,
910000021380,False,none,-1,
910000021381,False,none,-1,
910000021382,False,none,-1,
910000021383,True,L2,61,910000009892
910000021384,False,none,-1,
910000021385,False,none,-1,
910000021386,False,none,-1,
910000021387,False,none,-1,
910000021388,False,none,-1,
910000021389,False,none,-1,
910000021390,False,none,-1,
910000021391,False,none,-1,
910000021392,False,none,-1,
910000021393,False,none,-1,
910000021394,True,L1,12,910000020672
910000021395,False,none,-1,
910000021396,False,none,-1,
910000021397,False,none,-1,
910000021398,False,none,-1,
910000021399,False,none,-1,
910000021400,False,none,-1,
910000021401,False,none,-1,
910000021402,True,L3,96,910000022031
910000021403,False,none,-1,
910000021404,False,none,-1,
910000021405,False,none,-1,
910000021406,False,none,-1,
910000021407,False,none,-1,
910000021408,False,none,-1,
910000021409,False,none,-1,
910000021410,False,none,-1,
910000021411,False,none,-1,
910000021412,False,none,-1,
910000021413,False,none,-1,
910000021414,False,none,-1,
910000021415,False,none,-1,
910000021416,False,none,-1,
910000021417,False,none,-1,
910000021418,False,none,-1,
910000021419,False,none,-1,
910000021420,False,none,-1,
910000021421,False,none,-1,
910000021422,False,none,-1,
910000021423,False,none,-1,
910000021424,True,L3,0,910000024789
910000021425,False,none,-1,
910000021426,False,none,-1,
910000021427,False,none,-1,
910000021428,False,none,-1,
910000021429,False,none,-1,
910000021430,False,none,-1,
910000021431,False,none,-1,
910000021432,False,none,-1,
910000021433,False,none,-1,
910000021434,False,none,-1,
910000021435,False,none,-1,
910000021436,False,none,-1,
910000021437,False,none,-1,
910000021438,False,none,-1,
910000021439,False,none,-1,
910000021440,True,L1,57,910000022134
910000021441,False,none,-1,
910000021442,False,none,-1,
910000021443,False,none,-1,
910000021444,False,none,-1,
910000021445,False,none,-1,
910000021446,False,none,-1,
910000021447,False,none,-1,
910000021448,False,none,-1,
910000021449,False,none,-1,
910000021450,False,none,-1,
910000021451,False,none,-1,
910000021452,False,none,-1,
910000021453,False,none,-1,
910000021454,False,none,-1,
910000021455,False,none,-1,
910000021456,False,none,-1,
910000021457,False,none,-1,
910000021458,False,none,-1,
910000021459,False,none,-1,
910000021460,False,none,-1,
910000021461,True,L2,25,910000004408
910000021462,False,none,-1,
910000021463,False,none,-1,
910000021464,False,none,-1,
910000021465,False,none,-1,
910000021466,False,none,-1,
910000021467,False,none,-1,
910000021468,False,none,-1,
910000021469,False,none,-1,
910000021470,False,none,-1,
910000021471,True,L2,49,910000014166
910000021472,False,none,-1,
910000021473,False,none,-1,
910000021474,False,none,-1,
910000021475,False,none,-1,
910000021476,True,L3,96,910000022031
910000021477,False,none,-1,
910000021478,False,none,-1,
910000021479,False,none,-1,
910000021480,True,L3,11,910000010364
910000021481,False,none,-1,
910000021482,False,none,-1,
910000021483,False,none,-1,
910000021484,False,none,-1,
910000021485,False,none,-1,
910000021486,False,none,-1,
910000021487,False,none,-1,
910000021488,False,none,-1,
910000021489,False,none,-1,
910000021490,False,none,-1,
910000021491,False,none,-1,
910000021492,False,none,-1,
910000021493,False,none,-1,
910000021494,False,none,-1,
910000021495,False,none,-1,
910000021496,False,none,-1,
910000021497,False,none,-1,
910000021498,False,none,-1,
910000021499,False,none,-1,
910000021500,False,none,-1,
910000021501,False,none,-1,
910000021502,False,none,-1,
910000021503,False,none,-1,
910000021504,False,none,-1,
910000021505,False,none,-1,
910000021506,False,none,-1,
910000021507,False,none,-1,
910000021508,False,none,-1,
910000021509,False,none,-1,
910000021510,False,none,-1,
910000021511,False,none,-1,
910000021512,False,none,-1,
910000021513,False,none,-1,
910000021514,True,L1,35,910000016466
910000021515,False,none,-1,
910000021516,False,none,-1,
910000021517,True,L2,44,910000020451
910000021518,False,none,-1,
910000021519,False,none,-1,
910000021520,False,none,-1,
910000021521,False,none,-1,
910000021522,False,none,-1,
910000021523,False,none,-1,
910000021524,False,none,-1,
910000021525,False,none,-1,
910000021526,False,none,-1,
910000021527,False,none,-1,
910000021528,False,none,-1,
910000021529,False,none,-1,
910000021530,False,none,-1,
910000021531,False,none,-1,
910000021532,False,none,-1,
910000021533,False,none,-1,
910000021534,False,none,-1,
910000021535,False,none,-1,
910000021536,False,none,-1,
910000021537,False,none,-1,
910000021538,False,none,-1,
910000021539,False,none,-1,
910000021540,False,none,-1,
910000021541,True,L3,94,910000014634
910000021542,False,none,-1,
910000021543,False,none,-1,
910000021544,False,none,-1,
910000021545,False,none,-1,
910000021546,False,none,-1,
910000021547,False,none,-1,
910000021548,False,none,-1,
910000021549,False,none,-1,
910000021550,False,none,-1,
910000021551,False,none,-1,
910000021552,False,none,-1,
910000021553,False,none,-1,
910000021554,False,none,-1,
910000021555,False,none,-1,
910000021556,False,none,-1,
910000021557,False,none,-1,
910000021558,False,none,-1,
910000021559,False,none,-1,
910000021560,False,none,-1,
910000021561,True,L3,83,910000004010
910000021562,False,none,-1,
910000021563,False,none,-1,
910000021564,False,none,-1,
910000021565,False,none,-1,
910000021566,False,none,-1,
910000021567,False,none,-1,
910000021568,False,none,-1,
910000021569,False,none,-1,
910000021570,False,none,-1,
910000021571,False,none,-1,
910000021572,False,none,-1,
910000021573,False,none,-1,
910000021574,False,none,-1,
910000021575,False,none,-1,
910000021576,False,none,-1,
910000021577,False,none,-1,
910000021578,False,none,-1,
910000021579,True,L3,78,910000024868
910000021580,True,L2,97,910000017134
910000021581,False,none,-1,
910000021582,False,none,-1,
910000021583,False,none,-1,
910000021584,False,none,-1,
910000021585,False,none,-1,
910000021586,False,none,-1,
910000021587,False,none,-1,
910000021588,False,none,-1,
910000021589,False,none,-1,
910000021590,True,L3,24,910000015900
910000021591,False,none,-1,
910000021592,False,none,-1,
910000021593,False,none,-1,
910000021594,False,none,-1,
910000021595,False,none,-1,
910000021596,False,none,-1,
910000021597,False,none,-1,
910000021598,False,none,-1,
910000021599,False,none,-1,
910000021600,False,none,-1,
910000021601,False,none,-1,
910000021602,False,none,-1,
910000021603,True,L2,41,910000005164
910000021604,False,none,-1,
910000021605,True,L2,53,910000006860
910000021606,False,none,-1,
910000021607,False,none,-1,
910000021608,False,none,-1,
910000021609,False,none,-1,
910000021610,False,none,-1,
910000021611,False,none,-1,
910000021612,False,none,-1,
910000021613,False,none,-1,
910000021614,False,none,-1,
910000021615,False,none,-1,
910000021616,False,none,-1,
910000021617,False,none,-1,
910000021618,False,none,-1,
910000021619,False,none,-1,
910000021620,False,none,-1,
910000021621,False,none,-1,
910000021622,False,none,-1,
910000021623,False,none,-1,
910000021624,False,none,-1,
910000021625,False,none,-1,
910000021626,False,none,-1,
910000021627,False,none,-1,
910000021628,False,none,-1,
910000021629,False,none,-1,
910000021630,False,none,-1,
910000021631,True,L1,54,910000005950
910000021632,False,none,-1,
910000021633,False,none,-1,
910000021634,False,none,-1,
910000021635,False,none,-1,
910000021636,False,none,-1,
910000021637,False,none,-1,
910000021638,False,none,-1,
910000021639,False,none,-1,
910000021640,False,none,-1,
910000021641,False,none,-1,
910000021642,False,none,-1,
910000021643,False,none,-1,
910000021644,False,none,-1,
910000021645,False,none,-1,
910000021646,False,none,-1,
910000021647,False,none,-1,
910000021648,False,none,-1,
910000021649,False,none,-1,
910000021650,False,none,-1,
910000021651,False,none,-1,
910000021652,False,none,-1,
910000021653,False,none,-1,
910000021654,False,none,-1,
910000021655,False,none,-1,
910000021656,False,none,-1,
910000021657,False,none,-1,
910000021658,False,none,-1,
910000021659,False,none,-1,
910000021660,False,none,-1,
910000021661,False,none,-1,
910000021662,False,none,-1,
910000021663,False,none,-1,
910000021664,False,none,-1,
910000021665,False,none,-1,
910000021666,False,none,-1,
910000021667,False,none,-1,
910000021668,False,none,-1,
910000021669,False,none,-1,
910000021670,False,none,-1,
910000021671,False,none,-1,
910000021672,False,none,-1,
910000021673,False,none,-1,
910000021674,False,none,-1,
910000021675,False,none,-1,
910000021676,False,none,-1,
910000021677,False,none,-1,
910000021678,False,none,-1,
910000021679,False,none,-1,
910000021680,False,none,-1,
910000021681,False,none,-1,
910000021682,False,none,-1,
910000021683,False,none,-1,
910000021684,False,none,-1,
910000021685,False,none,-1,
910000021686,False,none,-1,
910000021687,False,none,-1,
910000021688,False,none,-1,
910000021689,False,none,-1,
910000021690,False,none,-1,
910000021691,False,none,-1,
910000021692,False,none,-1,
910000021693,False,none,-1,
910000021694,False,none,-1,
910000021695,False,none,-1,
910000021696,False,none,-1,
910000021697,False,none,-1,
910000021698,False,none,-1,
910000021699,False,none,-1,
910000021700,False,none,-1,
910000021701,False,none,-1,
910000021702,False,none,-1,
910000021703,False,none,-1,
910000021704,False,none,-1,
910000021705,False,none,-1,
910000021706,False,none,-1,
910000021707,False,none,-1,
910000021708,True,L2,76,910000011433
910000021709,False,none,-1,
910000021710,False,none,-1,
910000021711,False,none,-1,
910000021712,False,none,-1,
910000021713,False,none,-1,
910000021714,False,none,-1,
910000021715,True,L1,14,910000024141
910000021716,False,none,-1,
910000021717,False,none,-1,
910000021718,False,none,-1,
910000021719,False,none,-1,
910000021720,False,none,-1,
910000021721,False,none,-1,
910000021722,False,none,-1,
910000021723,False,none,-1,
910000021724,False,none,-1,
910000021725,False,none,-1,
910000021726,False,none,-1,
910000021727,False,none,-1,
910000021728,False,none,-1,
910000021729,True,L1,52,910000023417
910000021730,False,none,-1,
910000021731,False,none,-1,
910000021732,True,L3,33,910000018608
910000021733,False,none,-1,
910000021734,False,none,-1,
910000021735,False,none,-1,
910000021736,False,none,-1,
910000021737,False,none,-1,
910000021738,False,none,-1,
910000021739,False,none,-1,
910000021740,False,none,-1,
910000021741,False,none,-1,
910000021742,False,none,-1,
910000021743,True,L1,4,910000018706
910000021744,False,none,-1,
910000021745,False,none,-1,
910000021746,False,none,-1,
910000021747,False,none,-1,
910000021748,False,none,-1,
910000021749,False,none,-1,
910000021750,False,none,-1,
910000021751,False,none,-1,
910000021752,False,none,-1,
910000021753,False,none,-1,
910000021754,False,none,-1,
910000021755,False,none,-1,
910000021756,False,none,-1,
910000021757,False,none,-1,
910000021758,False,none,-1,
910000021759,False,none,-1,
910000021760,False,none,-1,
910000021761,False,none,-1,
910000021762,False,none,-1,
910000021763,True,L3,85,910000000362
910000021764,False,none,-1,
910000021765,False,none,-1,
910000021766,False,none,-1,
910000021767,False,none,-1,
910000021768,False,none,-1,
910000021769,False,none,-1,
910000021770,False,none,-1,
910000021771,False,none,-1,
910000021772,False,none,-1,
910000021773,False,none,-1,
910000021774,False,none,-1,
910000021775,False,none,-1,
910000021776,False,none,-1,
910000021777,False,none,-1,
910000021778,False,none,-1,
910000021779,False,none,-1,
910000021780,False,none,-1,
910000021781,False,none,-1,
910000021782,False,none,-1,
910000021783,False,none,-1,
910000021784,False,none,-1,
910000021785,False,none,-1,
910000021786,False,none,-1,
910000021787,False,none,-1,
910000021788,False,none,-1,
910000021789,False,none,-1,
910000021790,False,none,-1,
910000021791,False,none,-1,
910000021792,False,none,-1,
910000021793,False,none,-1,
910000021794,False,none,-1,
910000021795,False,none,-1,
910000021796,False,none,-1,
910000021797,False,none,-1,
910000021798,False,none,-1,
910000021799,False,none,-1,
910000021800,False,none,-1,
910000021801,False,none,-1,
910000021802,False,none,-1,
910000021803,False,none,-1,
910000021804,True,L3,15,910000017309
910000021805,False,none,-1,
910000021806,False,none,-1,
910000021807,False,none,-1,
910000021808,False,none,-1,
910000021809,False,none,-1,
910000021810,False,none,-1,
910000021811,False,none,-1,
910000021812,False,none,-1,
910000021813,False,none,-1,
910000021814,False,none,-1,
910000021815,True,L3,61,910000009892
910000021816,False,none,-1,
910000021817,False,none,-1,
910000021818,False,none,-1,
910000021819,False,none,-1,
910000021820,False,none,-1,
910000021821,False,none,-1,
910000021822,False,none,-1,
910000021823,True,L2,73,910000008345
910000021824,False,none,-1,
910000021825,False,none,-1,
910000021826,False,none,-1,
910000021827,False,none,-1,
910000021828,False,none,-1,
910000021829,False,none,-1,
910000021830,False,none,-1,
910000021831,False,none,-1,
910000021832,False,none,-1,
910000021833,False,none,-1,
910000021834,False,none,-1,
910000021835,False,none,-1,
910000021836,False,none,-1,
910000021837,False,none,-1,
910000021838,False,none,-1,
910000021839,True,L3,34,910000007044
910000021840,False,none,-1,
910000021841,False,none,-1,
910000021842,True,L3,35,910000016466
910000021843,False,none,-1,
910000021844,False,none,-1,
910000021845,False,none,-1,
910000021846,False,none,-1,
910000021847,False,none,-1,
910000021848,False,none,-1,
910000021849,False,none,-1,
910000021850,False,none,-1,
910000021851,False,none,-1,
910000021852,False,none,-1,
910000021853,False,none,-1,
910000021854,False,none,-1,
910000021855,False,none,-1,
910000021856,False,none,-1,
910000021857,False,none,-1,
910000021858,False,none,-1,
910000021859,False,none,-1,
910000021860,False,none,-1,
910000021861,False,none,-1,
910000021862,True,L3,68,910000023712
910000021863,False,none,-1,
910000021864,False,none,-1,
910000021865,False,none,-1,
910000021866,False,none,-1,
910000021867,False,none,-1,
910000021868,False,none,-1,
910000021869,False,none,-1,
910000021870,False,none,-1,
910000021871,False,none,-1,
910000021872,False,none,-1,
910000021873,True,L1,67,910000017540
910000021874,False,none,-1,
910000021875,False,none,-1,
910000021876,False,none,-1,
910000021877,False,none,-1,
910000021878,False,none,-1,
910000021879,False,none,-1,
910000021880,False,none,-1,
910000021881,False,none,-1,
910000021882,False,none,-1,
910000021883,False,none,-1,
910000021884,False,none,-1,
910000021885,False,none,-1,
910000021886,False,none,-1,
910000021887,False,none,-1,
910000021888,False,none,-1,
910000021889,False,none,-1,
910000021890,False,none,-1,
910000021891,False,none,-1,
910000021892,False,none,-1,
910000021893,False,none,-1,
910000021894,False,none,-1,
910000021895,False,none,-1,
910000021896,False,none,-1,
910000021897,False,none,-1,
910000021898,False,none,-1,
910000021899,False,none,-1,
910000021900,False,none,-1,
910000021901,False,none,-1,
910000021902,False,none,-1,
910000021903,False,none,-1,
910000021904,True,L3,87,910000024461
910000021905,False,none,-1,
910000021906,False,none,-1,
910000021907,False,none,-1,
910000021908,False,none,-1,
910000021909,False,none,-1,
910000021910,False,none,-1,
910000021911,False,none,-1,
910000021912,False,none,-1,
910000021913,False,none,-1,
910000021914,False,none,-1,
910000021915,False,none,-1,
910000021916,False,none,-1,
910000021917,True,L3,5,910000013728
910000021918,True,L3,53,910000006860
910000021919,False,none,-1,
910000021920,False,none,-1,
910000021921,False,none,-1,
910000021922,False,none,-1,
910000021923,False,none,-1,
910000021924,False,none,-1,
910000021925,False,none,-1,
910000021926,False,none,-1,
910000021927,False,none,-1,
910000021928,False,none,-1,
910000021929,False,none,-1,
910000021930,False,none,-1,
910000021931,False,none,-1,
910000021932,False,none,-1,
910000021933,False,none,-1,
910000021934,False,none,-1,
910000021935,False,none,-1,
910000021936,False,none,-1,
910000021937,False,none,-1,
910000021938,False,none,-1,
910000021939,False,none,-1,
910000021940,False,none,-1,
910000021941,False,none,-1,
910000021942,False,none,-1,
910000021943,False,none,-1,
910000021944,False,none,-1,
910000021945,False,none,-1,
910000021946,False,none,-1,
910000021947,False,none,-1,
910000021948,False,none,-1,
910000021949,False,none,-1,
910000021950,False,none,-1,
910000021951,False,none,-1,
910000021952,False,none,-1,
910000021953,False,none,-1,
910000021954,False,none,-1,
910000021955,False,none,-1,
910000021956,False,none,-1,
910000021957,False,none,-1,
910000021958,True,L2,28,910000002949
910000021959,False,none,-1,
910000021960,False,none,-1,
910000021961,False,none,-1,
910000021962,False,none,-1,
910000021963,False,none,-1,
910000021964,False,none,-1,
910000021965,False,none,-1,
910000021966,False,none,-1,
910000021967,False,none,-1,
910000021968,True,L1,76,910000011433
910000021969,False,none,-1,
910000021970,False,none,-1,
910000021971,False,none,-1,
910000021972,False,none,-1,
910000021973,False,none,-1,
910000021974,False,none,-1,
910000021975,False,none,-1,
910000021976,False,none,-1,
910000021977,False,none,-1,
910000021978,False,none,-1,
910000021979,False,none,-1,
910000021980,False,none,-1,
910000021981,False,none,-1,
910000021982,False,none,-1,
910000021983,False,none,-1,
910000021984,False,none,-1,
910000021985,False,none,-1,
910000021986,False,none,-1,
910000021987,False,none,-1,
910000021988,False,none,-1,
910000021989,False,none,-1,
910000021990,False,none,-1,
910000021991,False,none,-1,
910000021992,False,none,-1,
910000021993,False,none,-1,
910000021994,False,none,-1,
910000021995,False,none,-1,
910000021996,False,none,-1,
910000021997,False,none,-1,
910000021998,False,none,-1,
910000021999,False,none,-1,
910000022000,False,none,-1,
910000022001,False,none,-1,
910000022002,False,none,-1,
910000022003,False,none,-1,
910000022004,False,none,-1,
910000022005,False,none,-1,
910000022006,False,none,-1,
910000022007,False,none,-1,
910000022008,False,none,-1,
910000022009,False,none,-1,
910000022010,False,none,-1,
910000022011,False,none,-1,
910000022012,False,none,-1,
910000022013,False,none,-1,
910000022014,False,none,-1,
910000022015,True,L3,76,910000011433
910000022016,False,none,-1,
910000022017,False,none,-1,
910000022018,False,none,-1,
910000022019,False,none,-1,
910000022020,True,L2,99,910000017824
910000022021,False,none,-1,
910000022022,False,none,-1,
910000022023,False,none,-1,
910000022024,False,none,-1,
910000022025,False,none,-1,
910000022026,False,none,-1,
910000022027,False,none,-1,
910000022028,False,none,-1,
910000022029,False,none,-1,
910000022030,False,none,-1,
910000022031,False,none,-1,
910000022032,False,none,-1,
910000022033,False,none,-1,
910000022034,False,none,-1,
910000022035,False,none,-1,
910000022036,False,none,-1,
910000022037,False,none,-1,
910000022038,False,none,-1,
910000022039,False,none,-1,
910000022040,False,none,-1,
910000022041,False,none,-1,
910000022042,False,none,-1,
910000022043,False,none,-1,
910000022044,False,none,-1,
910000022045,False,none,-1,
910000022046,False,none,-1,
910000022047,False,none,-1,
910000022048,False,none,-1,
910000022049,False,none,-1,
910000022050,False,none,-1,
910000022051,False,none,-1,
910000022052,False,none,-1,
910000022053,False,none,-1,
910000022054,True,L2,84,910000003083
910000022055,False,none,-1,
910000022056,False,none,-1,
910000022057,False,none,-1,
910000022058,False,none,-1,
910000022059,False,none,-1,
910000022060,False,none,-1,
910000022061,False,none,-1,
910000022062,False,none,-1,
910000022063,False,none,-1,
910000022064,False,none,-1,
910000022065,False,none,-1,
910000022066,False,none,-1,
910000022067,False,none,-1,
910000022068,False,none,-1,
910000022069,False,none,-1,
910000022070,False,none,-1,
910000022071,False,none,-1,
910000022072,False,none,-1,
910000022073,False,none,-1,
910000022074,False,none,-1,
910000022075,False,none,-1,
910000022076,False,none,-1,
910000022077,False,none,-1,
910000022078,False,none,-1,
910000022079,False,none,-1,
910000022080,False,none,-1,
910000022081,False,none,-1,
910000022082,False,none,-1,
910000022083,False,none,-1,
910000022084,False,none,-1,
910000022085,False,none,-1,
910000022086,False,none,-1,
910000022087,False,none,-1,
910000022088,False,none,-1,
910000022089,True,L2,99,910000017824
910000022090,True,L2,62,910000013403
910000022091,False,none,-1,
910000022092,True,L1,46,910000001459
910000022093,False,none,-1,
910000022094,False,none,-1,
910000022095,False,none,-1,
910000022096,False,none,-1,
910000022097,False,none,-1,
910000022098,False,none,-1,
910000022099,True,L1,56,910000008837
910000022100,False,none,-1,
910000022101,False,none,-1,
910000022102,False,none,-1,
910000022103,False,none,-1,
910000022104,False,none,-1,
910000022105,False,none,-1,
910000022106,False,none,-1,
910000022107,False,none,-1,
910000022108,False,none,-1,
910000022109,False,none,-1,
910000022110,False,none,-1,
910000022111,False,none,-1,
910000022112,False,none,-1,
910000022113,False,none,-1,
910000022114,False,none,-1,
910000022115,False,none,-1,
910000022116,False,none,-1,
910000022117,False,none,-1,
910000022118,False,none,-1,
910000022119,False,none,-1,
910000022120,False,none,-1,
910000022121,False,none,-1,
910000022122,True,L1,23,910000006128
910000022123,False,none,-1,
910000022124,False,none,-1,
910000022125,False,none,-1,
910000022126,False,none,-1,
910000022127,False,none,-1,
910000022128,False,none,-1,
910000022129,False,none,-1,
910000022130,False,none,-1,
910000022131,False,none,-1,
910000022132,False,none,-1,
910000022133,False,none,-1,
910000022134,False,none,-1,
910000022135,False,none,-1,
910000022136,False,none,-1,
910000022137,False,none,-1,
910000022138,False,none,-1,
910000022139,False,none,-1,
910000022140,False,none,-1,
910000022141,False,none,-1,
910000022142,False,none,-1,
910000022143,False,none,-1,
910000022144,False,none,-1,
910000022145,False,none,-1,
910000022146,False,none,-1,
910000022147,False,none,-1,
910000022148,False,none,-1,
910000022149,False,none,-1,
910000022150,False,none,-1,
910000022151,False,none,-1,
910000022152,False,none,-1,
910000022153,False,none,-1,
910000022154,False,none,-1,
910000022155,False,none,-1,
910000022156,False,none,-1,
910000022157,False,none,-1,
910000022158,False,none,-1,
910000022159,False,none,-1,
910000022160,False,none,-1,
910000022161,False,none,-1,
910000022162,False,none,-1,
910000022163,False,none,-1,
910000022164,True,L1,2,910000017935
910000022165,False,none,-1,
910000022166,False,none,-1,
910000022167,False,none,-1,
910000022168,False,none,-1,
910000022169,False,none,-1,
910000022170,False,none,-1,
910000022171,False,none,-1,
910000022172,False,none,-1,
910000022173,False,none,-1,
910000022174,False,none,-1,
910000022175,False,none,-1,
910000022176,False,none,-1,
910000022177,False,none,-1,
910000022178,False,none,-1,
910000022179,False,none,-1,
910000022180,False,none,-1,
910000022181,False,none,-1,
910000022182,False,none,-1,
910000022183,False,none,-1,
910000022184,False,none,-1,
910000022185,True,L3,50,910000021944
910000022186,False,none,-1,
910000022187,False,none,-1,
910000022188,False,none,-1,
910000022189,False,none,-1,
910000022190,False,none,-1,
910000022191,False,none,-1,
910000022192,False,none,-1,
910000022193,False,none,-1,
910000022194,False,none,-1,
910000022195,False,none,-1,
910000022196,False,none,-1,
910000022197,False,none,-1,
910000022198,False,none,-1,
910000022199,False,none,-1,
910000022200,False,none,-1,
910000022201,False,none,-1,
910000022202,False,none,-1,
910000022203,False,none,-1,
910000022204,False,none,-1,
910000022205,False,none,-1,
910000022206,False,none,-1,
910000022207,False,none,-1,
910000022208,False,none,-1,
910000022209,False,none,-1,
910000022210,False,none,-1,
910000022211,False,none,-1,
910000022212,False,none,-1,
910000022213,False,none,-1,
910000022214,False,none,-1,
910000022215,False,none,-1,
910000022216,False,none,-1,
910000022217,False,none,-1,
910000022218,False,none,-1,
910000022219,False,none,-1,
910000022220,False,none,-1,
910000022221,False,none,-1,
910000022222,False,none,-1,
910000022223,False,none,-1,
910000022224,False,none,-1,
910000022225,False,none,-1,
910000022226,False,none,-1,
910000022227,False,none,-1,
910000022228,False,none,-1,
910000022229,True,L1,90,910000002815
910000022230,False,none,-1,
910000022231,False,none,-1,
910000022232,False,none,-1,
910000022233,False,none,-1,
910000022234,False,none,-1,
910000022235,False,none,-1,
910000022236,False,none,-1,
910000022237,False,none,-1,
910000022238,False,none,-1,
910000022239,False,none,-1,
910000022240,False,none,-1,
910000022241,False,none,-1,
910000022242,False,none,-1,
910000022243,False,none,-1,
910000022244,False,none,-1,
910000022245,False,none,-1,
910000022246,False,none,-1,
910000022247,False,none,-1,
910000022248,False,none,-1,
910000022249,False,none,-1,
910000022250,False,none,-1,
910000022251,False,none,-1,
910000022252,False,none,-1,
910000022253,True,L2,76,910000011433
910000022254,False,none,-1,
910000022255,False,none,-1,
910000022256,False,none,-1,
910000022257,False,none,-1,
910000022258,False,none,-1,
910000022259,False,none,-1,
910000022260,True,L2,48,910000019036
910000022261,False,none,-1,
910000022262,False,none,-1,
910000022263,False,none,-1,
910000022264,False,none,-1,
910000022265,False,none,-1,
910000022266,False,none,-1,
910000022267,False,none,-1,
910000022268,False,none,-1,
910000022269,False,none,-1,
910000022270,False,none,-1,
910000022271,False,none,-1,
910000022272,False,none,-1,
910000022273,False,none,-1,
910000022274,False,none,-1,
910000022275,False,none,-1,
910000022276,True,L1,11,910000010364
910000022277,False,none,-1,
910000022278,False,none,-1,
910000022279,False,none,-1,
910000022280,False,none,-1,
910000022281,True,L2,27,910000019664
910000022282,False,none,-1,
910000022283,False,none,-1,
910000022284,False,none,-1,
910000022285,True,L2,46,910000001459
910000022286,False,none,-1,
910000022287,False,none,-1,
910000022288,False,none,-1,
910000022289,False,none,-1,
910000022290,False,none,-1,
910000022291,False,none,-1,
910000022292,False,none,-1,
910000022293,False,none,-1,
910000022294,False,none,-1,
910000022295,False,none,-1,
910000022296,False,none,-1,
910000022297,False,none,-1,
910000022298,False,none,-1,
910000022299,False,none,-1,
910000022300,False,none,-1,
910000022301,False,none,-1,
910000022302,False,none,-1,
910000022303,True,L2,24,910000015900
910000022304,False,none,-1,
910000022305,False,none,-1,
910000022306,False,none,-1,
910000022307,False,none,-1,
910000022308,False,none,-1,
910000022309,False,none,-1,
910000022310,False,none,-1,
910000022311,False,none,-1,
910000022312,False,none,-1,
910000022313,False,none,-1,
910000022314,False,none,-1,
910000022315,False,none,-1,
910000022316,False,none,-1,
910000022317,False,none,-1,
910000022318,False,none,-1,
910000022319,False,none,-1,
910000022320,False,none,-1,
910000022321,False,none,-1,
910000022322,True,L2,55,910000001567
910000022323,False,none,-1,
910000022324,False,none,-1,
910000022325,False,none,-1,
910000022326,False,none,-1,
910000022327,False,none,-1,
910000022328,False,none,-1,
910000022329,False,none,-1,
910000022330,False,none,-1,
910000022331,False,none,-1,
910000022332,False,none,-1,
910000022333,False,none,-1,
910000022334,False,none,-1,
910000022335,False,none,-1,
910000022336,False,none,-1,
910000022337,False,none,-1,
910000022338,False,none,-1,
910000022339,False,none,-1,
910000022340,False,none,-1,
910000022341,False,none,-1,
910000022342,False,none,-1,
910000022343,False,none,-1,
910000022344,False,none,-1,
910000022345,False,none,-1,
910000022346,False,none,-1,
910000022347,False,none,-1,
910000022348,False,none,-1,
910000022349,False,none,-1,
910000022350,False,none,-1,
910000022351,False,none,-1,
910000022352,False,none,-1,
910000022353,False,none,-1,
910000022354,False,none,-1,
910000022355,False,none,-1,
910000022356,False,none,-1,
910000022357,False,none,-1,
910000022358,False,none,-1,
910000022359,False,none,-1,
910000022360,False,none,-1,
910000022361,False,none,-1,
910000022362,False,none,-1,
910000022363,False,none,-1,
910000022364,False,none,-1,
910000022365,False,none,-1,
910000022366,False,none,-1,
910000022367,False,none,-1,
910000022368,False,none,-1,
910000022369,False,none,-1,
910000022370,False,none,-1,
910000022371,False,none,-1,
910000022372,False,none,-1,
910000022373,False,none,-1,
910000022374,False,none,-1,
910000022375,False,none,-1,
910000022376,False,none,-1,
910000022377,False,none,-1,
910000022378,False,none,-1,
910000022379,False,none,-1,
910000022380,False,none,-1,
910000022381,False,none,-1,
910000022382,False,none,-1,
910000022383,False,none,-1,
910000022384,False,none,-1,
910000022385,False,none,-1,
910000022386,False,none,-1,
910000022387,False,none,-1,
910000022388,False,none,-1,
910000022389,False,none,-1,
910000022390,True,L3,6,910000011918
910000022391,False,none,-1,
910000022392,False,none,-1,
910000022393,False,none,-1,
910000022394,False,none,-1,
910000022395,True,L2,30,910000002311
910000022396,False,none,-1,
910000022397,False,none,-1,
910000022398,False,none,-1,
910000022399,False,none,-1,
910000022400,False,none,-1,
910000022401,False,none,-1,
910000022402,True,L1,65,910000010732
910000022403,False,none,-1,
910000022404,False,none,-1,
910000022405,False,none,-1,
910000022406,False,none,-1,
910000022407,False,none,-1,
910000022408,False,none,-1,
910000022409,False,none,-1,
910000022410,False,none,-1,
910000022411,False,none,-1,
910000022412,False,none,-1,
910000022413,False,none,-1,
910000022414,False,none,-1,
910000022415,False,none,-1,
910000022416,False,none,-1,
910000022417,False,none,-1,
910000022418,False,none,-1,
910000022419,False,none,-1,
910000022420,False,none,-1,
910000022421,False,none,-1,
910000022422,True,L1,32,910000012163
910000022423,False,none,-1,
910000022424,False,none,-1,
910000022425,False,none,-1,
910000022426,False,none,-1,
910000022427,True,L3,60,910000007647
910000022428,False,none,-1,
910000022429,False,none,-1,
910000022430,False,none,-1,
910000022431,False,none,-1,
910000022432,False,none,-1,
910000022433,False,none,-1,
910000022434,False,none,-1,
910000022435,False,none,-1,
910000022436,False,none,-1,
910000022437,False,none,-1,
910000022438,False,none,-1,
910000022439,False,none,-1,
910000022440,False,none,-1,
910000022441,False,none,-1,
910000022442,False,none,-1,
910000022443,False,none,-1,
910000022444,False,none,-1,
910000022445,False,none,-1,
910000022446,False,none,-1,
910000022447,False,none,-1,
910000022448,False,none,-1,
910000022449,False,none,-1,
910000022450,False,none,-1,
910000022451,False,none,-1,
910000022452,False,none,-1,
910000022453,False,none,-1,
910000022454,False,none,-1,
910000022455,False,none,-1,
910000022456,False,none,-1,
910000022457,False,none,-1,
910000022458,False,none,-1,
910000022459,False,none,-1,
910000022460,False,none,-1,
910000022461,False,none,-1,
910000022462,False,none,-1,
910000022463,False,none,-1,
910000022464,False,none,-1,
910000022465,False,none,-1,
910000022466,False,none,-1,
910000022467,False,none,-1,
910000022468,False,none,-1,
910000022469,False,none,-1,
910000022470,False,none,-1,
910000022471,False,none,-1,
910000022472,False,none,-1,
910000022473,False,none,-1,
910000022474,False,none,-1,
910000022475,False,none,-1,
910000022476,False,none,-1,
910000022477,False,none,-1,
910000022478,False,none,-1,
910000022479,False,none,-1,
910000022480,True,L1,35,910000016466
910000022481,False,none,-1,
910000022482,False,none,-1,
910000022483,True,L2,69,910000006862
910000022484,False,none,-1,
910000022485,False,none,-1,
910000022486,False,none,-1,
910000022487,False,none,-1,
910000022488,False,none,-1,
910000022489,True,L2,4,910000018706
910000022490,False,none,-1,
910000022491,False,none,-1,
910000022492,False,none,-1,
910000022493,False,none,-1,
910000022494,False,none,-1,
910000022495,False,none,-1,
910000022496,False,none,-1,
910000022497,False,none,-1,
910000022498,False,none,-1,
910000022499,False,none,-1,
910000022500,True,L3,78,910000024868
910000022501,False,none,-1,
910000022502,False,none,-1,
910000022503,True,L2,24,910000015900
910000022504,False,none,-1,
910000022505,False,none,-1,
910000022506,False,none,-1,
910000022507,False,none,-1,
910000022508,False,none,-1,
910000022509,False,none,-1,
910000022510,False,none,-1,
910000022511,False,none,-1,
910000022512,True,L1,17,910000009375
910000022513,False,none,-1,
910000022514,False,none,-1,
910000022515,False,none,-1,
910000022516,False,none,-1,
910000022517,False,none,-1,
910000022518,False,none,-1,
910000022519,False,none,-1,
910000022520,False,none,-1,
910000022521,False,none,-1,
910000022522,False,none,-1,
910000022523,False,none,-1,
910000022524,False,none,-1,
910000022525,False,none,-1,
910000022526,False,none,-1,
910000022527,False,none,-1,
910000022528,True,L3,43,910000018047
910000022529,False,none,-1,
910000022530,False,none,-1,
910000022531,False,none,-1,
910000022532,False,none,-1,
910000022533,False,none,-1,
910000022534,False,none,-1,
910000022535,False,none,-1,
910000022536,False,none,-1,
910000022537,False,none,-1,
910000022538,False,none,-1,
910000022539,False,none,-1,
910000022540,False,none,-1,
910000022541,True,L2,88,910000000548
910000022542,False,none,-1,
910000022543,False,none,-1,
910000022544,False,none,-1,
910000022545,False,none,-1,
910000022546,False,none,-1,
910000022547,False,none,-1,
910000022548,False,none,-1,
910000022549,True,L2,25,910000004408
910000022550,False,none,-1,
910000022551,False,none,-1,
910000022552,False,none,-1,
910000022553,False,none,-1,
910000022554,False,none,-1,
910000022555,False,none,-1,
910000022556,False,none,-1,
910000022557,False,none,-1,
910000022558,False,none,-1,
910000022559,False,none,-1,
910000022560,False,none,-1,
910000022561,False,none,-1,
910000022562,False,none,-1,
910000022563,False,none,-1,
910000022564,False,none,-1,
910000022565,False,none,-1,
910000022566,False,none,-1,
910000022567,False,none,-1,
910000022568,False,none,-1,
910000022569,False,none,-1,
910000022570,False,none,-1,
910000022571,False,none,-1,
910000022572,False,none,-1,
910000022573,False,none,-1,
910000022574,False,none,-1,
910000022575,False,none,-1,
910000022576,False,none,-1,
910000022577,False,none,-1,
910000022578,False,none,-1,
910000022579,False,none,-1,
910000022580,False,none,-1,
910000022581,False,none,-1,
910000022582,False,none,-1,
910000022583,False,none,-1,
910000022584,False,none,-1,
910000022585,False,none,-1,
910000022586,False,none,-1,
910000022587,False,none,-1,
910000022588,False,none,-1,
910000022589,True,L3,87,910000024461
910000022590,False,none,-1,
910000022591,False,none,-1,
910000022592,False,none,-1,
910000022593,False,none,-1,
910000022594,False,none,-1,
910000022595,True,L3,97,910000017134
910000022596,False,none,-1,
910000022597,False,none,-1,
910000022598,False,none,-1,
910000022599,False,none,-1,
910000022600,False,none,-1,
910000022601,False,none,-1,
910000022602,False,none,-1,
910000022603,False,none,-1,
910000022604,False,none,-1,
910000022605,False,none,-1,
910000022606,False,none,-1,
910000022607,False,none,-1,
910000022608,False,none,-1,
910000022609,False,none,-1,
910000022610,False,none,-1,
910000022611,False,none,-1,
910000022612,False,none,-1,
910000022613,False,none,-1,
910000022614,False,none,-1,
910000022615,False,none,-1,
910000022616,False,none,-1,
910000022617,False,none,-1,
910000022618,False,none,-1,
910000022619,False,none,-1,
910000022620,False,none,-1,
910000022621,False,none,-1,
910000022622,False,none,-1,
910000022623,False,none,-1,
910000022624,False,none,-1,
910000022625,False,none,-1,
910000022626,False,none,-1,
910000022627,False,none,-1,
910000022628,False,none,-1,
910000022629,False,none,-1,
910000022630,False,none,-1,
910000022631,False,none,-1,
910000022632,False,none,-1,
910000022633,False,none,-1,
910000022634,False,none,-1,
910000022635,False,none,-1,
910000022636,False,none,-1,
910000022637,False,none,-1,
910000022638,False,none,-1,
910000022639,False,none,-1,
910000022640,False,none,-1,
910000022641,False,none,-1,
910000022642,False,none,-1,
910000022643,False,none,-1,
910000022644,True,L1,88,910000000548
910000022645,False,none,-1,
910000022646,False,none,-1,
910000022647,True,L1,29,910000015788
910000022648,False,none,-1,
910000022649,False,none,-1,
910000022650,False,none,-1,
910000022651,False,none,-1,
910000022652,False,none,-1,
910000022653,False,none,-1,
910000022654,False,none,-1,
910000022655,False,none,-1,
910000022656,False,none,-1,
910000022657,False,none,-1,
910000022658,False,none,-1,
910000022659,False,none,-1,
910000022660,False,none,-1,
910000022661,False,none,-1,
910000022662,False,none,-1,
910000022663,False,none,-1,
910000022664,False,none,-1,
910000022665,False,none,-1,
910000022666,True,L3,6,910000011918
910000022667,False,none,-1,
910000022668,False,none,-1,
910000022669,False,none,-1,
910000022670,True,L2,72,910000017637
910000022671,False,none,-1,
910000022672,False,none,-1,
910000022673,True,L3,96,910000022031
910000022674,False,none,-1,
910000022675,False,none,-1,
910000022676,False,none,-1,
910000022677,False,none,-1,
910000022678,False,none,-1,
910000022679,False,none,-1,
910000022680,False,none,-1,
910000022681,False,none,-1,
910000022682,False,none,-1,
910000022683,False,none,-1,
910000022684,True,L3,3,910000005391
910000022685,False,none,-1,
910000022686,False,none,-1,
910000022687,False,none,-1,
910000022688,False,none,-1,
910000022689,False,none,-1,
910000022690,False,none,-1,
910000022691,False,none,-1,
910000022692,False,none,-1,
910000022693,False,none,-1,
910000022694,False,none,-1,
910000022695,False,none,-1,
910000022696,False,none,-1,
910000022697,False,none,-1,
910000022698,False,none,-1,
910000022699,False,none,-1,
910000022700,False,none,-1,
910000022701,False,none,-1,
910000022702,False,none,-1,
910000022703,False,none,-1,
910000022704,False,none,-1,
910000022705,False,none,-1,
910000022706,False,none,-1,
910000022707,False,none,-1,
910000022708,True,L2,13,910000002736
910000022709,False,none,-1,
910000022710,False,none,-1,
910000022711,False,none,-1,
910000022712,False,none,-1,
910000022713,False,none,-1,
910000022714,False,none,-1,
910000022715,True,L2,3,910000005391
910000022716,False,none,-1,
910000022717,False,none,-1,
910000022718,False,none,-1,
910000022719,False,none,-1,
910000022720,False,none,-1,
910000022721,False,none,-1,
910000022722,False,none,-1,
910000022723,False,none,-1,
910000022724,False,none,-1,
910000022725,False,none,-1,
910000022726,False,none,-1,
910000022727,False,none,-1,
910000022728,False,none,-1,
910000022729,False,none,-1,
910000022730,False,none,-1,
910000022731,False,none,-1,
910000022732,False,none,-1,
910000022733,False,none,-1,
910000022734,False,none,-1,
910000022735,False,none,-1,
910000022736,False,none,-1,
910000022737,False,none,-1,
910000022738,False,none,-1,
910000022739,False,none,-1,
910000022740,False,none,-1,
910000022741,False,none,-1,
910000022742,False,none,-1,
910000022743,False,none,-1,
910000022744,False,none,-1,
910000022745,False,none,-1,
910000022746,False,none,-1,
910000022747,False,none,-1,
910000022748,True,L3,79,910000008111
910000022749,False,none,-1,
910000022750,False,none,-1,
910000022751,False,none,-1,
910000022752,False,none,-1,
910000022753,False,none,-1,
910000022754,False,none,-1,
910000022755,True,L2,37,910000010112
910000022756,False,none,-1,
910000022757,False,none,-1,
910000022758,False,none,-1,
910000022759,False,none,-1,
910000022760,False,none,-1,
910000022761,False,none,-1,
910000022762,False,none,-1,
910000022763,False,none,-1,
910000022764,False,none,-1,
910000022765,False,none,-1,
910000022766,False,none,-1,
910000022767,False,none,-1,
910000022768,False,none,-1,
910000022769,False,none,-1,
910000022770,False,none,-1,
910000022771,False,none,-1,
910000022772,False,none,-1,
910000022773,False,none,-1,
910000022774,False,none,-1,
910000022775,False,none,-1,
910000022776,False,none,-1,
910000022777,False,none,-1,
910000022778,False,none,-1,
910000022779,False,none,-1,
910000022780,False,none,-1,
910000022781,False,none,-1,
910000022782,False,none,-1,
910000022783,False,none,-1,
910000022784,False,none,-1,
910000022785,False,none,-1,
910000022786,False,none,-1,
910000022787,False,none,-1,
910000022788,False,none,-1,
910000022789,False,none,-1,
910000022790,False,none,-1,
910000022791,False,none,-1,
910000022792,False,none,-1,
910000022793,False,none,-1,
910000022794,False,none,-1,
910000022795,False,none,-1,
910000022796,False,none,-1,
910000022797,False,none,-1,
910000022798,False,none,-1,
910000022799,False,none,-1,
910000022800,False,none,-1,
910000022801,False,none,-1,
910000022802,False,none,-1,
910000022803,False,none,-1,
910000022804,False,none,-1,
910000022805,False,none,-1,
910000022806,False,none,-1,
910000022807,False,none,-1,
910000022808,False,none,-1,
910000022809,False,none,-1,
910000022810,True,L3,21,910000024175
910000022811,False,none,-1,
910000022812,False,none,-1,
910000022813,False,none,-1,
910000022814,False,none,-1,
910000022815,False,none,-1,
910000022816,True,L2,49,910000014166
910000022817,False,none,-1,
910000022818,False,none,-1,
910000022819,False,none,-1,
910000022820,False,none,-1,
910000022821,False,none,-1,
910000022822,False,none,-1,
910000022823,False,none,-1,
910000022824,False,none,-1,
910000022825,False,none,-1,
910000022826,False,none,-1,
910000022827,False,none,-1,
910000022828,False,none,-1,
910000022829,False,none,-1,
910000022830,False,none,-1,
910000022831,False,none,-1,
910000022832,True,L2,68,910000023712
910000022833,False,none,-1,
910000022834,False,none,-1,
910000022835,False,none,-1,
910000022836,False,none,-1,
910000022837,False,none,-1,
910000022838,False,none,-1,
910000022839,False,none,-1,
910000022840,False,none,-1,
910000022841,False,none,-1,
910000022842,False,none,-1,
910000022843,False,none,-1,
910000022844,False,none,-1,
910000022845,False,none,-1,
910000022846,False,none,-1,
910000022847,False,none,-1,
910000022848,False,none,-1,
910000022849,False,none,-1,
910000022850,False,none,-1,
910000022851,False,none,-1,
910000022852,False,none,-1,
910000022853,False,none,-1,
910000022854,False,none,-1,
910000022855,False,none,-1,
910000022856,False,none,-1,
910000022857,False,none,-1,
910000022858,False,none,-1,
910000022859,False,none,-1,
910000022860,False,none,-1,
910000022861,False,none,-1,
910000022862,False,none,-1,
910000022863,True,L3,38,910000011933
910000022864,False,none,-1,
910000022865,False,none,-1,
910000022866,False,none,-1,
910000022867,False,none,-1,
910000022868,False,none,-1,
910000022869,False,none,-1,
910000022870,False,none,-1,
910000022871,False,none,-1,
910000022872,False,none,-1,
910000022873,False,none,-1,
910000022874,False,none,-1,
910000022875,False,none,-1,
910000022876,False,none,-1,
910000022877,False,none,-1,
910000022878,False,none,-1,
910000022879,False,none,-1,
910000022880,False,none,-1,
910000022881,False,none,-1,
910000022882,False,none,-1,
910000022883,False,none,-1,
910000022884,False,none,-1,
910000022885,False,none,-1,
910000022886,False,none,-1,
910000022887,True,L2,82,910000003073
910000022888,False,none,-1,
910000022889,False,none,-1,
910000022890,False,none,-1,
910000022891,False,none,-1,
910000022892,False,none,-1,
910000022893,False,none,-1,
910000022894,False,none,-1,
910000022895,False,none,-1,
910000022896,False,none,-1,
910000022897,False,none,-1,
910000022898,False,none,-1,
910000022899,False,none,-1,
910000022900,False,none,-1,
910000022901,False,none,-1,
910000022902,False,none,-1,
910000022903,False,none,-1,
910000022904,False,none,-1,
910000022905,False,none,-1,
910000022906,False,none,-1,
910000022907,False,none,-1,
910000022908,False,none,-1,
910000022909,False,none,-1,
910000022910,False,none,-1,
910000022911,False,none,-1,
910000022912,False,none,-1,
910000022913,False,none,-1,
910000022914,False,none,-1,
910000022915,False,none,-1,
910000022916,False,none,-1,
910000022917,False,none,-1,
910000022918,False,none,-1,
910000022919,False,none,-1,
910000022920,False,none,-1,
910000022921,False,none,-1,
910000022922,False,none,-1,
910000022923,False,none,-1,
910000022924,False,none,-1,
910000022925,False,none,-1,
910000022926,False,none,-1,
910000022927,False,none,-1,
910000022928,True,L1,15,910000017309
910000022929,False,none,-1,
910000022930,False,none,-1,
910000022931,True,L2,71,910000012327
910000022932,True,L3,14,910000024141
910000022933,False,none,-1,
910000022934,False,none,-1,
910000022935,False,none,-1,
910000022936,False,none,-1,
910000022937,True,L2,60,910000007647
910000022938,False,none,-1,
910000022939,False,none,-1,
910000022940,False,none,-1,
910000022941,False,none,-1,
910000022942,False,none,-1,
910000022943,False,none,-1,
910000022944,False,none,-1,
910000022945,False,none,-1,
910000022946,False,none,-1,
910000022947,False,none,-1,
910000022948,False,none,-1,
910000022949,False,none,-1,
910000022950,False,none,-1,
910000022951,False,none,-1,
910000022952,False,none,-1,
910000022953,False,none,-1,
910000022954,False,none,-1,
910000022955,False,none,-1,
910000022956,False,none,-1,
910000022957,False,none,-1,
910000022958,False,none,-1,
910000022959,False,none,-1,
910000022960,False,none,-1,
910000022961,False,none,-1,
910000022962,False,none,-1,
910000022963,False,none,-1,
910000022964,False,none,-1,
910000022965,False,none,-1,
910000022966,False,none,-1,
910000022967,False,none,-1,
910000022968,False,none,-1,
910000022969,True,L2,82,910000003073
910000022970,False,none,-1,
910000022971,False,none,-1,
910000022972,False,none,-1,
910000022973,False,none,-1,
910000022974,True,L1,71,910000012327
910000022975,False,none,-1,
910000022976,False,none,-1,
910000022977,True,L3,36,910000007400
910000022978,True,L2,71,910000012327
910000022979,False,none,-1,
910000022980,False,none,-1,
910000022981,False,none,-1,
910000022982,True,L3,49,910000014166
910000022983,False,none,-1,
910000022984,False,none,-1,
910000022985,False,none,-1,
910000022986,False,none,-1,
910000022987,False,none,-1,
910000022988,False,none,-1,
910000022989,False,none,-1,
910000022990,False,none,-1,
910000022991,True,L3,63,910000019535
910000022992,False,none,-1,
910000022993,False,none,-1,
910000022994,False,none,-1,
910000022995,False,none,-1,
910000022996,False,none,-1,
910000022997,False,none,-1,
910000022998,False,none,-1,
910000022999,False,none,-1,
910000023000,False,none,-1,
910000023001,False,none,-1,
910000023002,False,none,-1,
910000023003,False,none,-1,
910000023004,False,none,-1,
910000023005,False,none,-1,
910000023006,False,none,-1,
910000023007,False,none,-1,
910000023008,False,none,-1,
910000023009,False,none,-1,
910000023010,False,none,-1,
910000023011,False,none,-1,
910000023012,False,none,-1,
910000023013,False,none,-1,
910000023014,False,none,-1,
910000023015,False,none,-1,
910000023016,False,none,-1,
910000023017,False,none,-1,
910000023018,False,none,-1,
910000023019,False,none,-1,
910000023020,False,none,-1,
910000023021,False,none,-1,
910000023022,False,none,-1,
910000023023,False,none,-1,
910000023024,False,none,-1,
910000023025,False,none,-1,
910000023026,False,none,-1,
910000023027,False,none,-1,
910000023028,False,none,-1,
910000023029,False,none,-1,
910000023030,False,none,-1,
910000023031,False,none,-1,
910000023032,False,none,-1,
910000023033,False,none,-1,
910000023034,False,none,-1,
910000023035,False,none,-1,
910000023036,False,none,-1,
910000023037,True,L1,95,910000000158
910000023038,False,none,-1,
910000023039,False,none,-1,
910000023040,False,none,-1,
910000023041,False,none,-1,
910000023042,False,none,-1,
910000023043,False,none,-1,
910000023044,False,none,-1,
910000023045,True,L2,60,910000007647
910000023046,False,none,-1,
910000023047,False,none,-1,
910000023048,False,none,-1,
910000023049,False,none,-1,
910000023050,False,none,-1,
910000023051,False,none,-1,
910000023052,False,none,-1,
910000023053,False,none,-1,
910000023054,False,none,-1,
910000023055,False,none,-1,
910000023056,False,none,-1,
910000023057,False,none,-1,
910000023058,True,L1,38,910000011933
910000023059,False,none,-1,
910000023060,False,none,-1,
910000023061,False,none,-1,
910000023062,False,none,-1,
910000023063,False,none,-1,
910000023064,False,none,-1,
910000023065,False,none,-1,
910000023066,False,none,-1,
910000023067,True,L3,85,910000000362
910000023068,False,none,-1,
910000023069,False,none,-1,
910000023070,False,none,-1,
910000023071,False,none,-1,
910000023072,False,none,-1,
910000023073,False,none,-1,
910000023074,False,none,-1,
910000023075,False,none,-1,
910000023076,False,none,-1,
910000023077,False,none,-1,
910000023078,False,none,-1,
910000023079,False,none,-1,
910000023080,False,none,-1,
910000023081,False,none,-1,
910000023082,False,none,-1,
910000023083,False,none,-1,
910000023084,False,none,-1,
910000023085,False,none,-1,
910000023086,True,L2,2,910000017935
910000023087,False,none,-1,
910000023088,False,none,-1,
910000023089,False,none,-1,
910000023090,False,none,-1,
910000023091,False,none,-1,
910000023092,False,none,-1,
910000023093,False,none,-1,
910000023094,False,none,-1,
910000023095,False,none,-1,
910000023096,False,none,-1,
910000023097,False,none,-1,
910000023098,True,L3,72,910000017637
910000023099,False,none,-1,
910000023100,False,none,-1,
910000023101,False,none,-1,
910000023102,False,none,-1,
910000023103,False,none,-1,
910000023104,False,none,-1,
910000023105,False,none,-1,
910000023106,False,none,-1,
910000023107,False,none,-1,
910000023108,False,none,-1,
910000023109,False,none,-1,
910000023110,False,none,-1,
910000023111,False,none,-1,
910000023112,False,none,-1,
910000023113,False,none,-1,
910000023114,False,none,-1,
910000023115,False,none,-1,
910000023116,False,none,-1,
910000023117,False,none,-1,
910000023118,False,none,-1,
910000023119,False,none,-1,
910000023120,True,L1,25,910000004408
910000023121,False,none,-1,
910000023122,False,none,-1,
910000023123,False,none,-1,
910000023124,False,none,-1,
910000023125,False,none,-1,
910000023126,False,none,-1,
910000023127,False,none,-1,
910000023128,False,none,-1,
910000023129,False,none,-1,
910000023130,True,L2,85,910000000362
910000023131,False,none,-1,
910000023132,False,none,-1,
910000023133,False,none,-1,
910000023134,False,none,-1,
910000023135,False,none,-1,
910000023136,False,none,-1,
910000023137,False,none,-1,
910000023138,False,none,-1,
910000023139,False,none,-1,
910000023140,False,none,-1,
910000023141,False,none,-1,
910000023142,False,none,-1,
910000023143,True,L3,56,910000008837
910000023144,False,none,-1,
910000023145,False,none,-1,
910000023146,False,none,-1,
910000023147,False,none,-1,
910000023148,False,none,-1,
910000023149,False,none,-1,
910000023150,False,none,-1,
910000023151,False,none,-1,
910000023152,False,none,-1,
910000023153,False,none,-1,
910000023154,False,none,-1,
910000023155,False,none,-1,
910000023156,False,none,-1,
910000023157,False,none,-1,
910000023158,False,none,-1,
910000023159,False,none,-1,
910000023160,False,none,-1,
910000023161,False,none,-1,
910000023162,False,none,-1,
910000023163,False,none,-1,
910000023164,False,none,-1,
910000023165,False,none,-1,
910000023166,True,L3,91,910000015936
910000023167,False,none,-1,
910000023168,False,none,-1,
910000023169,False,none,-1,
910000023170,False,none,-1,
910000023171,False,none,-1,
910000023172,False,none,-1,
910000023173,False,none,-1,
910000023174,False,none,-1,
910000023175,False,none,-1,
910000023176,False,none,-1,
910000023177,False,none,-1,
910000023178,False,none,-1,
910000023179,False,none,-1,
910000023180,False,none,-1,
910000023181,False,none,-1,
910000023182,False,none,-1,
910000023183,False,none,-1,
910000023184,False,none,-1,
910000023185,False,none,-1,
910000023186,False,none,-1,
910000023187,False,none,-1,
910000023188,False,none,-1,
910000023189,False,none,-1,
910000023190,False,none,-1,
910000023191,False,none,-1,
910000023192,False,none,-1,
910000023193,False,none,-1,
910000023194,False,none,-1,
910000023195,False,none,-1,
910000023196,False,none,-1,
910000023197,False,none,-1,
910000023198,False,none,-1,
910000023199,False,none,-1,
910000023200,False,none,-1,
910000023201,False,none,-1,
910000023202,False,none,-1,
910000023203,False,none,-1,
910000023204,False,none,-1,
910000023205,False,none,-1,
910000023206,False,none,-1,
910000023207,False,none,-1,
910000023208,False,none,-1,
910000023209,False,none,-1,
910000023210,False,none,-1,
910000023211,False,none,-1,
910000023212,False,none,-1,
910000023213,False,none,-1,
910000023214,False,none,-1,
910000023215,False,none,-1,
910000023216,False,none,-1,
910000023217,False,none,-1,
910000023218,False,none,-1,
910000023219,False,none,-1,
910000023220,False,none,-1,
910000023221,False,none,-1,
910000023222,False,none,-1,
910000023223,False,none,-1,
910000023224,False,none,-1,
910000023225,False,none,-1,
910000023226,False,none,-1,
910000023227,False,none,-1,
910000023228,True,L3,56,910000008837
910000023229,False,none,-1,
910000023230,False,none,-1,
910000023231,False,none,-1,
910000023232,False,none,-1,
910000023233,False,none,-1,
910000023234,False,none,-1,
910000023235,True,L2,78,910000024868
910000023236,False,none,-1,
910000023237,False,none,-1,
910000023238,False,none,-1,
910000023239,False,none,-1,
910000023240,False,none,-1,
910000023241,False,none,-1,
910000023242,False,none,-1,
910000023243,False,none,-1,
910000023244,False,none,-1,
910000023245,False,none,-1,
910000023246,False,none,-1,
910000023247,False,none,-1,
910000023248,False,none,-1,
910000023249,False,none,-1,
910000023250,False,none,-1,
910000023251,False,none,-1,
910000023252,False,none,-1,
910000023253,False,none,-1,
910000023254,False,none,-1,
910000023255,False,none,-1,
910000023256,False,none,-1,
910000023257,False,none,-1,
910000023258,False,none,-1,
910000023259,False,none,-1,
910000023260,False,none,-1,
910000023261,False,none,-1,
910000023262,True,L2,29,910000015788
910000023263,True,L2,42,910000012324
910000023264,False,none,-1,
910000023265,False,none,-1,
910000023266,False,none,-1,
910000023267,False,none,-1,
910000023268,False,none,-1,
910000023269,False,none,-1,
910000023270,False,none,-1,
910000023271,False,none,-1,
910000023272,False,none,-1,
910000023273,False,none,-1,
910000023274,False,none,-1,
910000023275,False,none,-1,
910000023276,False,none,-1,
910000023277,False,none,-1,
910000023278,False,none,-1,
910000023279,False,none,-1,
910000023280,False,none,-1,
910000023281,False,none,-1,
910000023282,False,none,-1,
910000023283,False,none,-1,
910000023284,True,L2,66,910000009406
910000023285,True,L2,18,910000003772
910000023286,True,L1,50,910000021944
910000023287,False,none,-1,
910000023288,False,none,-1,
910000023289,False,none,-1,
910000023290,False,none,-1,
910000023291,False,none,-1,
910000023292,False,none,-1,
910000023293,False,none,-1,
910000023294,False,none,-1,
910000023295,True,L3,55,910000001567
910000023296,False,none,-1,
910000023297,False,none,-1,
910000023298,False,none,-1,
910000023299,False,none,-1,
910000023300,False,none,-1,
910000023301,True,L1,51,910000010225
910000023302,False,none,-1,
910000023303,False,none,-1,
910000023304,False,none,-1,
910000023305,False,none,-1,
910000023306,False,none,-1,
910000023307,True,L3,55,910000001567
910000023308,False,none,-1,
910000023309,False,none,-1,
910000023310,False,none,-1,
910000023311,False,none,-1,
910000023312,False,none,-1,
910000023313,False,none,-1,
910000023314,False,none,-1,
910000023315,False,none,-1,
910000023316,False,none,-1,
910000023317,False,none,-1,
910000023318,True,L2,67,910000017540
910000023319,False,none,-1,
910000023320,False,none,-1,
910000023321,False,none,-1,
910000023322,False,none,-1,
910000023323,False,none,-1,
910000023324,False,none,-1,
910000023325,False,none,-1,
910000023326,False,none,-1,
910000023327,False,none,-1,
910000023328,False,none,-1,
910000023329,False,none,-1,
910000023330,False,none,-1,
910000023331,False,none,-1,
910000023332,False,none,-1,
910000023333,False,none,-1,
910000023334,False,none,-1,
910000023335,False,none,-1,
910000023336,False,none,-1,
910000023337,False,none,-1,
910000023338,False,none,-1,
910000023339,False,none,-1,
910000023340,False,none,-1,
910000023341,False,none,-1,
910000023342,False,none,-1,
910000023343,False,none,-1,
910000023344,False,none,-1,
910000023345,False,none,-1,
910000023346,False,none,-1,
910000023347,False,none,-1,
910000023348,False,none,-1,
910000023349,False,none,-1,
910000023350,False,none,-1,
910000023351,False,none,-1,
910000023352,False,none,-1,
910000023353,False,none,-1,
910000023354,False,none,-1,
910000023355,False,none,-1,
910000023356,False,none,-1,
910000023357,False,none,-1,
910000023358,False,none,-1,
910000023359,False,none,-1,
910000023360,False,none,-1,
910000023361,True,L1,27,910000019664
910000023362,False,none,-1,
910000023363,False,none,-1,
910000023364,False,none,-1,
910000023365,False,none,-1,
910000023366,False,none,-1,
910000023367,False,none,-1,
910000023368,False,none,-1,
910000023369,False,none,-1,
910000023370,False,none,-1,
910000023371,False,none,-1,
910000023372,False,none,-1,
910000023373,False,none,-1,
910000023374,False,none,-1,
910000023375,False,none,-1,
910000023376,False,none,-1,
910000023377,False,none,-1,
910000023378,False,none,-1,
910000023379,False,none,-1,
910000023380,False,none,-1,
910000023381,False,none,-1,
910000023382,False,none,-1,
910000023383,True,L1,66,910000009406
910000023384,False,none,-1,
910000023385,False,none,-1,
910000023386,False,none,-1,
910000023387,False,none,-1,
910000023388,False,none,-1,
910000023389,False,none,-1,
910000023390,False,none,-1,
910000023391,False,none,-1,
910000023392,False,none,-1,
910000023393,False,none,-1,
910000023394,False,none,-1,
910000023395,False,none,-1,
910000023396,False,none,-1,
910000023397,False,none,-1,
910000023398,False,none,-1,
910000023399,False,none,-1,
910000023400,False,none,-1,
910000023401,False,none,-1,
910000023402,False,none,-1,
910000023403,False,none,-1,
910000023404,False,none,-1,
910000023405,False,none,-1,
910000023406,False,none,-1,
910000023407,False,none,-1,
910000023408,False,none,-1,
910000023409,False,none,-1,
910000023410,False,none,-1,
910000023411,False,none,-1,
910000023412,False,none,-1,
910000023413,False,none,-1,
910000023414,False,none,-1,
910000023415,False,none,-1,
910000023416,False,none,-1,
910000023417,False,none,-1,
910000023418,False,none,-1,
910000023419,False,none,-1,
910000023420,False,none,-1,
910000023421,False,none,-1,
910000023422,False,none,-1,
910000023423,False,none,-1,
910000023424,False,none,-1,
910000023425,False,none,-1,
910000023426,False,none,-1,
910000023427,False,none,-1,
910000023428,True,L2,40,910000020852
910000023429,True,L3,67,910000017540
910000023430,False,none,-1,
910000023431,False,none,-1,
910000023432,False,none,-1,
910000023433,False,none,-1,
910000023434,False,none,-1,
910000023435,False,none,-1,
910000023436,False,none,-1,
910000023437,False,none,-1,
910000023438,False,none,-1,
910000023439,False,none,-1,
910000023440,False,none,-1,
910000023441,False,none,-1,
910000023442,False,none,-1,
910000023443,False,none,-1,
910000023444,False,none,-1,
910000023445,False,none,-1,
910000023446,False,none,-1,
910000023447,False,none,-1,
910000023448,False,none,-1,
910000023449,False,none,-1,
910000023450,False,none,-1,
910000023451,False,none,-1,
910000023452,False,none,-1,
910000023453,False,none,-1,
910000023454,False,none,-1,
910000023455,False,none,-1,
910000023456,False,none,-1,
910000023457,False,none,-1,
910000023458,False,none,-1,
910000023459,False,none,-1,
910000023460,False,none,-1,
910000023461,False,none,-1,
910000023462,False,none,-1,
910000023463,False,none,-1,
910000023464,True,L2,26,910000012293
910000023465,False,none,-1,
910000023466,False,none,-1,
910000023467,False,none,-1,
910000023468,True,L1,75,910000008084
910000023469,False,none,-1,
910000023470,True,L2,61,910000009892
910000023471,False,none,-1,
910000023472,False,none,-1,
910000023473,False,none,-1,
910000023474,False,none,-1,
910000023475,False,none,-1,
910000023476,False,none,-1,
910000023477,False,none,-1,
910000023478,False,none,-1,
910000023479,False,none,-1,
910000023480,True,L1,36,910000007400
910000023481,True,L1,39,910000001087
910000023482,False,none,-1,
910000023483,False,none,-1,
910000023484,False,none,-1,
910000023485,False,none,-1,
910000023486,False,none,-1,
910000023487,False,none,-1,
910000023488,False,none,-1,
910000023489,False,none,-1,
910000023490,False,none,-1,
910000023491,False,none,-1,
910000023492,False,none,-1,
910000023493,False,none,-1,
910000023494,False,none,-1,
910000023495,False,none,-1,
910000023496,False,none,-1,
910000023497,False,none,-1,
910000023498,False,none,-1,
910000023499,False,none,-1,
910000023500,False,none,-1,
910000023501,False,none,-1,
910000023502,False,none,-1,
910000023503,False,none,-1,
910000023504,False,none,-1,
910000023505,False,none,-1,
910000023506,False,none,-1,
910000023507,False,none,-1,
910000023508,False,none,-1,
910000023509,False,none,-1,
910000023510,False,none,-1,
910000023511,False,none,-1,
910000023512,False,none,-1,
910000023513,False,none,-1,
910000023514,False,none,-1,
910000023515,False,none,-1,
910000023516,False,none,-1,
910000023517,False,none,-1,
910000023518,False,none,-1,
910000023519,False,none,-1,
910000023520,False,none,-1,
910000023521,False,none,-1,
910000023522,False,none,-1,
910000023523,False,none,-1,
910000023524,False,none,-1,
910000023525,False,none,-1,
910000023526,False,none,-1,
910000023527,False,none,-1,
910000023528,False,none,-1,
910000023529,False,none,-1,
910000023530,False,none,-1,
910000023531,False,none,-1,
910000023532,False,none,-1,
910000023533,False,none,-1,
910000023534,False,none,-1,
910000023535,False,none,-1,
910000023536,False,none,-1,
910000023537,False,none,-1,
910000023538,False,none,-1,
910000023539,False,none,-1,
910000023540,False,none,-1,
910000023541,False,none,-1,
910000023542,False,none,-1,
910000023543,False,none,-1,
910000023544,False,none,-1,
910000023545,False,none,-1,
910000023546,False,none,-1,
910000023547,False,none,-1,
910000023548,False,none,-1,
910000023549,False,none,-1,
910000023550,False,none,-1,
910000023551,False,none,-1,
910000023552,False,none,-1,
910000023553,True,L2,74,910000002855
910000023554,False,none,-1,
910000023555,True,L3,74,910000002855
910000023556,False,none,-1,
910000023557,False,none,-1,
910000023558,False,none,-1,
910000023559,False,none,-1,
910000023560,False,none,-1,
910000023561,False,none,-1,
910000023562,False,none,-1,
910000023563,True,L1,69,910000006862
910000023564,True,L2,50,910000021944
910000023565,False,none,-1,
910000023566,False,none,-1,
910000023567,False,none,-1,
910000023568,False,none,-1,
910000023569,False,none,-1,
910000023570,False,none,-1,
910000023571,False,none,-1,
910000023572,False,none,-1,
910000023573,False,none,-1,
910000023574,False,none,-1,
910000023575,False,none,-1,
910000023576,False,none,-1,
910000023577,False,none,-1,
910000023578,False,none,-1,
910000023579,False,none,-1,
910000023580,False,none,-1,
910000023581,False,none,-1,
910000023582,False,none,-1,
910000023583,False,none,-1,
910000023584,False,none,-1,
910000023585,False,none,-1,
910000023586,True,L3,67,910000017540
910000023587,False,none,-1,
910000023588,False,none,-1,
910000023589,False,none,-1,
910000023590,True,L2,6,910000011918
910000023591,False,none,-1,
910000023592,False,none,-1,
910000023593,False,none,-1,
910000023594,False,none,-1,
910000023595,False,none,-1,
910000023596,False,none,-1,
910000023597,False,none,-1,
910000023598,False,none,-1,
910000023599,False,none,-1,
910000023600,False,none,-1,
910000023601,False,none,-1,
910000023602,False,none,-1,
910000023603,False,none,-1,
910000023604,False,none,-1,
910000023605,False,none,-1,
910000023606,False,none,-1,
910000023607,False,none,-1,
910000023608,False,none,-1,
910000023609,False,none,-1,
910000023610,False,none,-1,
910000023611,False,none,-1,
910000023612,True,L3,96,910000022031
910000023613,False,none,-1,
910000023614,False,none,-1,
910000023615,False,none,-1,
910000023616,False,none,-1,
910000023617,False,none,-1,
910000023618,False,none,-1,
910000023619,False,none,-1,
910000023620,False,none,-1,
910000023621,False,none,-1,
910000023622,False,none,-1,
910000023623,False,none,-1,
910000023624,False,none,-1,
910000023625,False,none,-1,
910000023626,False,none,-1,
910000023627,False,none,-1,
910000023628,False,none,-1,
910000023629,True,L3,70,910000003386
910000023630,False,none,-1,
910000023631,False,none,-1,
910000023632,False,none,-1,
910000023633,False,none,-1,
910000023634,False,none,-1,
910000023635,False,none,-1,
910000023636,False,none,-1,
910000023637,False,none,-1,
910000023638,False,none,-1,
910000023639,False,none,-1,
910000023640,False,none,-1,
910000023641,False,none,-1,
910000023642,False,none,-1,
910000023643,False,none,-1,
910000023644,False,none,-1,
910000023645,False,none,-1,
910000023646,False,none,-1,
910000023647,False,none,-1,
910000023648,False,none,-1,
910000023649,False,none,-1,
910000023650,False,none,-1,
910000023651,False,none,-1,
910000023652,False,none,-1,
910000023653,False,none,-1,
910000023654,False,none,-1,
910000023655,False,none,-1,
910000023656,False,none,-1,
910000023657,False,none,-1,
910000023658,False,none,-1,
910000023659,False,none,-1,
910000023660,False,none,-1,
910000023661,False,none,-1,
910000023662,False,none,-1,
910000023663,False,none,-1,
910000023664,False,none,-1,
910000023665,False,none,-1,
910000023666,False,none,-1,
910000023667,False,none,-1,
910000023668,False,none,-1,
910000023669,False,none,-1,
910000023670,False,none,-1,
910000023671,True,L2,24,910000015900
910000023672,False,none,-1,
910000023673,False,none,-1,
910000023674,False,none,-1,
910000023675,False,none,-1,
910000023676,False,none,-1,
910000023677,False,none,-1,
910000023678,False,none,-1,
910000023679,False,none,-1,
910000023680,False,none,-1,
910000023681,False,none,-1,
910000023682,False,none,-1,
910000023683,False,none,-1,
910000023684,False,none,-1,
910000023685,True,L1,23,910000006128
910000023686,False,none,-1,
910000023687,False,none,-1,
910000023688,False,none,-1,
910000023689,False,none,-1,
910000023690,False,none,-1,
910000023691,False,none,-1,
910000023692,False,none,-1,
910000023693,False,none,-1,
910000023694,False,none,-1,
910000023695,False,none,-1,
910000023696,False,none,-1,
910000023697,False,none,-1,
910000023698,False,none,-1,
910000023699,False,none,-1,
910000023700,False,none,-1,
910000023701,False,none,-1,
910000023702,False,none,-1,
910000023703,False,none,-1,
910000023704,False,none,-1,
910000023705,False,none,-1,
910000023706,False,none,-1,
910000023707,False,none,-1,
910000023708,False,none,-1,
910000023709,False,none,-1,
910000023710,False,none,-1,
910000023711,False,none,-1,
910000023712,False,none,-1,
910000023713,False,none,-1,
910000023714,False,none,-1,
910000023715,False,none,-1,
910000023716,False,none,-1,
910000023717,False,none,-1,
910000023718,True,L2,77,910000004550
910000023719,False,none,-1,
910000023720,False,none,-1,
910000023721,False,none,-1,
910000023722,False,none,-1,
910000023723,False,none,-1,
910000023724,False,none,-1,
910000023725,False,none,-1,
910000023726,False,none,-1,
910000023727,False,none,-1,
910000023728,False,none,-1,
910000023729,False,none,-1,
910000023730,False,none,-1,
910000023731,False,none,-1,
910000023732,False,none,-1,
910000023733,False,none,-1,
910000023734,False,none,-1,
910000023735,False,none,-1,
910000023736,False,none,-1,
910000023737,False,none,-1,
910000023738,False,none,-1,
910000023739,False,none,-1,
910000023740,False,none,-1,
910000023741,False,none,-1,
910000023742,False,none,-1,
910000023743,False,none,-1,
910000023744,False,none,-1,
910000023745,False,none,-1,
910000023746,False,none,-1,
910000023747,False,none,-1,
910000023748,False,none,-1,
910000023749,False,none,-1,
910000023750,False,none,-1,
910000023751,False,none,-1,
910000023752,False,none,-1,
910000023753,False,none,-1,
910000023754,False,none,-1,
910000023755,True,L2,33,910000018608
910000023756,False,none,-1,
910000023757,False,none,-1,
910000023758,False,none,-1,
910000023759,True,L2,75,910000008084
910000023760,False,none,-1,
910000023761,False,none,-1,
910000023762,False,none,-1,
910000023763,False,none,-1,
910000023764,False,none,-1,
910000023765,False,none,-1,
910000023766,False,none,-1,
910000023767,False,none,-1,
910000023768,False,none,-1,
910000023769,True,L3,13,910000002736
910000023770,False,none,-1,
910000023771,False,none,-1,
910000023772,False,none,-1,
910000023773,False,none,-1,
910000023774,False,none,-1,
910000023775,False,none,-1,
910000023776,False,none,-1,
910000023777,False,none,-1,
910000023778,False,none,-1,
910000023779,False,none,-1,
910000023780,False,none,-1,
910000023781,False,none,-1,
910000023782,False,none,-1,
910000023783,False,none,-1,
910000023784,False,none,-1,
910000023785,False,none,-1,
910000023786,False,none,-1,
910000023787,False,none,-1,
910000023788,False,none,-1,
910000023789,False,none,-1,
910000023790,False,none,-1,
910000023791,False,none,-1,
910000023792,False,none,-1,
910000023793,False,none,-1,
910000023794,False,none,-1,
910000023795,False,none,-1,
910000023796,False,none,-1,
910000023797,False,none,-1,
910000023798,True,L3,80,910000022510
910000023799,False,none,-1,
910000023800,False,none,-1,
910000023801,False,none,-1,
910000023802,False,none,-1,
910000023803,False,none,-1,
910000023804,False,none,-1,
910000023805,False,none,-1,
910000023806,False,none,-1,
910000023807,False,none,-1,
910000023808,True,L2,53,910000006860
910000023809,True,L3,19,910000002009
910000023810,False,none,-1,
910000023811,False,none,-1,
910000023812,False,none,-1,
910000023813,False,none,-1,
910000023814,False,none,-1,
910000023815,False,none,-1,
910000023816,False,none,-1,
910000023817,False,none,-1,
910000023818,False,none,-1,
910000023819,False,none,-1,
910000023820,False,none,-1,
910000023821,False,none,-1,
910000023822,False,none,-1,
910000023823,False,none,-1,
910000023824,False,none,-1,
910000023825,True,L1,29,910000015788
910000023826,False,none,-1,
910000023827,False,none,-1,
910000023828,False,none,-1,
910000023829,False,none,-1,
910000023830,False,none,-1,
910000023831,False,none,-1,
910000023832,False,none,-1,
910000023833,False,none,-1,
910000023834,False,none,-1,
910000023835,False,none,-1,
910000023836,False,none,-1,
910000023837,False,none,-1,
910000023838,False,none,-1,
910000023839,False,none,-1,
910000023840,False,none,-1,
910000023841,False,none,-1,
910000023842,False,none,-1,
910000023843,False,none,-1,
910000023844,False,none,-1,
910000023845,False,none,-1,
910000023846,False,none,-1,
910000023847,False,none,-1,
910000023848,False,none,-1,
910000023849,False,none,-1,
910000023850,False,none,-1,
910000023851,False,none,-1,
910000023852,False,none,-1,
910000023853,False,none,-1,
910000023854,False,none,-1,
910000023855,False,none,-1,
910000023856,False,none,-1,
910000023857,False,none,-1,
910000023858,False,none,-1,
910000023859,False,none,-1,
910000023860,False,none,-1,
910000023861,False,none,-1,
910000023862,False,none,-1,
910000023863,False,none,-1,
910000023864,False,none,-1,
910000023865,False,none,-1,
910000023866,False,none,-1,
910000023867,False,none,-1,
910000023868,False,none,-1,
910000023869,False,none,-1,
910000023870,True,L2,55,910000001567
910000023871,False,none,-1,
910000023872,False,none,-1,
910000023873,False,none,-1,
910000023874,False,none,-1,
910000023875,False,none,-1,
910000023876,False,none,-1,
910000023877,False,none,-1,
910000023878,False,none,-1,
910000023879,False,none,-1,
910000023880,False,none,-1,
910000023881,False,none,-1,
910000023882,False,none,-1,
910000023883,False,none,-1,
910000023884,False,none,-1,
910000023885,False,none,-1,
910000023886,True,L3,8,910000006300
910000023887,False,none,-1,
910000023888,False,none,-1,
910000023889,False,none,-1,
910000023890,False,none,-1,
910000023891,False,none,-1,
910000023892,False,none,-1,
910000023893,False,none,-1,
910000023894,False,none,-1,
910000023895,False,none,-1,
910000023896,False,none,-1,
910000023897,False,none,-1,
910000023898,False,none,-1,
910000023899,False,none,-1,
910000023900,False,none,-1,
910000023901,False,none,-1,
910000023902,False,none,-1,
910000023903,False,none,-1,
910000023904,False,none,-1,
910000023905,False,none,-1,
910000023906,False,none,-1,
910000023907,False,none,-1,
910000023908,False,none,-1,
910000023909,True,L1,15,910000017309
910000023910,True,L2,74,910000002855
910000023911,False,none,-1,
910000023912,False,none,-1,
910000023913,False,none,-1,
910000023914,False,none,-1,
910000023915,False,none,-1,
910000023916,False,none,-1,
910000023917,False,none,-1,
910000023918,False,none,-1,
910000023919,False,none,-1,
910000023920,True,L2,19,910000002009
910000023921,False,none,-1,
910000023922,False,none,-1,
910000023923,False,none,-1,
910000023924,False,none,-1,
910000023925,False,none,-1,
910000023926,False,none,-1,
910000023927,False,none,-1,
910000023928,False,none,-1,
910000023929,False,none,-1,
910000023930,False,none,-1,
910000023931,False,none,-1,
910000023932,True,L2,77,910000004550
910000023933,False,none,-1,
910000023934,False,none,-1,
910000023935,False,none,-1,
910000023936,True,L1,64,910000005320
910000023937,False,none,-1,
910000023938,False,none,-1,
910000023939,False,none,-1,
910000023940,False,none,-1,
910000023941,False,none,-1,
910000023942,False,none,-1,
910000023943,False,none,-1,
910000023944,False,none,-1,
910000023945,False,none,-1,
910000023946,False,none,-1,
910000023947,False,none,-1,
910000023948,False,none,-1,
910000023949,True,L1,3,910000005391
910000023950,False,none,-1,
910000023951,False,none,-1,
910000023952,False,none,-1,
910000023953,False,none,-1,
910000023954,False,none,-1,
910000023955,False,none,-1,
910000023956,False,none,-1,
910000023957,False,none,-1,
910000023958,False,none,-1,
910000023959,False,none,-1,
910000023960,False,none,-1,
910000023961,False,none,-1,
910000023962,False,none,-1,
910000023963,False,none,-1,
910000023964,False,none,-1,
910000023965,False,none,-1,
910000023966,False,none,-1,
910000023967,False,none,-1,
910000023968,False,none,-1,
910000023969,False,none,-1,
910000023970,False,none,-1,
910000023971,False,none,-1,
910000023972,False,none,-1,
910000023973,False,none,-1,
910000023974,False,none,-1,
910000023975,False,none,-1,
910000023976,False,none,-1,
910000023977,False,none,-1,
910000023978,False,none,-1,
910000023979,False,none,-1,
910000023980,False,none,-1,
910000023981,False,none,-1,
910000023982,False,none,-1,
910000023983,False,none,-1,
910000023984,False,none,-1,
910000023985,False,none,-1,
910000023986,False,none,-1,
910000023987,True,L2,21,910000024175
910000023988,True,L3,57,910000022134
910000023989,False,none,-1,
910000023990,False,none,-1,
910000023991,False,none,-1,
910000023992,False,none,-1,
910000023993,False,none,-1,
910000023994,False,none,-1,
910000023995,False,none,-1,
910000023996,False,none,-1,
910000023997,False,none,-1,
910000023998,False,none,-1,
910000023999,False,none,-1,
910000024000,False,none,-1,
910000024001,False,none,-1,
910000024002,False,none,-1,
910000024003,False,none,-1,
910000024004,True,L2,58,910000016011
910000024005,False,none,-1,
910000024006,False,none,-1,
910000024007,False,none,-1,
910000024008,False,none,-1,
910000024009,False,none,-1,
910000024010,False,none,-1,
910000024011,False,none,-1,
910000024012,False,none,-1,
910000024013,False,none,-1,
910000024014,False,none,-1,
910000024015,True,L3,74,910000002855
910000024016,False,none,-1,
910000024017,True,L1,0,910000024789
910000024018,False,none,-1,
910000024019,False,none,-1,
910000024020,False,none,-1,
910000024021,False,none,-1,
910000024022,False,none,-1,
910000024023,False,none,-1,
910000024024,False,none,-1,
910000024025,False,none,-1,
910000024026,False,none,-1,
910000024027,False,none,-1,
910000024028,False,none,-1,
910000024029,False,none,-1,
910000024030,False,none,-1,
910000024031,False,none,-1,
910000024032,False,none,-1,
910000024033,False,none,-1,
910000024034,False,none,-1,
910000024035,False,none,-1,
910000024036,False,none,-1,
910000024037,False,none,-1,
910000024038,False,none,-1,
910000024039,False,none,-1,
910000024040,False,none,-1,
910000024041,False,none,-1,
910000024042,False,none,-1,
910000024043,False,none,-1,
910000024044,False,none,-1,
910000024045,True,L3,74,910000002855
910000024046,False,none,-1,
910000024047,False,none,-1,
910000024048,False,none,-1,
910000024049,False,none,-1,
910000024050,False,none,-1,
910000024051,True,L3,73,910000008345
910000024052,False,none,-1,
910000024053,False,none,-1,
910000024054,False,none,-1,
910000024055,False,none,-1,
910000024056,False,none,-1,
910000024057,False,none,-1,
910000024058,False,none,-1,
910000024059,False,none,-1,
910000024060,False,none,-1,
910000024061,False,none,-1,
910000024062,False,none,-1,
910000024063,False,none,-1,
910000024064,False,none,-1,
910000024065,False,none,-1,
910000024066,False,none,-1,
910000024067,False,none,-1,
910000024068,False,none,-1,
910000024069,False,none,-1,
910000024070,False,none,-1,
910000024071,False,none,-1,
910000024072,False,none,-1,
910000024073,False,none,-1,
910000024074,True,L1,69,910000006862
910000024075,False,none,-1,
910000024076,False,none,-1,
910000024077,False,none,-1,
910000024078,False,none,-1,
910000024079,False,none,-1,
910000024080,False,none,-1,
910000024081,False,none,-1,
910000024082,False,none,-1,
910000024083,False,none,-1,
910000024084,False,none,-1,
910000024085,False,none,-1,
910000024086,False,none,-1,
910000024087,False,none,-1,
910000024088,False,none,-1,
910000024089,False,none,-1,
910000024090,False,none,-1,
910000024091,False,none,-1,
910000024092,False,none,-1,
910000024093,False,none,-1,
910000024094,False,none,-1,
910000024095,False,none,-1,
910000024096,False,none,-1,
910000024097,False,none,-1,
910000024098,False,none,-1,
910000024099,False,none,-1,
910000024100,False,none,-1,
910000024101,False,none,-1,
910000024102,True,L1,14,910000024141
910000024103,False,none,-1,
910000024104,False,none,-1,
910000024105,False,none,-1,
910000024106,False,none,-1,
910000024107,False,none,-1,
910000024108,False,none,-1,
910000024109,False,none,-1,
910000024110,False,none,-1,
910000024111,False,none,-1,
910000024112,False,none,-1,
910000024113,False,none,-1,
910000024114,False,none,-1,
910000024115,False,none,-1,
910000024116,False,none,-1,
910000024117,False,none,-1,
910000024118,False,none,-1,
910000024119,False,none,-1,
910000024120,False,none,-1,
910000024121,False,none,-1,
910000024122,False,none,-1,
910000024123,False,none,-1,
910000024124,False,none,-1,
910000024125,True,L3,79,910000008111
910000024126,False,none,-1,
910000024127,False,none,-1,
910000024128,False,none,-1,
910000024129,False,none,-1,
910000024130,False,none,-1,
910000024131,False,none,-1,
910000024132,False,none,-1,
910000024133,False,none,-1,
910000024134,False,none,-1,
910000024135,False,none,-1,
910000024136,False,none,-1,
910000024137,False,none,-1,
910000024138,False,none,-1,
910000024139,False,none,-1,
910000024140,False,none,-1,
910000024141,False,none,-1,
910000024142,False,none,-1,
910000024143,False,none,-1,
910000024144,False,none,-1,
910000024145,False,none,-1,
910000024146,False,none,-1,
910000024147,False,none,-1,
910000024148,False,none,-1,
910000024149,False,none,-1,
910000024150,False,none,-1,
910000024151,False,none,-1,
910000024152,True,L2,38,910000011933
910000024153,False,none,-1,
910000024154,False,none,-1,
910000024155,False,none,-1,
910000024156,False,none,-1,
910000024157,False,none,-1,
910000024158,False,none,-1,
910000024159,False,none,-1,
910000024160,True,L3,88,910000000548
910000024161,False,none,-1,
910000024162,False,none,-1,
910000024163,False,none,-1,
910000024164,False,none,-1,
910000024165,False,none,-1,
910000024166,False,none,-1,
910000024167,False,none,-1,
910000024168,False,none,-1,
910000024169,False,none,-1,
910000024170,False,none,-1,
910000024171,False,none,-1,
910000024172,False,none,-1,
910000024173,False,none,-1,
910000024174,False,none,-1,
910000024175,False,none,-1,
910000024176,False,none,-1,
910000024177,False,none,-1,
910000024178,False,none,-1,
910000024179,False,none,-1,
910000024180,False,none,-1,
910000024181,True,L2,96,910000022031
910000024182,False,none,-1,
910000024183,False,none,-1,
910000024184,False,none,-1,
910000024185,False,none,-1,
910000024186,True,L3,18,910000003772
910000024187,False,none,-1,
910000024188,False,none,-1,
910000024189,False,none,-1,
910000024190,False,none,-1,
910000024191,False,none,-1,
910000024192,False,none,-1,
910000024193,False,none,-1,
910000024194,False,none,-1,
910000024195,True,L3,82,910000003073
910000024196,False,none,-1,
910000024197,False,none,-1,
910000024198,False,none,-1,
910000024199,False,none,-1,
910000024200,False,none,-1,
910000024201,False,none,-1,
910000024202,False,none,-1,
910000024203,False,none,-1,
910000024204,False,none,-1,
910000024205,True,L3,63,910000019535
910000024206,False,none,-1,
910000024207,False,none,-1,
910000024208,False,none,-1,
910000024209,False,none,-1,
910000024210,False,none,-1,
910000024211,False,none,-1,
910000024212,False,none,-1,
910000024213,False,none,-1,
910000024214,False,none,-1,
910000024215,False,none,-1,
910000024216,False,none,-1,
910000024217,False,none,-1,
910000024218,False,none,-1,
910000024219,False,none,-1,
910000024220,False,none,-1,
910000024221,False,none,-1,
910000024222,False,none,-1,
910000024223,False,none,-1,
910000024224,False,none,-1,
910000024225,False,none,-1,
910000024226,False,none,-1,
910000024227,False,none,-1,
910000024228,False,none,-1,
910000024229,False,none,-1,
910000024230,False,none,-1,
910000024231,False,none,-1,
910000024232,False,none,-1,
910000024233,False,none,-1,
910000024234,False,none,-1,
910000024235,False,none,-1,
910000024236,False,none,-1,
910000024237,False,none,-1,
910000024238,False,none,-1,
910000024239,True,L1,18,910000003772
910000024240,False,none,-1,
910000024241,False,none,-1,
910000024242,False,none,-1,
910000024243,False,none,-1,
910000024244,False,none,-1,
910000024245,False,none,-1,
910000024246,False,none,-1,
910000024247,False,none,-1,
910000024248,False,none,-1,
910000024249,True,L2,43,910000018047
910000024250,False,none,-1,
910000024251,False,none,-1,
910000024252,False,none,-1,
910000024253,True,L3,61,910000009892
910000024254,False,none,-1,
910000024255,False,none,-1,
910000024256,False,none,-1,
910000024257,False,none,-1,
910000024258,False,none,-1,
910000024259,False,none,-1,
910000024260,False,none,-1,
910000024261,False,none,-1,
910000024262,False,none,-1,
910000024263,False,none,-1,
910000024264,False,none,-1,
910000024265,False,none,-1,
910000024266,False,none,-1,
910000024267,False,none,-1,
910000024268,False,none,-1,
910000024269,False,none,-1,
910000024270,False,none,-1,
910000024271,False,none,-1,
910000024272,False,none,-1,
910000024273,False,none,-1,
910000024274,False,none,-1,
910000024275,False,none,-1,
910000024276,False,none,-1,
910000024277,False,none,-1,
910000024278,False,none,-1,
910000024279,False,none,-1,
910000024280,False,none,-1,
910000024281,False,none,-1,
910000024282,False,none,-1,
910000024283,False,none,-1,
910000024284,False,none,-1,
910000024285,False,none,-1,
910000024286,False,none,-1,
910000024287,False,none,-1,
910000024288,False,none,-1,
910000024289,False,none,-1,
910000024290,False,none,-1,
910000024291,False,none,-1,
910000024292,False,none,-1,
910000024293,False,none,-1,
910000024294,False,none,-1,
910000024295,False,none,-1,
910000024296,False,none,-1,
910000024297,False,none,-1,
910000024298,False,none,-1,
910000024299,False,none,-1,
910000024300,False,none,-1,
910000024301,False,none,-1,
910000024302,False,none,-1,
910000024303,False,none,-1,
910000024304,False,none,-1,
910000024305,False,none,-1,
910000024306,False,none,-1,
910000024307,False,none,-1,
910000024308,False,none,-1,
910000024309,False,none,-1,
910000024310,False,none,-1,
910000024311,False,none,-1,
910000024312,False,none,-1,
910000024313,False,none,-1,
910000024314,False,none,-1,
910000024315,False,none,-1,
910000024316,False,none,-1,
910000024317,False,none,-1,
910000024318,False,none,-1,
910000024319,False,none,-1,
910000024320,True,L2,66,910000009406
910000024321,False,none,-1,
910000024322,False,none,-1,
910000024323,False,none,-1,
910000024324,False,none,-1,
910000024325,False,none,-1,
910000024326,False,none,-1,
910000024327,False,none,-1,
910000024328,False,none,-1,
910000024329,False,none,-1,
910000024330,False,none,-1,
910000024331,False,none,-1,
910000024332,False,none,-1,
910000024333,False,none,-1,
910000024334,False,none,-1,
910000024335,False,none,-1,
910000024336,False,none,-1,
910000024337,False,none,-1,
910000024338,False,none,-1,
910000024339,False,none,-1,
910000024340,False,none,-1,
910000024341,False,none,-1,
910000024342,False,none,-1,
910000024343,False,none,-1,
910000024344,False,none,-1,
910000024345,False,none,-1,
910000024346,False,none,-1,
910000024347,False,none,-1,
910000024348,False,none,-1,
910000024349,False,none,-1,
910000024350,False,none,-1,
910000024351,False,none,-1,
910000024352,False,none,-1,
910000024353,False,none,-1,
910000024354,False,none,-1,
910000024355,False,none,-1,
910000024356,False,none,-1,
910000024357,False,none,-1,
910000024358,False,none,-1,
910000024359,False,none,-1,
910000024360,False,none,-1,
910000024361,False,none,-1,
910000024362,False,none,-1,
910000024363,False,none,-1,
910000024364,False,none,-1,
910000024365,False,none,-1,
910000024366,False,none,-1,
910000024367,False,none,-1,
910000024368,False,none,-1,
910000024369,False,none,-1,
910000024370,False,none,-1,
910000024371,False,none,-1,
910000024372,True,L2,10,910000002246
910000024373,False,none,-1,
910000024374,False,none,-1,
910000024375,False,none,-1,
910000024376,False,none,-1,
910000024377,False,none,-1,
910000024378,False,none,-1,
910000024379,False,none,-1,
910000024380,False,none,-1,
910000024381,False,none,-1,
910000024382,False,none,-1,
910000024383,False,none,-1,
910000024384,False,none,-1,
910000024385,False,none,-1,
910000024386,False,none,-1,
910000024387,False,none,-1,
910000024388,False,none,-1,
910000024389,False,none,-1,
910000024390,False,none,-1,
910000024391,False,none,-1,
910000024392,False,none,-1,
910000024393,False,none,-1,
910000024394,False,none,-1,
910000024395,False,none,-1,
910000024396,False,none,-1,
910000024397,False,none,-1,
910000024398,False,none,-1,
910000024399,False,none,-1,
910000024400,False,none,-1,
910000024401,False,none,-1,
910000024402,False,none,-1,
910000024403,False,none,-1,
910000024404,False,none,-1,
910000024405,False,none,-1,
910000024406,False,none,-1,
910000024407,False,none,-1,
910000024408,False,none,-1,
910000024409,False,none,-1,
910000024410,False,none,-1,
910000024411,False,none,-1,
910000024412,True,L3,68,910000023712
910000024413,False,none,-1,
910000024414,False,none,-1,
910000024415,False,none,-1,
910000024416,False,none,-1,
910000024417,False,none,-1,
910000024418,False,none,-1,
910000024419,False,none,-1,
910000024420,True,L3,6,910000011918
910000024421,True,L2,51,910000010225
910000024422,False,none,-1,
910000024423,False,none,-1,
910000024424,False,none,-1,
910000024425,False,none,-1,
910000024426,False,none,-1,
910000024427,False,none,-1,
910000024428,True,L2,2,910000017935
910000024429,False,none,-1,
910000024430,False,none,-1,
910000024431,False,none,-1,
910000024432,False,none,-1,
910000024433,False,none,-1,
910000024434,False,none,-1,
910000024435,False,none,-1,
910000024436,False,none,-1,
910000024437,False,none,-1,
910000024438,False,none,-1,
910000024439,False,none,-1,
910000024440,False,none,-1,
910000024441,True,L2,27,910000019664
910000024442,False,none,-1,
910000024443,False,none,-1,
910000024444,False,none,-1,
910000024445,True,L1,66,910000009406
910000024446,False,none,-1,
910000024447,False,none,-1,
910000024448,False,none,-1,
910000024449,False,none,-1,
910000024450,False,none,-1,
910000024451,False,none,-1,
910000024452,False,none,-1,
910000024453,False,none,-1,
910000024454,False,none,-1,
910000024455,False,none,-1,
910000024456,False,none,-1,
910000024457,False,none,-1,
910000024458,False,none,-1,
910000024459,False,none,-1,
910000024460,False,none,-1,
910000024461,False,none,-1,
910000024462,False,none,-1,
910000024463,False,none,-1,
910000024464,False,none,-1,
910000024465,False,none,-1,
910000024466,True,L3,28,910000002949
910000024467,False,none,-1,
910000024468,False,none,-1,
910000024469,False,none,-1,
910000024470,False,none,-1,
910000024471,True,L1,93,910000005922
910000024472,False,none,-1,
910000024473,False,none,-1,
910000024474,True,L2,96,910000022031
910000024475,False,none,-1,
910000024476,False,none,-1,
910000024477,False,none,-1,
910000024478,False,none,-1,
910000024479,False,none,-1,
910000024480,False,none,-1,
910000024481,False,none,-1,
910000024482,False,none,-1,
910000024483,False,none,-1,
910000024484,False,none,-1,
910000024485,False,none,-1,
910000024486,False,none,-1,
910000024487,False,none,-1,
910000024488,False,none,-1,
910000024489,True,L2,75,910000008084
910000024490,False,none,-1,
910000024491,False,none,-1,
910000024492,False,none,-1,
910000024493,False,none,-1,
910000024494,False,none,-1,
910000024495,False,none,-1,
910000024496,False,none,-1,
910000024497,False,none,-1,
910000024498,True,L2,54,910000005950
910000024499,False,none,-1,
910000024500,False,none,-1,
910000024501,False,none,-1,
910000024502,False,none,-1,
910000024503,False,none,-1,
910000024504,False,none,-1,
910000024505,False,none,-1,
910000024506,False,none,-1,
910000024507,False,none,-1,
910000024508,False,none,-1,
910000024509,False,none,-1,
910000024510,False,none,-1,
910000024511,False,none,-1,
910000024512,False,none,-1,
910000024513,False,none,-1,
910000024514,False,none,-1,
910000024515,False,none,-1,
910000024516,False,none,-1,
910000024517,False,none,-1,
910000024518,False,none,-1,
910000024519,False,none,-1,
910000024520,False,none,-1,
910000024521,False,none,-1,
910000024522,False,none,-1,
910000024523,True,L3,45,910000024669
910000024524,False,none,-1,
910000024525,False,none,-1,
910000024526,False,none,-1,
910000024527,True,L3,18,910000003772
910000024528,False,none,-1,
910000024529,False,none,-1,
910000024530,True,L1,91,910000015936
910000024531,False,none,-1,
910000024532,False,none,-1,
910000024533,True,L2,27,910000019664
910000024534,False,none,-1,
910000024535,False,none,-1,
910000024536,False,none,-1,
910000024537,False,none,-1,
910000024538,False,none,-1,
910000024539,False,none,-1,
910000024540,False,none,-1,
910000024541,False,none,-1,
910000024542,False,none,-1,
910000024543,False,none,-1,
910000024544,False,none,-1,
910000024545,False,none,-1,
910000024546,False,none,-1,
910000024547,False,none,-1,
910000024548,False,none,-1,
910000024549,False,none,-1,
910000024550,False,none,-1,
910000024551,False,none,-1,
910000024552,False,none,-1,
910000024553,False,none,-1,
910000024554,False,none,-1,
910000024555,True,L2,56,910000008837
910000024556,True,L1,19,910000002009
910000024557,False,none,-1,
910000024558,False,none,-1,
910000024559,False,none,-1,
910000024560,False,none,-1,
910000024561,False,none,-1,
910000024562,False,none,-1,
910000024563,False,none,-1,
910000024564,False,none,-1,
910000024565,False,none,-1,
910000024566,False,none,-1,
910000024567,False,none,-1,
910000024568,False,none,-1,
910000024569,False,none,-1,
910000024570,False,none,-1,
910000024571,False,none,-1,
910000024572,False,none,-1,
910000024573,False,none,-1,
910000024574,False,none,-1,
910000024575,False,none,-1,
910000024576,False,none,-1,
910000024577,False,none,-1,
910000024578,False,none,-1,
910000024579,False,none,-1,
910000024580,False,none,-1,
910000024581,False,none,-1,
910000024582,False,none,-1,
910000024583,False,none,-1,
910000024584,False,none,-1,
910000024585,False,none,-1,
910000024586,False,none,-1,
910000024587,False,none,-1,
910000024588,False,none,-1,
910000024589,False,none,-1,
910000024590,False,none,-1,
910000024591,False,none,-1,
910000024592,False,none,-1,
910000024593,False,none,-1,
910000024594,False,none,-1,
910000024595,False,none,-1,
910000024596,True,L1,34,910000007044
910000024597,False,none,-1,
910000024598,False,none,-1,
910000024599,False,none,-1,
910000024600,False,none,-1,
910000024601,False,none,-1,
910000024602,False,none,-1,
910000024603,False,none,-1,
910000024604,False,none,-1,
910000024605,False,none,-1,
910000024606,False,none,-1,
910000024607,False,none,-1,
910000024608,True,L3,48,910000019036
910000024609,False,none,-1,
910000024610,False,none,-1,
910000024611,True,L3,36,910000007400
910000024612,False,none,-1,
910000024613,False,none,-1,
910000024614,False,none,-1,
910000024615,False,none,-1,
910000024616,False,none,-1,
910000024617,False,none,-1,
910000024618,False,none,-1,
910000024619,False,none,-1,
910000024620,False,none,-1,
910000024621,False,none,-1,
910000024622,False,none,-1,
910000024623,False,none,-1,
910000024624,False,none,-1,
910000024625,False,none,-1,
910000024626,False,none,-1,
910000024627,False,none,-1,
910000024628,False,none,-1,
910000024629,True,L3,32,910000012163
910000024630,False,none,-1,
910000024631,False,none,-1,
910000024632,False,none,-1,
910000024633,False,none,-1,
910000024634,False,none,-1,
910000024635,True,L2,11,910000010364
910000024636,False,none,-1,
910000024637,False,none,-1,
910000024638,False,none,-1,
910000024639,False,none,-1,
910000024640,False,none,-1,
910000024641,False,none,-1,
910000024642,False,none,-1,
910000024643,False,none,-1,
910000024644,False,none,-1,
910000024645,False,none,-1,
910000024646,False,none,-1,
910000024647,False,none,-1,
910000024648,False,none,-1,
910000024649,False,none,-1,
910000024650,False,none,-1,
910000024651,False,none,-1,
910000024652,False,none,-1,
910000024653,False,none,-1,
910000024654,False,none,-1,
910000024655,False,none,-1,
910000024656,True,L2,61,910000009892
910000024657,False,none,-1,
910000024658,False,none,-1,
910000024659,False,none,-1,
910000024660,False,none,-1,
910000024661,False,none,-1,
910000024662,True,L1,6,910000011918
910000024663,False,none,-1,
910000024664,False,none,-1,
910000024665,False,none,-1,
910000024666,False,none,-1,
910000024667,False,none,-1,
910000024668,False,none,-1,
910000024669,False,none,-1,
910000024670,False,none,-1,
910000024671,False,none,-1,
910000024672,True,L3,9,910000016343
910000024673,False,none,-1,
910000024674,False,none,-1,
910000024675,False,none,-1,
910000024676,False,none,-1,
910000024677,False,none,-1,
910000024678,False,none,-1,
910000024679,False,none,-1,
910000024680,False,none,-1,
910000024681,False,none,-1,
910000024682,False,none,-1,
910000024683,False,none,-1,
910000024684,False,none,-1,
910000024685,False,none,-1,
910000024686,False,none,-1,
910000024687,False,none,-1,
910000024688,False,none,-1,
910000024689,False,none,-1,
910000024690,False,none,-1,
910000024691,False,none,-1,
910000024692,False,none,-1,
910000024693,False,none,-1,
910000024694,False,none,-1,
910000024695,False,none,-1,
910000024696,False,none,-1,
910000024697,True,L2,12,910000020672
910000024698,False,none,-1,
910000024699,False,none,-1,
910000024700,False,none,-1,
910000024701,False,none,-1,
910000024702,False,none,-1,
910000024703,False,none,-1,
910000024704,False,none,-1,
910000024705,False,none,-1,
910000024706,False,none,-1,
910000024707,False,none,-1,
910000024708,False,none,-1,
910000024709,False,none,-1,
910000024710,False,none,-1,
910000024711,False,none,-1,
910000024712,False,none,-1,
910000024713,False,none,-1,
910000024714,False,none,-1,
910000024715,False,none,-1,
910000024716,False,none,-1,
910000024717,True,L3,13,910000002736
910000024718,False,none,-1,
910000024719,False,none,-1,
910000024720,False,none,-1,
910000024721,False,none,-1,
910000024722,False,none,-1,
910000024723,False,none,-1,
910000024724,False,none,-1,
910000024725,False,none,-1,
910000024726,False,none,-1,
910000024727,False,none,-1,
910000024728,False,none,-1,
910000024729,False,none,-1,
910000024730,False,none,-1,
910000024731,False,none,-1,
910000024732,False,none,-1,
910000024733,False,none,-1,
910000024734,False,none,-1,
910000024735,False,none,-1,
910000024736,False,none,-1,
910000024737,False,none,-1,
910000024738,False,none,-1,
910000024739,False,none,-1,
910000024740,False,none,-1,
910000024741,False,none,-1,
910000024742,False,none,-1,
910000024743,False,none,-1,
910000024744,False,none,-1,
910000024745,False,none,-1,
910000024746,False,none,-1,
910000024747,False,none,-1,
910000024748,False,none,-1,
910000024749,False,none,-1,
910000024750,False,none,-1,
910000024751,False,none,-1,
910000024752,False,none,-1,
910000024753,True,L3,44,910000020451
910000024754,False,none,-1,
910000024755,False,none,-1,
910000024756,False,none,-1,
910000024757,False,none,-1,
910000024758,False,none,-1,
910000024759,False,none,-1,
910000024760,False,none,-1,
910000024761,False,none,-1,
910000024762,False,none,-1,
910000024763,False,none,-1,
910000024764,False,none,-1,
910000024765,False,none,-1,
910000024766,False,none,-1,
910000024767,False,none,-1,
910000024768,False,none,-1,
910000024769,True,L3,20,910000005298
910000024770,False,none,-1,
910000024771,False,none,-1,
910000024772,False,none,-1,
910000024773,False,none,-1,
910000024774,False,none,-1,
910000024775,False,none,-1,
910000024776,False,none,-1,
910000024777,False,none,-1,
910000024778,False,none,-1,
910000024779,False,none,-1,
910000024780,False,none,-1,
910000024781,False,none,-1,
910000024782,True,L3,78,910000024868
910000024783,False,none,-1,
910000024784,False,none,-1,
910000024785,False,none,-1,
910000024786,False,none,-1,
910000024787,False,none,-1,
910000024788,False,none,-1,
910000024789,False,none,-1,
910000024790,False,none,-1,
910000024791,False,none,-1,
910000024792,False,none,-1,
910000024793,False,none,-1,
910000024794,False,none,-1,
910000024795,False,none,-1,
910000024796,False,none,-1,
910000024797,False,none,-1,
910000024798,False,none,-1,
910000024799,False,none,-1,
910000024800,False,none,-1,
910000024801,False,none,-1,
910000024802,False,none,-1,
910000024803,False,none,-1,
910000024804,False,none,-1,
910000024805,False,none,-1,
910000024806,False,none,-1,
910000024807,False,none,-1,
910000024808,False,none,-1,
910000024809,False,none,-1,
910000024810,False,none,-1,
910000024811,False,none,-1,
910000024812,False,none,-1,
910000024813,False,none,-1,
910000024814,False,none,-1,
910000024815,False,none,-1,
910000024816,False,none,-1,
910000024817,False,none,-1,
910000024818,False,none,-1,
910000024819,False,none,-1,
910000024820,False,none,-1,
910000024821,False,none,-1,
910000024822,False,none,-1,
910000024823,False,none,-1,
910000024824,False,none,-1,
910000024825,False,none,-1,
910000024826,True,L2,14,910000024141
910000024827,False,none,-1,
910000024828,False,none,-1,
910000024829,False,none,-1,
910000024830,False,none,-1,
910000024831,False,none,-1,
910000024832,False,none,-1,
910000024833,False,none,-1,
910000024834,False,none,-1,
910000024835,False,none,-1,
910000024836,False,none,-1,
910000024837,False,none,-1,
910000024838,False,none,-1,
910000024839,True,L1,9,910000016343
910000024840,False,none,-1,
910000024841,False,none,-1,
910000024842,False,none,-1,
910000024843,False,none,-1,
910000024844,True,L2,31,910000017714
910000024845,True,L2,68,910000023712
910000024846,False,none,-1,
910000024847,False,none,-1,
910000024848,False,none,-1,
910000024849,False,none,-1,
910000024850,False,none,-1,
910000024851,False,none,-1,
910000024852,False,none,-1,
910000024853,False,none,-1,
910000024854,False,none,-1,
910000024855,False,none,-1,
910000024856,False,none,-1,
910000024857,False,none,-1,
910000024858,False,none,-1,
910000024859,False,none,-1,
910000024860,False,none,-1,
910000024861,False,none,-1,
910000024862,False,none,-1,
910000024863,False,none,-1,
910000024864,False,none,-1,
910000024865,False,none,-1,
910000024866,False,none,-1,
910000024867,False,none,-1,
910000024868,False,none,-1,
910000024869,False,none,-1,
910000024870,False,none,-1,
910000024871,False,none,-1,
910000024872,True,L3,43,910000018047
910000024873,False,none,-1,
910000024874,False,none,-1,
910000024875,False,none,-1,
910000024876,False,none,-1,
910000024877,False,none,-1,
910000024878,True,L2,99,910000017824
910000024879,False,none,-1,
910000024880,False,none,-1,
910000024881,False,none,-1,
910000024882,False,none,-1,
910000024883,False,none,-1,
910000024884,False,none,-1,
910000024885,False,none,-1,
910000024886,False,none,-1,
910000024887,False,none,-1,
910000024888,False,none,-1,
910000024889,False,none,-1,
910000024890,False,none,-1,
910000024891,False,none,-1,
910000024892,False,none,-1,
910000024893,True,L2,65,910000010732
910000024894,False,none,-1,
910000024895,False,none,-1,
910000024896,False,none,-1,
910000024897,False,none,-1,
910000024898,False,none,-1,
910000024899,False,none,-1,
910000024900,False,none,-1,
910000024901,False,none,-1,
910000024902,True,L2,30,910000002311
910000024903,False,none,-1,
910000024904,False,none,-1,
910000024905,False,none,-1,
910000024906,False,none,-1,
910000024907,False,none,-1,
910000024908,False,none,-1,
910000024909,False,none,-1,
910000024910,False,none,-1,
910000024911,False,none,-1,
910000024912,False,none,-1,
910000024913,False,none,-1,
910000024914,False,none,-1,
910000024915,False,none,-1,
910000024916,False,none,-1,
910000024917,False,none,-1,
910000024918,False,none,-1,
910000024919,False,none,-1,
910000024920,False,none,-1,
910000024921,False,none,-1,
910000024922,False,none,-1,
910000024923,False,none,-1,
910000024924,False,none,-1,
910000024925,False,none,-1,
910000024926,False,none,-1,
910000024927,False,none,-1,
910000024928,False,none,-1,
910000024929,False,none,-1,
910000024930,False,none,-1,
910000024931,False,none,-1,
910000024932,True,L3,67,910000017540
910000024933,False,none,-1,
910000024934,False,none,-1,
910000024935,False,none,-1,
910000024936,False,none,-1,
910000024937,False,none,-1,
910000024938,False,none,-1,
910000024939,False,none,-1,
910000024940,False,none,-1,
910000024941,False,none,-1,
910000024942,False,none,-1,
910000024943,False,none,-1,
910000024944,False,none,-1,
910000024945,False,none,-1,
910000024946,False,none,-1,
910000024947,False,none,-1,
910000024948,False,none,-1,
910000024949,False,none,-1,
910000024950,False,none,-1,
910000024951,False,none,-1,
910000024952,False,none,-1,
910000024953,False,none,-1,
910000024954,False,none,-1,
910000024955,True,L1,94,910000014634
910000024956,False,none,-1,
910000024957,False,none,-1,
910000024958,False,none,-1,
910000024959,False,none,-1,
910000024960,False,none,-1,
910000024961,False,none,-1,
910000024962,False,none,-1,
910000024963,False,none,-1,
910000024964,False,none,-1,
910000024965,False,none,-1,
910000024966,False,none,-1,
910000024967,False,none,-1,
910000024968,False,none,-1,
910000024969,False,none,-1,
910000024970,False,none,-1,
910000024971,False,none,-1,
910000024972,False,none,-1,
910000024973,False,none,-1,
910000024974,False,none,-1,
910000024975,False,none,-1,
910000024976,False,none,-1,
910000024977,False,none,-1,
910000024978,False,none,-1,
910000024979,False,none,-1,
910000024980,False,none,-1,
910000024981,False,none,-1,
910000024982,False,none,-1,
910000024983,False,none,-1,
910000024984,False,none,-1,
910000024985,False,none,-1,
910000024986,False,none,-1,
910000024987,False,none,-1,
910000024988,False,none,-1,
910000024989,True,L3,97,910000017134
910000024990,False,none,-1,
910000024991,False,none,-1,
910000024992,False,none,-1,
910000024993,False,none,-1,
910000024994,False,none,-1,
910000024995,False,none,-1,
910000024996,False,none,-1,
910000024997,False,none,-1,
910000024998,False,none,-1,
910000024999,False,none,-1,
910000025000,False,none,-1,
